IDlist	GLOSS	VALUE	FORM	NOTES	LOAN	LOAN_SOURCE	DOCULECT	SOURCE																																																								
3	padre, papá	tata					tlah11	oxnard2020																																																								
3	padre, papá	tájtě					pied12	oxnard2020																																																								
3	padre, papá	táta					flor12	oxnard2020																																																								
3	padre, papá	tatá					mont12	oxnard2020																																																								
3	padre, papá	tatà 					mixt11	oxnard2020																																																								
5	hijo/hija	se'è					tlah11	oxnard2020																																																								
5	hijo/hija	sè'e					pied12	oxnard2020																																																								
5	hijo/hija	se'é					flor12	oxnard2020																																																								
5	hijo/hija	jàya 					mont12	oxnard2020																																																								
5	hijo/hija	sè'e					mixt11	oxnard2020																																																								
8	hermana/hermano de otro genero	kuva					tlah11	oxnard2020																																																								
8	hermana/hermano de otro genero	kò'va					pied12	oxnard2020																																																								
8	hermana/hermano de otro genero	kò'vì					flor12	oxnard2020																																																								
8	hermana/hermano de otro genero	kìva					mont12	oxnard2020																																																								
9	hermano de hombre	yani					tlah11	oxnard2020																																																								
9	hermano de hombre	ñañî					pied12	oxnard2020																																																								
9	hermano de hombre	ñanì					flor12	oxnard2020																																																								
9	hermano de hombre	ñanì					mont12	oxnard2020																																																								
9	hermano de hombre	ñanì					mixt11	oxnard2020																																																								
10	hermana de mujer	ku'vì					tlah11	oxnard2020																																																								
10	hermana de mujer	ku'ù					pied12	oxnard2020																																																								
10	hermana de mujer	ku'ì					flor12	oxnard2020																																																								
10	hermana de mujer	kìvì					mont12	oxnard2020																																																								
11	tía	xixi					tlah11	oxnard2020																																																								
11	tía	xixi					pied12	oxnard2020																																																								
11	tía	xíxi					flor12	oxnard2020																																																								
12	tío	xito					tlah11	oxnard2020																																																								
12	tío	xito					pied12	oxnard2020																																																								
12	tío	xito					flor12	oxnard2020																																																								
12	tío	xitò					mont12	oxnard2020																																																								
13	hombre	tàa					tlah11	oxnard2020																																																								
13	hombre	tsiàja 					pied12	oxnard2020																																																								
13	hombre	tsiàja					flor12	oxnard2020																																																								
13	hombre	tyàa					mont12	oxnard2020																																																								
13	hombre	chàa					mixt11	oxnard2020																																																								
14	mujer	sí'i					tlah11	oxnard2020																																																								
14	mujer	si'i					flor12	oxnard2020																																																								
14	mujer	ñá'a					tlah11	oxnard2020																																																								
15	dueño	xto'o					tlah11	oxnard2020																																																								
15	dueño	xìto'ô					pied12	oxnard2020																																																								
15	dueño	nà xi'ìn ña'à	nà-xi'ìn-ña'à	thing-?-thing			flor12	oxnard2020																																																								
15	dueño	sìtoò	sì-toò				mont12	oxnard2020																																																								
15	dueño	sto'o	s-to'o				mixt11	oxnard2020																																																								
16	sacerdote	sùtu					tlah11	oxnard2020																																																								
16	sacerdote	sujtù					pied12	oxnard2020																																																								
16	sacerdote	sùjtù					flor12	oxnard2020																																																								
16	sacerdote	jùtì					mont12	oxnard2020																																																								
16	sacerdote	sùtù					mixt11	oxnard2020																																																								
17	sangre	nìín					tlah11	oxnard2020																																																								
17	sangre	nìjǐ					pied12	oxnard2020																																																								
17	sangre	nìjǐ					flor12	oxnard2020																																																								
17	sangre	nììn					mont12	oxnard2020																																																								
17	sangre	nìín					mixt11	oxnard2020																																																								
18	hueso	leké					tlah11	oxnard2020																																																								
18	hueso	ìkin					pied12	oxnard2020																																																								
18	hueso	ikǐ					flor12	oxnard2020																																																								
18	hueso	lasa					mont12	oxnard2020																																																								
18	hueso	íkí ché'é	íkí-ché'é				mixt11	oxnard2020																																																								
19	pelo	ixin					tlah11	oxnard2020																																																								
19	pelo	ixǐ					pied12	oxnard2020																																																								
19	pelo	ijxǐ					flor12	oxnard2020																																																								
19	pelo	ixì					mont12	oxnard2020																																																								
19	pelo	ixî					mixt11	oxnard2020																																																								
20	cara	nùú					tlah11	oxnard2020																																																								
20	cara	nùjǔ					pied12	oxnard2020																																																								
20	cara	nùjǔn					flor12	oxnard2020																																																								
20	cara	nòò					mont12	oxnard2020																																																								
20	cara	nùún					mixt11	oxnard2020																																																								
21	lengua	yáǎ					tlah11	oxnard2020																																																								
21	lengua	yajǎ					pied12	oxnard2020																																																								
21	lengua	yajǎ					flor12	oxnard2020																																																								
22	diente	ñù'un					tlah11	oxnard2020																																																								
22	diente	nù'u					pied12	oxnard2020																																																								
22	diente	nù'un					flor12	oxnard2020																																																								
22	diente	nò'on					mont12	oxnard2020																																																								
22	diente	nù'un					mixt11	oxnard2020																																																								
23	boca	yu'ú					tlah11	oxnard2020																																																								
23	boca	yu'ǔ					pied12	oxnard2020																																																								
23	boca	yu'ǔ					flor12	oxnard2020																																																								
23	boca	yu'ù					mont12	oxnard2020																																																								
23	boca	yu'ú					mixt11	oxnard2020																																																								
24	oreja	sò'o					tlah11	oxnard2020																																																								
24	oreja	sò'o					pied12	oxnard2020																																																								
24	oreja	sò'o					flor12	oxnard2020																																																								
24	oreja	jò'o					mont12	oxnard2020																																																								
24	oreja	só'o					mixt11	oxnard2020																																																								
25	nariz	xìtín					tlah11	oxnard2020																																																								
25	nariz	xitsǐn					pied12	oxnard2020																																																								
25	nariz	xijtsǐn					flor12	oxnard2020																																																								
25	nariz	xìtì					mont12	oxnard2020																																																								
25	nariz	xìchǐ					mixt11	oxnard2020																																																								
26	cuello 	sùkú					tlah11	oxnard2020																																																								
26	cuello 	sokǔn					pied12	oxnard2020																																																								
26	cuello 	sojkǔn					flor12	oxnard2020																																																								
26	cuello 	jìkò					mont12	oxnard2020																																																								
26	cuello 	sùkǔ					mixt11	oxnard2020																																																								
27	mano	nda'á					tlah11	oxnard2020																																																								
27	mano	nta'ǎ					pied12	oxnard2020																																																								
27	mano	nta'ǎ					flor12	oxnard2020																																																								
27	mano	ndaà					mont12	oxnard2020																																																								
27	mano	nda'á					mixt11	oxnard2020																																																								
28	uña	chiǐ					tlah11	oxnard2020																																																								
28	uña	chíjǐn					pied12	oxnard2020																																																								
28	uña	chíjǐn					flor12	oxnard2020																																																								
28	uña	chiín					mont12	oxnard2020																																																								
28	uña	chîín					mixt11	oxnard2020																																																								
29	espalda	sàtá					tlah11	oxnard2020																																																								
29	espalda	sàjtǎ					pied12	oxnard2020																																																								
29	espalda	sàtǎ					flor12	oxnard2020																																																								
29	espalda	sàtà					mont12	oxnard2020																																																								
29	espalda	sàta					mixt11	oxnard2020																																																								
30	estómago	tìxin					tlah11	oxnard2020																																																								
30	estómago	nchìxìn					pied12	oxnard2020																																																								
30	estómago	xìtsivà					flor12	oxnard2020																																																								
30	estómago	tìsi					mont12	oxnard2020																																																								
31	tripa	siti					tlah11	oxnard2020																																																								
31	tripa	xitsîn					pied12	oxnard2020																																																								
31	tripa	xitsi					flor12	oxnard2020																																																								
31	tripa	sutì					mont12	oxnard2020																																																								
31	tripa	tsitì					mixt11	oxnard2020																																																								
32	pie	xa'á					tlah11	oxnard2020																																																								
32	pie	xà'ǎ					pied12	oxnard2020																																																								
32	pie	xa'ǎ					flor12	oxnard2020																																																								
32	pie	sà'à					mont12	oxnard2020																																																								
32	pie	tsa'á					mixt11	oxnard2020																																																								
33	enfermedad	kuè'è					tlah11	oxnard2020																																																								
33	enfermedad	kuè'è					pied12	oxnard2020																																																								
33	enfermedad	kuè'è					flor12	oxnard2020																																																								
33	enfermedad	kuè'è					mont12	oxnard2020																																																								
33	enfermedad	kwè'è					mixt11	oxnard2020																																																								
34	medicina	tàtán					tlah11	oxnard2020																																																								
34	medicina	tàjtǎn					pied12	oxnard2020																																																								
34	medicina	tàjtǎn					flor12	oxnard2020																																																								
35	hinchazón	kwiñu					tlah11	oxnard2020																																																								
35	hinchazón	kuiñu					pied12	oxnard2020																																																								
35	hinchazón	kuiñu					flor12	oxnard2020																																																								
35	hinchazón	kuiñu					mont12	oxnard2020																																																								
35	hinchazón	kwiñu					mixt11	oxnard2020																																																								
36	grano 	ndì'i					tlah11	oxnard2020																																																								
36	grano 	ntsì'i					pied12	oxnard2020																																																								
36	grano 	ntsi'í					flor12	oxnard2020																																																								
36	grano 	ndì'i					mont12	oxnard2020																																																								
36	grano 	ndì'in					mixt11	oxnard2020																																																								
37	pus	lakwá					tlah11	oxnard2020																																																								
37	pus	ntajkuà					pied12	oxnard2020																																																								
37	pus	ndajkua					flor12	oxnard2020																																																								
37	pus	ndakuà					mont12	oxnard2020																																																								
37	pus	ndakwà					mixt11	oxnard2020																																																								
38	orina	láxa					tlah11	oxnard2020																																																								
38	orina	lǎxa					pied12	oxnard2020																																																								
38	orina	láxa					flor12	oxnard2020																																																								
38	orina	tìlàlá	tì-làlá	liquid-?			mont12	oxnard2020																																																								
38	orina	nché xàxà	nché-xàxà				mixt11	oxnard2020																																																								
39	ropa	samá					tlah11	oxnard2020																																																								
39	ropa	tsiǎà					pied12	oxnard2020																																																								
39	ropa	tsiǎà					flor12	oxnard2020																																																								
39	ropa	jàmà					mont12	oxnard2020																																																								
39	ropa	sa'mǎ					mixt11	oxnard2020																																																								
40	huarache	ndìxán					tlah11	oxnard2020																																																								
40	huarache	nchìxǎn 					pied12	oxnard2020																																																								
40	huarache	ntsìxǎn					flor12	oxnard2020																																																								
40	huarache	ndìsà					mont12	oxnard2020																																																								
40	huarache	ntsìtsǎ					mixt11	oxnard2020																																																								
41	pantalón	xatu					tlah11	oxnard2020																																																								
41	pantalón	xajtû					pied12	oxnard2020																																																								
41	pantalón	xajtû					flor12	oxnard2020																																																								
41	pantalón	satì					mont12	oxnard2020																																																								
41	pantalón	tsatù					mixt11	oxnard2020																																																								
42	huipil	sa'má ndá'vi	sa'má-ndá'vi	cloth-poor			tlah11	oxnard2020																																																								
42	huipil	sa'mǎ kwitsì	sa'mǎ-kwitsì	cloth-?			mixt11	oxnard2020																																																								
43	pueblo	ñuun					tlah11	oxnard2020																																																								
43	pueblo	ñuù					pied12	oxnard2020																																																								
43	pueblo	ñuù					flor12	oxnard2020																																																								
43	pueblo	ñoò					mont12	oxnard2020																																																								
43	pueblo	ñǔun					mixt11	oxnard2020																																																								
44	casa	ve'e					tlah11	oxnard2020																																																								
44	casa	ve'e					pied12	oxnard2020																																																								
44	casa	ve'e					flor12	oxnard2020																																																								
44	casa	ve'e					mont12	oxnard2020																																																								
44	casa	ve'e					mixt11	oxnard2020																																																								
45	camino	ichí					tlah11	oxnard2020																																																								
45	camino	ichǐ					pied12	oxnard2020																																																								
45	camino	ichǐ					flor12	oxnard2020																																																								
45	camino	ichì					mont12	oxnard2020																																																								
45	camino	ichǐ					mixt11	oxnard2020																																																								
46	horcón	si'ìn					tlah11	oxnard2020																																																								
46	horcón	sì'ìn					pied12	oxnard2020																																																								
46	horcón	si'ìn					flor12	oxnard2020																																																								
46	horcón	tìjìn					mont12	oxnard2020																																																								
47	petate	yuví					tlah11	oxnard2020																																																								
47	petate	yivǐ					pied12	oxnard2020																																																								
47	petate	yijvǐ					flor12	oxnard2020																																																								
47	petate	yivì					mont12	oxnard2020																																																								
47	petate	yuvǐ					mixt11	oxnard2020																																																								
48	cama	xìto					tlah11	oxnard2020																																																								
48	cama	xìto					pied12	oxnard2020																																																								
48	cama	xìjto					flor12	oxnard2020																																																								
48	cama	sìto					mont12	oxnard2020																																																								
48	cama	tsìto					mixt11	oxnard2020																																																								
49	silla	taì					tlah11	oxnard2020																																																								
49	silla	tsiáyi					pied12	oxnard2020																																																								
49	silla	tsiayì					flor12	oxnard2020																																																								
49	silla	tyáyì					mont12	oxnard2020																																																								
49	silla	chei					mixt11	oxnard2020																																																								
50	animal	kití					tlah11	oxnard2020																																																								
50	animal	kitsǐ					pied12	oxnard2020																																																								
50	animal	kijtsǐ					flor12	oxnard2020																																																								
50	animal	kitì					mont12	oxnard2020																																																								
50	animal	kitǐ					mixt11	oxnard2020																																																								
51	pájaro	sàà					tlah11	oxnard2020																																																								
51	pájaro	saà					pied12	oxnard2020																																																								
51	pájaro	saà					flor12	oxnard2020																																																								
51	pájaro	laà					mont12	oxnard2020																																																								
51	pájaro	saà					mixt11	oxnard2020																																																								
52	pescado	tyàká					tlah11	oxnard2020																																																								
52	pescado	tsiàká					pied12	oxnard2020																																																								
52	pescado	tsiàká					flor12	oxnard2020																																																								
52	pescado	tiyàká	ti-yàká	animal-fish			mont12	oxnard2020																																																								
52	pescado	chakǎ					mixt11	oxnard2020																																																								
53	culebra	kòó					tlah11	oxnard2020																																																								
53	culebra	kòjǒ					pied12	oxnard2020																																																								
53	culebra	kòjǒ					flor12	oxnard2020																																																								
53	culebra	kòò					mont12	oxnard2020																																																								
53	culebra	kòó					mixt11	oxnard2020																																																								
54	rana	lá'và					tlah11	oxnard2020																																																								
54	rana	sá'và					pied12	oxnard2020																																																								
54	rana	sá'và					flor12	oxnard2020																																																								
54	rana	lavà					mont12	oxnard2020																																																								
54	rana	sa'và					mixt11	oxnard2020																																																								
55	gavilán	xí'ña					tlah11	oxnard2020																																																								
55	gavilán	xi'ña					pied12	oxnard2020																																																								
55	gavilán	xí'ña					flor12	oxnard2020																																																								
55	gavilán	ndixíñá	ndi-xíñá				mont12	oxnard2020																																																								
55	gavilán	xí'an					mixt11	oxnard2020																																																								
56	alacrán	tísò'ma	tí-sò'ma	animal-tail			tlah11	oxnard2020																																																								
56	alacrán	tsìso'mà	tsì-so'mà	animal-tail			pied12	oxnard2020																																																								
56	alacrán	so'mà					flor12	oxnard2020																																																								
56	alacrán	tìjimà	tì-jimà	animal-tail			mont12	oxnard2020																																																								
56	alacrán	tìsu'mà	tì-su'mà	animal-tail			mixt11	oxnard2020																																																								
57	cucaracha	tìtè'é	tì-tè'é	animal-			tlah11	oxnard2020																																																								
57	cucaracha	tsìtsie'é	tsì-tsie'é	animal-			pied12	oxnard2020																																																								
57	cucaracha	tsìtse'é	tsì-tse'é	animal-			flor12	oxnard2020																																																								
57	cucaracha	ndiché'é	ndi-ché'é				mixt11	oxnard2020																																																								
58	chapulín	tìka					tlah11	oxnard2020																																																								
58	chapulín	tsikâ					pied12	oxnard2020																																																								
58	chapulín	tsikâ					flor12	oxnard2020																																																								
58	chapulín	ndìtíì	ndì-tíì				mont12	oxnard2020																																																								
58	chapulín	tìká					mixt11	oxnard2020																																																								
59	abeja	ñùñú					tlah11	oxnard2020																																																								
59	abeja	ñùñǔ					pied12	oxnard2020																																																								
59	abeja	ñùjñǔ					flor12	oxnard2020																																																								
59	abeja	tíñoñò	tí-ñoñò	animal-honey			mont12	oxnard2020																																																								
59	abeja	ñùñǔ					mixt11	oxnard2020																																																								
60	ratón	ti'ín					tlah11	oxnard2020																																																								
60	ratón	tsìín					pied12	oxnard2020																																																								
60	ratón	tsìín					flor12	oxnard2020																																																								
60	ratón	titìín	ti-tìín				mont12	oxnard2020																																																								
60	ratón	tǐ'in					mixt11	oxnard2020																																																								
61	venado	isu					tlah11	oxnard2020																																																								
61	venado	usû					pied12	oxnard2020																																																								
61	venado	usû					flor12	oxnard2020																																																								
61	venado	sìkuaà					mont12	oxnard2020																																																								
61	venado	isù					mixt11	oxnard2020																																																								
62	ardilla	ndigwáñu	ndi-gwáñu				tlah11	oxnard2020																																																								
62	ardilla	tsìkuáñu	tsì-kuáñu				pied12	oxnard2020																																																								
62	ardilla	ntsìkuáñu	ntsì-kuáñu				flor12	oxnard2020																																																								
62	ardilla	ndikuání	ndi-kuání				mont12	oxnard2020																																																								
62	ardilla	ndikwáín	ndi-kwáín				mixt11	oxnard2020																																																								
63	zorrillo	lílú					tlah11	oxnard2020																																																								
63	zorrillo	léló					pied12	oxnard2020																																																								
63	zorrillo	léló					flor12	oxnard2020																																																								
63	zorrillo	tinìín	ti-nìín				mont12	oxnard2020																																																								
63	zorrillo	tí'inità	tí'in-ità	not sure about segmentation			mixt11	oxnard2020																																																								
63	zorrillo	lírrú ka'a ye'è					tlah11	oxnard2020																																																								
63	zorrillo	kòjo yuù					mont12	oxnard2020																																																								
64	tlacuache	xàko					tlah11	oxnard2020																																																								
64	tlacuache	xàko					pied12	oxnard2020																																																								
64	tlacuache	xàjkó					flor12	oxnard2020																																																								
64	tlacuache	sákua					mont12	oxnard2020																																																								
64	tlacuache	tsóko					mixt11	oxnard2020																																																								
65	mapache	íin 					tlah11	oxnard2020																																																								
65	mapache	má'a					pied12	oxnard2020																																																								
65	mapache	má'à					flor12	oxnard2020																																																								
65	mapache	maa					mont12	oxnard2020																																																								
66	conejo	leso					tlah11	oxnard2020																																																								
66	conejo	leso					pied12	oxnard2020																																																								
66	conejo	lèso					flor12	oxnard2020																																																								
66	conejo	isò					mont12	oxnard2020																																																								
66	conejo	lésú					mixt11	oxnard2020																																																								
67	zopilote	pe'lo					tlah11	oxnard2020																																																								
67	zopilote	tsìkǒxìjǐ	tsì-kǒxìjǐ				pied12	oxnard2020																																																								
67	zopilote	tsìkòxìjǐ	tsì-kòxìjǐ				flor12	oxnard2020																																																								
67	zopilote	tì kàká	tì-kàká				mont12	oxnard2020																																																								
67	zopilote	lóchí					mixt11	oxnard2020																																																								
68	perro	tìna					tlah11	oxnard2020																																																								
68	perro	tsìnâ					pied12	oxnard2020																																																								
68	perro	tsǐnâ					flor12	oxnard2020																																																								
68	perro	tìna					mont12	oxnard2020																																																								
68	perro	tǐnà					mixt11	oxnard2020																																																								
69	gato	chítu					tlah11	oxnard2020																																																								
69	gato	chújtu					pied12	oxnard2020																																																								
69	gato	chútu					flor12	oxnard2020																																																								
69	gato	chitó					mont12	oxnard2020																																																								
69	gato	vílú					mixt11	oxnard2020																																																								
69	gato	vilú					tlah11	oxnard2020																																																								
69	gato	{micho}	micho	from Sp.	yes	Colonial Spanish	mont12	oxnard2020																																																								
70	gallo	chéle					tlah11	oxnard2020																																																								
70	gallo	chéle					pied12	oxnard2020																																																								
70	gallo	chéle					flor12	oxnard2020																																																								
70	gallo	chéle					mont12	oxnard2020																																																								
70	gallo	tó'lo					mixt11	oxnard2020																																																								
71	gallina	ndyuxí					tlah11	oxnard2020																																																								
71	gallina	nchuxí					pied12	oxnard2020																																																								
71	gallina	nchuxi					flor12	oxnard2020																																																								
71	gallina	chùún					mixt11	oxnard2020																																																								
72	cerdo	kìnì					tlah11	oxnard2020																																																								
72	cerdo	kinì					pied12	oxnard2020																																																								
72	cerdo	kinì					flor12	oxnard2020																																																								
72	cerdo	ndìkochí	ndì-kochí		partial	Colonial Spanish	mont12	oxnard2020																																																								
72	cerdo	kinì					mixt11	oxnard2020																																																								
73	caballo	kwayì			yes	Colonial Spanish	tlah11	oxnard2020																																																								
73	caballo	{kuayì}	kuayì		yes	Colonial Spanish	pied12	oxnard2020																																																								
73	caballo	kuayì			yes	Colonial Spanish	flor12	oxnard2020																																																								
73	caballo	kuáyì			yes	Colonial Spanish	mont12	oxnard2020																																																								
73	caballo	kwa.ìì			yes	Colonial Spanish	mixt11	oxnard2020																																																								
74	borrego	levo					tlah11	oxnard2020																																																								
74	borrego	lanchi					pied12	oxnard2020																																																								
74	borrego	lanchi					flor12	oxnard2020																																																								
74	borrego	lévo					mont12	oxnard2020																																																								
74	borrego	ndikachi	ndi-kachi				mixt11	oxnard2020																																																								
75	hormiga	tyòkó					tlah11	oxnard2020																																																								
75	hormiga	tsiòkó					pied12	oxnard2020																																																								
75	hormiga	tsiòkó					flor12	oxnard2020																																																								
75	hormiga	tìkù kuaá	tìkù	kuaá ‘red', probably a specific type of ant			mont12	oxnard2020																																																								
75	hormiga	chokǒ					mixt11	oxnard2020																																																								
76	cuerno	ndikí					tlah11	oxnard2020																																																								
76	cuerno	ntsikǐn					pied12	oxnard2020																																																								
76	cuerno	ntsikǐ					flor12	oxnard2020																																																								
76	cuerno	ndikì					mont12	oxnard2020																																																								
76	cuerno	ndikǐ					mixt11	oxnard2020																																																								
77	pluma	tùmi					tlah11	oxnard2020																																																								
77	pluma	tǒmî					pied12	oxnard2020																																																								
77	pluma	tǒmî					flor12	oxnard2020																																																								
77	pluma	tòmi					mont12	oxnard2020																																																								
77	pluma	tùmì					mixt11	oxnard2020																																																								
78	ala	ndìxin					tlah11	oxnard2020																																																								
78	ala	nchìxǐn					pied12	oxnard2020																																																								
78	ala	nchìxǐn					flor12	oxnard2020																																																								
78	ala	ndìsì					mont12	oxnard2020																																																								
78	ala	ntsìtsǐ					mixt11	oxnard2020																																																								
79	cola	ndo'ó					tlah11	oxnard2020																																																								
79	cola	nto'ǒ					pied12	oxnard2020																																																								
79	cola	nto'ǒ					flor12	oxnard2020																																																								
79	cola	ndo'ò					mont12	oxnard2020																																																								
79	cola	ndo'ó					mixt11	oxnard2020																																																								
80	árbol	itú					tlah11	oxnard2020																																																								
80	árbol	ijtǔ					pied12	oxnard2020																																																								
80	árbol	ijtǔn					flor12	oxnard2020																																																								
81	hierba	yùkù					tlah11	oxnard2020																																																								
81	hierba	yùjkù					pied12	oxnard2020																																																								
81	hierba	yùjkù					flor12	oxnard2020																																																								
81	hierba	yùkù					mont12	oxnard2020																																																								
81	hierba	yùkù					mixt11	oxnard2020																																																								
82	zacate, pasto	ità					tlah11	oxnard2020																																																								
82	zacate, pasto	ijtsiâ					pied12	oxnard2020																																																								
82	zacate, pasto	ijtsià					flor12	oxnard2020																																																								
82	zacate, pasto	ityà					mont12	oxnard2020																																																								
82	zacate, pasto	ichà					mixt11	oxnard2020																																																								
83	flor	ita					tlah11	oxnard2020																																																								
83	flor	ijtâ					pied12	oxnard2020																																																								
83	flor	ita					flor12	oxnard2020																																																								
83	flor	ítà					mont12	oxnard2020																																																								
83	flor	ità					mixt11	oxnard2020																																																								
84	maguey	yaví					tlah11	oxnard2020																																																								
84	maguey	yavǐ					pied12	oxnard2020																																																								
84	maguey	yajvǐ					flor12	oxnard2020																																																								
84	maguey	yavì					mont12	oxnard2020																																																								
84	maguey	yávi					mixt11	oxnard2020																																																								
84	maguey	viìntyà víxin	vi'ìntyà-víxin	nopal sweet			tlah11	oxnard2020																																																								
84	maguey	tsìkǔxin	tsì-kǔxin				pied12	oxnard2020																																																								
84	maguey	yàjvǐ					flor12	oxnard2020																																																								
85	raíz	tyò'o					tlah11	oxnard2020																																																								
85	raíz	tsiò'o					pied12	oxnard2020																																																								
85	raíz	tsiò'o					flor12	oxnard2020																																																								
85	raíz	yò'ò					mont12	oxnard2020																																																								
85	raíz	yo'ó					mixt11	oxnard2020																																																								
86	espina, araña	iñú					tlah11	oxnard2020																																																								
86	espina, araña	ijñǔ					pied12	oxnard2020																																																								
86	espina, araña	ijñǔ					flor12	oxnard2020																																																								
86	espina, araña	iñò					mont12	oxnard2020																																																								
86	espina, araña	iñǔ					mixt11	oxnard2020																																																								
87	maíz	nùní					tlah11	oxnard2020																																																								
87	maíz	nùnǐ					pied12	oxnard2020																																																								
87	maíz	nùjnǐ					flor12	oxnard2020																																																								
87	maíz	nònì					mont12	oxnard2020																																																								
87	maíz	nùnǐ					mixt11	oxnard2020																																																								
88	milpa	itu					tlah11	oxnard2020																																																								
88	milpa	utû					pied12	oxnard2020																																																								
88	milpa	ujtû					flor12	oxnard2020																																																								
88	milpa	itì					mont12	oxnard2020																																																								
88	milpa	itù					mixt11	oxnard2020																																																								
89	elote (no crudo, para comer)	ndixín					tlah11	oxnard2020																																																								
89	elote (no crudo, para comer)	nchixǐ					pied12	oxnard2020																																																								
89	elote (no crudo, para comer)	nchìxǐ					flor12	oxnard2020																																																								
89	elote (no crudo, para comer)	ndixì					mont12	oxnard2020																																																								
89	elote (no crudo, para comer)	ndixî					mixt11	oxnard2020																																																								
90	nixtamal	xá'a					tlah11	oxnard2020																																																								
90	nixtamal	xá'a					pied12	oxnard2020																																																								
90	nixtamal	xá'a					flor12	oxnard2020																																																								
90	nixtamal	tsa'á					mixt11	oxnard2020																																																								
91	masa	yùxán					tlah11	oxnard2020																																																								
91	masa	ixǎn					pied12	oxnard2020																																																								
91	masa	ixǎn					flor12	oxnard2020																																																								
91	masa	yusà					mont12	oxnard2020																																																								
91	masa	yútsa					mixt11	oxnard2020																																																								
92	tortilla	xìtá					tlah11	oxnard2020																																																								
92	tortilla	xìtǎ					pied12	oxnard2020																																																								
92	tortilla	xìtǎ					flor12	oxnard2020																																																								
92	tortilla	xìtà					mont12	oxnard2020																																																								
92	tortilla	stàá					mixt11	oxnard2020																																																								
93	rastrojo	xe'è nùú ñu'ú					tlah11	oxnard2020																																																								
93	rastrojo	xè'è					pied12	oxnard2020																																																								
93	rastrojo	xè'è mii					flor12	oxnard2020																																																								
93	rastrojo	ñàmà					mont12	oxnard2020																																																								
93	rastrojo	tiàmá					mixt11	oxnard2020																																																								
94	surco	chìchi					tlah11	oxnard2020																																																								
94	surco	í'tsin					pied12	oxnard2020																																																								
94	surco	chìchi					flor12	oxnard2020																																																								
94	surco	chìchi					mont12	oxnard2020																																																								
94	surco	chìchi					mixt11	oxnard2020																																																								
94	surco	yikò					mont12	oxnard2020																																																								
95	espiga de milpa	yokó itu	yokó				tlah11	oxnard2020																																																								
95	espiga de milpa	yojkǒ					pied12	oxnard2020																																																								
95	espiga de milpa	yojkǒ					flor12	oxnard2020																																																								
96	frijol	nduchí					tlah11	oxnard2020																																																								
96	frijol	ntuchǐ					pied12	oxnard2020																																																								
96	frijol	ntujchǐ					flor12	oxnard2020																																																								
96	frijol	nduchì					mont12	oxnard2020																																																								
96	frijol	nduchǐ					mixt11	oxnard2020																																																								
97	ejote	ndìchi					tlah11	oxnard2020																																																								
97	ejote	nchìchî					pied12	oxnard2020																																																								
97	ejote	nchǐchî					flor12	oxnard2020																																																								
97	ejote	ndìchi					mont12	oxnard2020																																																								
97	ejote	nchichî					mixt11	oxnard2020																																																								
98	chile	ya'á					tlah11	oxnard2020																																																								
98	chile	ya'ǎ					pied12	oxnard2020																																																								
98	chile	ya'ǎ					flor12	oxnard2020																																																								
98	chile	yá'à					mont12	oxnard2020																																																								
98	chile	ya'á					mixt11	oxnard2020																																																								
99	sal	ìín					tlah11	oxnard2020																																																								
99	sal	ìjǐn					pied12	oxnard2020																																																								
99	sal	ììn					flor12	oxnard2020																																																								
99	sal	nìì					mont12	oxnard2020																																																								
99	sal	ìǐn					mixt11	oxnard2020																																																								
100	calabaza	ikín					tlah11	oxnard2020																																																								
100	calabaza	ikǐn					pied12	oxnard2020																																																								
100	calabaza	ijkǐn					flor12	oxnard2020																																																								
100	calabaza	yikì					mont12	oxnard2020																																																								
100	calabaza	íki					mixt11	oxnard2020																																																								
100	calabaza	ikín					tlah11	oxnard2020																																																								
100	calabaza	kiá'mǐ					pied12	oxnard2020																																																								
100	calabaza	ikǐn					flor12	oxnard2020																																																								
100	calabaza	yikì					mont12	oxnard2020																																																								
100	calabaza	ikǐ					mixt11	oxnard2020																																																								
101	chayote	nañá					tlah11	oxnard2020																																																								
101	chayote	nañǎ					pied12	oxnard2020																																																								
101	chayote	najñǎ					flor12	oxnard2020																																																								
101	chayote	tináñà	ti-náñà				mont12	oxnard2020																																																								
101	chayote	nañǎ					mixt11	oxnard2020																																																								
102	caña	ndòó					tlah11	oxnard2020																																																								
102	caña	ntòjǒ					pied12	oxnard2020																																																								
102	caña	ntojǒ					flor12	oxnard2020																																																								
102	caña	ndòò					mont12	oxnard2020																																																								
102	caña	ndòó					mixt11	oxnard2020																																																								
103	miel	ñùñú					tlah11	oxnard2020																																																								
103	miel	ntǔxi					pied12	oxnard2020																																																								
103	miel	ntǔxi					flor12	oxnard2020																																																								
103	miel	ñoñò					mont12	oxnard2020																																																								
103	miel	ndǔxì					mixt11	oxnard2020																																																								
104	manteca	xà'an					tlah11	oxnard2020																																																								
104	manteca	xǎ'ân					pied12	oxnard2020																																																								
104	manteca	xǎ'ân					flor12	oxnard2020																																																								
104	manteca	xà'án					mont12	oxnard2020																																																								
104	manteca	xǎ'àn					mixt11	oxnard2020																																																								
105	huevo	ndìví					tlah11	oxnard2020																																																								
105	huevo	ntsìvǐ					pied12	oxnard2020																																																								
105	huevo	ntsìjvǐ					flor12	oxnard2020																																																								
105	huevo	ndìvì					mont12	oxnard2020																																																								
105	huevo	ndìvǐ					mixt11	oxnard2020																																																								
106	tomate	tnàná	t-nàná				tlah11	oxnard2020																																																								
106	tomate	tsìnanǎ	tsì-nanǎ				pied12	oxnard2020																																																								
106	tomate	tsìnanǎ	tsì-nanǎ				flor12	oxnard2020																																																								
106	tomate	tìnanà	tì-nanà				mont12	oxnard2020																																																								
106	tomate	tinǎna	ti-nǎna				mixt11	oxnard2020																																																								
107	camote	ndya'mí					tlah11	oxnard2020																																																								
107	camote	ña'mǐ					pied12	oxnard2020																																																								
107	camote	ña'mì					flor12	oxnard2020																																																								
107	camote	ñamìì					mont12	oxnard2020																																																								
107	camote	ña'mǐ					mixt11	oxnard2020																																																								
108	aguacate	tìchi					tlah11	oxnard2020																																																								
108	aguacate	chìjchí					pied12	oxnard2020																																																								
108	aguacate	chìjchí					flor12	oxnard2020																																																								
108	aguacate	tìchí					mont12	oxnard2020																																																								
108	aguacate	tǐchi					mixt11	oxnard2020																																																								
109	plátano	ndiká					tlah11	oxnard2020																																																								
109	plátano	ntsijkǎ					pied12	oxnard2020																																																								
109	plátano	ntsijkǎ					flor12	oxnard2020																																																								
109	plátano	ndikà					mont12	oxnard2020																																																								
109	plátano	nchikǎ					mixt11	oxnard2020																																																								
110	nopal	vì'tá					tlah11	oxnard2020																																																								
110	nopal	vi'ntsiǎ					pied12	oxnard2020																																																								
110	nopal	vi'ntsiǎ					flor12	oxnard2020																																																								
110	nopal	mindyà					mont12	oxnard2020																																																								
110	nopal	mì'nchǎ					mixt11	oxnard2020																																																								
111	mamey	ndiká kwá'a		banana red			tlah11	oxnard2020																																																								
111	mamey	ntsiká kuá'a		banana red			pied12	oxnard2020																																																								
111	mamey	ntsiká kuá'a		banana red			flor12	oxnard2020																																																								
111	mamey	ndokò kuaá		zapote? red			mont12	oxnard2020																																																								
111	zapote	ndokó					tlah11	oxnard2020																																																								
111	zapote	ntòkǒ					pied12	oxnard2020																																																								
111	zapote	ntsìká kuá'a		banana red			flor12	oxnard2020																																																								
111	zapote	ndokò					mont12	oxnard2020																																																								
112	chirimoya	ndokó tyá'tàn		zapote ?			tlah11	oxnard2020																																																								
112	chirimoya	ntokǒ					pied12	oxnard2020																																																								
112	chirimoya	ntojkǒ					flor12	oxnard2020																																																								
113	hongo	xì'í					tlah11	oxnard2020																																																								
113	hongo	xi'ǐ					pied12	oxnard2020																																																								
113	hongo	xi'ǐ					flor12	oxnard2020																																																								
113	hongo	sì'ì					mont12	oxnard2020																																																								
113	hongo	tsì'ǐ					mixt11	oxnard2020																																																								
114	carne	kùñu					tlah11	oxnard2020																																																								
114	carne	koñû					pied12	oxnard2020																																																								
114	carne	koñô					flor12	oxnard2020																																																								
114	carne	kòño					mont12	oxnard2020																																																								
114	carne	kǔñù					mixt11	oxnard2020																																																								
115	comal	xìyó					tlah11	oxnard2020																																																								
115	comal	xìyǒ					pied12	oxnard2020																																																								
115	comal	xìjyǒ					flor12	oxnard2020																																																								
115	comal	tsiòó					mixt11	oxnard2020																																																								
116	olla	kìsi					tlah11	oxnard2020																																																								
116	olla	kìsi					pied12	oxnard2020																																																								
116	olla	kìsi					flor12	oxnard2020																																																								
116	olla	kìji					mont12	oxnard2020																																																								
116	olla	kìsi					mixt11	oxnard2020																																																								
117	horno	xitùn					tlah11	oxnard2020																																																								
117	horno	xìtùn					pied12	oxnard2020																																																								
117	horno	sìtò					mont12	oxnard2020																																																								
117	horno	tsìtù					mixt11	oxnard2020																																																								
118	fuego, lumbre	ñu'ùn					tlah11	oxnard2020																																																								
118	fuego, lumbre	ñu'ù					pied12	oxnard2020																																																								
118	fuego, lumbre	ñu'ù					flor12	oxnard2020																																																								
118	fuego, lumbre	ñoò					mont12	oxnard2020																																																								
118	fuego, lumbre	ñu'ù					mixt11	oxnard2020																																																								
119	ceniza	yàá					tlah11	oxnard2020																																																								
119	ceniza	yàjǎ					pied12	oxnard2020																																																								
119	ceniza	yàjǎ					flor12	oxnard2020																																																								
119	ceniza	ya'à					mont12	oxnard2020																																																								
119	ceniza	yàá					mixt11	oxnard2020																																																								
120	carbón	tùún					tlah11	oxnard2020																																																								
120	carbón	tùún					pied12	oxnard2020																																																								
120	carbón	tòjǔn					flor12	oxnard2020																																																								
120	carbón	tò'òn					mont12	oxnard2020																																																								
120	carbón	tùǔn					mixt11	oxnard2020																																																								
120	carbón	tùún					tlah11	oxnard2020																																																								
120	carbón	tsìkàyì					pied12	oxnard2020																																																								
120	carbón	tùjun					flor12	oxnard2020																																																								
120	carbón	to'on					mont12	oxnard2020																																																								
121	humo	yu'mà					tlah11	oxnard2020																																																								
121	humo	i'màn					pied12	oxnard2020																																																								
121	humo	ì'mân					flor12	oxnard2020																																																								
121	humo	ñìmà					mont12	oxnard2020																																																								
121	humo	ñu'mà					mixt11	oxnard2020																																																								
122	basura	xe'è					tlah11	oxnard2020																																																								
122	basura	xè'è					pied12	oxnard2020																																																								
122	basura	xè'è					flor12	oxnard2020																																																								
122	basura	sè'è					mont12	oxnard2020																																																								
122	basura	mǐ'in 					mixt11	oxnard2020																																																								
124	jícara	yaxín te'é					tlah11	oxnard2020																																																								
124	jícara	yaxǐn tsié'é					pied12	oxnard2020																																																								
124	jícara	yaxǐn					flor12	oxnard2020																																																								
124	jícara	yasì					mont12	oxnard2020																																																								
124	jícara	yátsǐ					mixt11	oxnard2020																																																								
125	tenate	ndò'ó					tlah11	oxnard2020																																																								
125	tenate	ntò'ǒ					pied12	oxnard2020																																																								
125	tenate	ntò'ǒ					flor12	oxnard2020																																																								
125	tenate	ndò'ò					mont12	oxnard2020																																																								
125	tenate	ndoò tsítí					mixt11	oxnard2020																																																								
125	canasta	tòká					tlah11	oxnard2020																																																								
125	canasta	kanàsta		Sp. loan	yes	Spanish	pied12	oxnard2020																																																								
125	canasta	tìká					flor12	oxnard2020																																																								
127	hilo	yù'và					tlah11	oxnard2020																																																								
127	hilo	yi'và					pied12	oxnard2020																																																								
127	hilo	yi'và					flor12	oxnard2020																																																								
127	hilo	yìvà					mont12	oxnard2020																																																								
127	hilo	yù'à					mixt11	oxnard2020																																																								
128	peine	kwikà					tlah11	oxnard2020																																																								
128	peine	kuijkà					pied12	oxnard2020																																																								
128	peine	kuikà					flor12	oxnard2020																																																								
128	peine	kuìkà					mont12	oxnard2020																																																								
128	peine	kwìkà					mixt11	oxnard2020																																																								
129	mecate	yo'ó					tlah11	oxnard2020																																																								
129	mecate	yo'ǒ					pied12	oxnard2020																																																								
129	mecate	yo'ǒ					flor12	oxnard2020																																																								
129	mecate	yo'ò					mont12	oxnard2020																																																								
129	mecate	yo'ó					mixt11	oxnard2020																																																								
130	agujero	yàvì					tlah11	oxnard2020																																																								
130	agujero	yavì					pied12	oxnard2020																																																								
130	agujero	yavì					flor12	oxnard2020																																																								
130	agujero	yavì					mont12	oxnard2020																																																								
130	agujero	yavì					mixt11	oxnard2020																																																								
131	red	yáti					tlah11	oxnard2020																																																								
131	red	yujñǔ					pied12	oxnard2020																																																								
131	red	tiyivá					mont12	oxnard2020																																																								
131	red	ñunǔ					mixt11	oxnard2020																																																								
132	jabón	nàma					tlah11	oxnard2020																																																								
132	jabón	nǎjma					flor12	oxnard2020																																																								
133	anillo	xé'é					tlah11	oxnard2020																																																								
134	luna	yóǒ					tlah11	oxnard2020																																																								
134	luna	yòjǒ					pied12	oxnard2020																																																								
134	luna	yòjǒ					flor12	oxnard2020																																																								
134	luna	yòò					mont12	oxnard2020																																																								
134	luna	yòó					mixt11	oxnard2020																																																								
135	nube	vìkó					tlah11	oxnard2020																																																								
135	nube	vìkǒ					pied12	oxnard2020																																																								
135	nube	vìjkǒ					flor12	oxnard2020																																																								
135	nube	vìkò					mont12	oxnard2020																																																								
135	nube	vìkǒ					mixt11	oxnard2020																																																								
136	relámpago	taxan sàví					tlah11	oxnard2020																																																								
136	relámpago	taxa					pied12	oxnard2020																																																								
136	relámpago	kááni sàjvǐ					flor12	oxnard2020																																																								
136	relámpago	taxa					flor12	oxnard2020																																																								
136	relámpago	ntsá nduchǎ					mixt11	oxnard2020																																																								
136	rayo	kaxan					tlah11	oxnard2020																																																								
136	rayo	taxa					pied12	oxnard2020																																																								
136	rayo	taxa					flor12	oxnard2020																																																								
136	rayo	ndasa					mont12	oxnard2020																																																								
136	rayo	tatsa					mixt11	oxnard2020																																																								
137	agua	tìkwíi	tì-kwíi				tlah11	oxnard2020																																																								
137	agua	tsìkuǐi	tsì-kuǐi				pied12	oxnard2020																																																								
137	agua	tsìkuǐi	tsì-kuǐi				flor12	oxnard2020																																																								
137	agua	tikuií	ti-kuií				mont12	oxnard2020																																																								
137	agua	chukwíi	chu-kwíi				mixt11	oxnard2020																																																								
138	lluvia	sàví					tlah11	oxnard2020																																																								
138	lluvia	sàvǐ					pied12	oxnard2020																																																								
138	lluvia	sàjvǐ					flor12	oxnard2020																																																								
138	lluvia	jàvì					mont12	oxnard2020																																																								
138	lluvia	sàvǐ					mixt11	oxnard2020																																																								
139	río	ìta					tlah11	oxnard2020																																																								
139	río	ìtsia					pied12	oxnard2020																																																								
139	río	ìjtsia					flor12	oxnard2020																																																								
139	río	yùtya					mont12	oxnard2020																																																								
139	río	yùcha					mixt11	oxnard2020																																																								
140	rocío	kaxin					tlah11	oxnard2020																																																								
140	rocío	yúyú					pied12	oxnard2020																																																								
140	rocío, brisa	yúyú					flor12	oxnard2020																																																								
140	rocío	yúyú					mont12	oxnard2020																																																								
140	rocío	yúyú					mixt11	oxnard2020																																																								
141	cerro	ko'nto					tlah11	oxnard2020																																																								
141	cerro	ko'nto					pied12	oxnard2020																																																								
141	cerro	ko'nto					flor12	oxnard2020																																																								
141	cerro	yukù					mont12	oxnard2020																																																								
141	cerro	yùkǔ					mixt11	oxnard2020																																																								
142	llano	yosó					tlah11	oxnard2020																																																								
142	llano	yosǒ 					pied12	oxnard2020																																																								
142	llano	yosǒ 					flor12	oxnard2020																																																								
142	llano	yojò					mont12	oxnard2020																																																								
142	llano	yosǒ					mixt11	oxnard2020																																																								
143	piedra	yùú					tlah11	oxnard2020																																																								
143	piedra	yùjǔ					pied12	oxnard2020																																																								
143	piedra	yùjǔ					flor12	oxnard2020																																																								
143	piedra	yùù					mont12	oxnard2020																																																								
143	piedra	yùú					mixt11	oxnard2020																																																								
144	algodón	kàchí					tlah11	oxnard2020																																																								
144	algodón	kàchǐ					pied12	oxnard2020																																																								
144	algodón	kàjchǐ					flor12	oxnard2020																																																								
144	algodón	kàchì					mont12	oxnard2020																																																								
144	algodón	kàchǐ					mixt11	oxnard2020																																																								
145	fierro	kàà					tlah11	oxnard2020																																																								
145	fierro	kǎà					pied12	oxnard2020																																																								
145	fierro	kàa					flor12	oxnard2020																																																								
145	fierro	kà'a					mont12	oxnard2020																																																								
145	fierro	kàa					mixt11	oxnard2020																																																								
146	papel	tutu					tlah11	oxnard2020																																																								
146	papel	tujtû					pied12	oxnard2020																																																								
146	papel	tutu					flor12	oxnard2020																																																								
146	papel	tutì					mont12	oxnard2020																																																								
147	cal	kaka					tlah11	oxnard2020																																																								
147	cal	kajkâ					pied12	oxnard2020																																																								
147	cal	kajka					flor12	oxnard2020																																																								
147	cal	kakà					mont12	oxnard2020																																																								
147	cal	kakà					mixt11	oxnard2020																																																								
148	cera	yùmá					tlah11	oxnard2020																																																								
148	cera	ìmǎ					pied12	oxnard2020																																																								
148	cera	ìjmǎ					flor12	oxnard2020																																																								
148	cera	nìmà					mont12	oxnard2020																																																								
148	cera	ñùmǎ					mixt11	oxnard2020																																																								
149	lodo	ndà'ì					tlah11	oxnard2020																																																								
149	lodo	ntsia'yì					pied12	oxnard2020																																																								
149	lodo	ntsia'yì					flor12	oxnard2020																																																								
149	lodo	ndyàyì					mont12	oxnard2020																																																								
149	lodo	nchà'ì					mixt11	oxnard2020																																																								
150	espuma	ñùñùn					tlah11	oxnard2020																																																								
150	espuma	chìkìñù					pied12	oxnard2020																																																								
150	espuma	chìkìñù					flor12	oxnard2020																																																								
150	espuma	chi'ìñò					mont12	oxnard2020																																																								
150	espuma	tiñun					mixt11	oxnard2020																																																								
150	espuma	chiñùn					tlah11	oxnard2020																																																								
151	polvo	yáka					tlah11	oxnard2020																																																								
151	polvo	yájkǎ					pied12	oxnard2020																																																								
151	polvo	yakǎ					flor12	oxnard2020																																																								
151	polvo	yàká					mont12	oxnard2020																																																								
151	polvo	yǎka					mixt11	oxnard2020																																																								
152	rojo	kwá'a					tlah11	oxnard2020																																																								
152	rojo	kuá'a					pied12	oxnard2020																																																								
152	rojo	kuá'a					flor12	oxnard2020																																																								
152	rojo	kua'á					mont12	oxnard2020																																																								
152	rojo	kwaá					mixt11	oxnard2020																																																								
152	rojo	kwá'à 					mixt11	oxnard2020																																																								
153	verde	kwí'ǐ					tlah11	oxnard2020																																																								
153	verde	kuijǐ					pied12	oxnard2020																																																								
153	verde	kuijǐ					flor12	oxnard2020																																																								
153	verde	kuíì					mont12	oxnard2020																																																								
153	verde	kwíìí  (o) kwíǐ	kwíǐ				mixt11	oxnard2020																																																								
154	amarillo	kwáan					tlah11	oxnard2020																																																								
154	amarillo	kuáan					pied12	oxnard2020																																																								
154	amarillo	kuáan					flor12	oxnard2020																																																								
154	amarillo	kuaán					mont12	oxnard2020																																																								
154	amarillo	kwáan					mixt11	oxnard2020																																																								
155	negro	tùú					tlah11	oxnard2020																																																								
155	negro	tùjǔn					pied12	oxnard2020																																																								
155	negro	tòjǒn					flor12	oxnard2020																																																								
155	negro	tòón					mont12	oxnard2020																																																								
155	negro	nché'ì					mixt11	oxnard2020																																																								
155	negro	ndaá					tlah11	oxnard2020																																																								
155	negro	ntsiayì					pied12	oxnard2020																																																								
155	negro	nché'ì					mixt11	oxnard2020																																																								
156	blanco	yaa					tlah11	oxnard2020																																																								
156	blanco	yaa					pied12	oxnard2020																																																								
156	blanco	yaa					flor12	oxnard2020																																																								
156	blanco	yaa					mont12	oxnard2020																																																								
156	blanco	yaa					mixt11	oxnard2020																																																								
157	uno	iin					tlah11	oxnard2020																																																								
157	uno	iin					pied12	oxnard2020																																																								
157	uno	iin					flor12	oxnard2020																																																								
157	uno	iin					mont12	oxnard2020																																																								
157	uno	iin					mixt11	oxnard2020																																																								
158	dos	ùvì					tlah11	oxnard2020																																																								
158	dos	ìvì					pied12	oxnard2020																																																								
158	dos	ìvì					flor12	oxnard2020																																																								
158	dos	ìvì					mont12	oxnard2020																																																								
158	dos	ùvì					mixt11	oxnard2020																																																								
159	tres	ùnì					tlah11	oxnard2020																																																								
159	tres	ònì					pied12	oxnard2020																																																								
159	tres	ònì					flor12	oxnard2020																																																								
159	tres	ònì					mont12	oxnard2020																																																								
159	tres	ùnì					mixt11	oxnard2020																																																								
160	cuatro	kòmí					tlah11	oxnard2020																																																								
160	cuatro	kòmǐ					pied12	oxnard2020																																																								
160	cuatro	kòjmǐ					flor12	oxnard2020																																																								
160	cuatro	kòmì					mont12	oxnard2020																																																								
160	cuatro	kùmǐ					mixt11	oxnard2020																																																								
161	cinco	ù'ùn					tlah11	oxnard2020																																																								
161	cinco	ù'ùn					pied12	oxnard2020																																																								
161	cinco	ù'ùn					flor12	oxnard2020																																																								
161	cinco	ò'òn					mont12	oxnard2020																																																								
161	cinco	ù'ùn					mixt11	oxnard2020																																																								
162	seis	ìñù					tlah11	oxnard2020																																																								
162	seis	ìñù					pied12	oxnard2020																																																								
162	seis	ìñù					flor12	oxnard2020																																																								
162	seis	ìñò					mont12	oxnard2020																																																								
162	seis	ìñù					mixt11	oxnard2020																																																								
163	siete	ùxà					tlah11	oxnard2020																																																								
163	siete	ùxà					pied12	oxnard2020																																																								
163	siete	ùxà					flor12	oxnard2020																																																								
163	siete	ùsà					mont12	oxnard2020																																																								
163	siete	ùtsà					mixt11	oxnard2020																																																								
164	ocho	ùnà					tlah11	oxnard2020																																																								
164	ocho	ònà					pied12	oxnard2020																																																								
164	ocho	ònà					flor12	oxnard2020																																																								
164	ocho	ònà					mont12	oxnard2020																																																								
164	ocho	ùnà					mixt11	oxnard2020																																																								
165	nueve	iìn					tlah11	oxnard2020																																																								
165	nueve	ììn					pied12	oxnard2020																																																								
165	nueve	ììn					flor12	oxnard2020																																																								
165	nueve	ììn					mont12	oxnard2020																																																								
165	nueve	ììn					mixt11	oxnard2020																																																								
166	diez	uxì					tlah11	oxnard2020																																																								
166	diez	ùxì					pied12	oxnard2020																																																								
166	diez	ùxì					flor12	oxnard2020																																																								
166	diez	ùsì					mont12	oxnard2020																																																								
166	diez	ùtsì					mixt11	oxnard2020																																																								
167	quince	xa'ùn					tlah11	oxnard2020																																																								
167	quince	xa'ùn					pied12	oxnard2020																																																								
167	quince	xa'ùn					flor12	oxnard2020																																																								
167	quince	sà'òn					mont12	oxnard2020																																																								
167	quince	tsà'ùn					mixt11	oxnard2020																																																								
168	veinte	oko					tlah11	oxnard2020																																																								
168	veinte	òjkò					pied12	oxnard2020																																																								
168	veinte	òkò					flor12	oxnard2020																																																								
168	veinte	òkò					mont12	oxnard2020																																																								
169	pobre	ndá'vi					tlah11	oxnard2020																																																								
169	pobre	ntá'vi					pied12	oxnard2020																																																								
169	pobre	ntá'vi					flor12	oxnard2020																																																								
169	pobre	ndaví					mont12	oxnard2020																																																								
169	pobre	ndávì					mixt11	oxnard2020																																																								
170	rico 	kwíká					tlah11	oxnard2020																																																								
170	rico 	kuíjka					pied12	oxnard2020																																																								
170	rico 	kuíka					flor12	oxnard2020																																																								
170	rico 	kuíká					mont12	oxnard2020																																																								
170	rico 	kwíka					mixt11	oxnard2020																																																								
171	frío	vìxin					tlah11	oxnard2020																																																								
171	frío	vìxin					pied12	oxnard2020																																																								
171	frío	vìxin					flor12	oxnard2020																																																								
171	frío	vìsi					mont12	oxnard2020																																																								
171	frío	vìtsi					mixt11	oxnard2020																																																								
172	caliente	i'ní					tlah11	oxnard2020																																																								
172	caliente	i'ní					pied12	oxnard2020																																																								
172	caliente	i'ní					flor12	oxnard2020																																																								
172	caliente	iní					mont12	oxnard2020																																																								
172	caliente	i'ní					mixt11	oxnard2020																																																								
173	grande.SG	ká'nu					tlah11	oxnard2020																																																								
173	grande.SG	ká'nu					pied12	oxnard2020																																																								
173	grande.SG	ka'nu					flor12	oxnard2020																																																								
173	grande.SG	káno					mont12	oxnard2020																																																								
173	grande.SG	ká'nu					mixt11	oxnard2020																																																								
175	pequeño.SG	lo'o					tlah11	oxnard2020																																																								
175	pequeño.SG	lo'o					pied12	oxnard2020																																																								
175	pequeño.SG	lo'o					flor12	oxnard2020																																																								
175	pequeño.SG	ló'ò					mont12	oxnard2020																																																								
175	pequeño.SG	kwáchi					mixt11	oxnard2020																																																								
176	pequeño.PL	válí					tlah11	oxnard2020																																																								
176	pequeño.PL	lo'o					flor12	oxnard2020																																																								
176	pequeño.PL	loò					mont12	oxnard2020																																																								
176	pequeño.PL	kwáchi					mixt11	oxnard2020																																																								
176	pequeño (en pedazos?)	sava vali					tlah11	oxnard2020																																																								
176	pequeño (en pedazos?)	litsín					flor12	oxnard2020																																																								
176	pequeño (en pedazos?)	kwáchi					mixt11	oxnard2020																																																								
177	largo.SG	kâni					tlah11	oxnard2020																																																								
177	largo.SG	kajnǐ					pied12	oxnard2020																																																								
177	largo.SG	kajnǐ					flor12	oxnard2020																																																								
177	largo.SG	kánìì					mont12	oxnard2020																																																								
177	largo.SG	kanǐ					mixt11	oxnard2020																																																								
179	bueno	và'a					tlah11	oxnard2020																																																								
179	bueno	và'a					pied12	oxnard2020																																																								
179	bueno	và'a					flor12	oxnard2020																																																								
179	bueno	và'a					mont12	oxnard2020																																																								
179	bueno	và'a					mixt11	oxnard2020																																																								
180	dulce	vìxì					tlah11	oxnard2020																																																								
180	dulce	vìxì					pied12	oxnard2020																																																								
180	dulce	vìxì					flor12	oxnard2020																																																								
180	dulce	vìxì					mont12	oxnard2020																																																								
180	dulce	vìxì					mixt11	oxnard2020																																																								
181	salado	u'và					tlah11	oxnard2020																																																								
181	salado	ò'và					pied12	oxnard2020																																																								
181	salado	ò'vâ					flor12	oxnard2020																																																								
181	salado	ìvà					mont12	oxnard2020																																																								
181	salado	ù'và					mixt11	oxnard2020																																																								
182	amargo	ùvà					tlah11	oxnard2020																																																								
182	amargo	òvà					pied12	oxnard2020																																																								
182	amargo	òvà					flor12	oxnard2020																																																								
182	amargo	ìvà					mont12	oxnard2020																																																								
182	amargo	ùvà					mixt11	oxnard2020																																																								
182	amargo	ajtu					pied12	oxnard2020																																																								
182	amargo	òvà					flor12	oxnard2020																																																								
183	sabroso	yàsí					tlah11	oxnard2020																																																								
183	sabroso	àsǐn					pied12	oxnard2020																																																								
183	sabroso	àsǐn					flor12	oxnard2020																																																								
183	sabroso	ànjìn					mont12	oxnard2020																																																								
183	sabroso	àsǐ					mixt11	oxnard2020																																																								
184	ancho	ndìkà					tlah11	oxnard2020																																																								
184	ancho	ntsíjkà					pied12	oxnard2020																																																								
184	ancho	ntsíjkà					flor12	oxnard2020																																																								
184	ancho	ndika					mont12	oxnard2020																																																								
185	nuevo	xàá					tlah11	oxnard2020																																																								
185	nuevo	xàá					pied12	oxnard2020																																																								
185	nuevo	xàá					flor12	oxnard2020																																																								
185	nuevo	sàá					mont12	oxnard2020																																																								
185	nuevo	tsaâ		MAM			mixt11	oxnard2020																																																								
186	flojo	xúxan					tlah11	oxnard2020																																																								
186	flojo	xúxan					pied12	oxnard2020																																																								
186	flojo	xúxan					flor12	oxnard2020																																																								
186	flojo	júsá					mont12	oxnard2020																																																								
186	flojo	kukuxà	ku-kuxà				mixt11	oxnard2020																																																								
187	feo	kini					tlah11	oxnard2020																																																								
187	feo	kini					pied12	oxnard2020																																																								
187	feo	kini					flor12	oxnard2020																																																								
187	feo	kini					mont12	oxnard2020																																																								
187	feo	kini					mixt11	oxnard2020																																																								
188	celoso	kwiñu					tlah11	oxnard2020																																																								
188	celoso	kuíñun					pied12	oxnard2020																																																								
188	celoso	kuíñû					flor12	oxnard2020																																																								
189	cerca, próximo	yachi					tlah11	oxnard2020																																																								
189	cerca, próximo	yatsin					pied12	oxnard2020																																																								
189	cerca, próximo	yajtsin					flor12	oxnard2020																																																								
189	cerca, próximo	yati					mont12	oxnard2020																																																								
189	cerca, próximo	yachi					mixt11	oxnard2020																																																								
190	lejos	xíka					tlah11	oxnard2020																																																								
190	lejos	xìka					pied12	oxnard2020																																																								
190	lejos	xíka					flor12	oxnard2020																																																								
191	pesado	vèe					tlah11	oxnard2020																																																								
191	pesado	vèje					pied12	oxnard2020																																																								
191	pesado	vèje					flor12	oxnard2020																																																								
191	pesado	vè'e					mont12	oxnard2020																																																								
191	pesado	vèe					mixt11	oxnard2020																																																								
192	crudo	ì'i					tlah11	oxnard2020																																																								
192	crudo	í'i					pied12	oxnard2020																																																								
192	crudo	í'i					flor12	oxnard2020																																																								
192	crudo	yíí					mont12	oxnard2020																																																								
193	liso	kaní					tlah11	oxnard2020																																																								
193	liso	kaní					pied12	oxnard2020																																																								
193	liso	kaní					flor12	oxnard2020																																																								
193	liso	vilá					mont12	oxnard2020																																																								
193	liso	ndiìí					mixt11	oxnard2020																																																								
194	despacio	kwe					tlah11	oxnard2020																																																								
194	despacio	kuée					pied12	oxnard2020																																																								
194	despacio	kuée					flor12	oxnard2020																																																								
194	despacio	kueé					mont12	oxnard2020																																																								
194	despacio	kwée					mixt11	oxnard2020																																																								
194	despacio	kuee					tlah11	oxnard2020																																																								
194	despacio	yàà					pied12	oxnard2020																																																								
194	despacio	kuée					flor12	oxnard2020																																																								
195	ayer	kùni					tlah11	oxnard2020																																																								
195	ayer	kojni					pied12	oxnard2020																																																								
195	ayer	koni					flor12	oxnard2020																																																								
195	ayer	koni					mont12	oxnard2020																																																								
195	ayer	kuni					mixt11	oxnard2020																																																								
196	año	kwiyà					tlah11	oxnard2020																																																								
196	año	kuiyà					pied12	oxnard2020																																																								
196	año	kuìyà					flor12	oxnard2020																																																								
196	año	kuìyà					mont12	oxnard2020																																																								
196	año	kwìyà					mixt11	oxnard2020																																																								
197	ahora, hoy	viti					tlah11	oxnard2020																																																								
197	ahora, hoy	vitsin					pied12	oxnard2020																																																								
197	ahora, hoy	vitsin					flor12	oxnard2020																																																								
197	ahora, hoy	viti					mont12	oxnard2020																																																								
197	ahora, hoy	vichi					mixt11	oxnard2020																																																								
198	noche	ñuûn					tlah11	oxnard2020																																																								
198	noche	ñǔu					pied12	oxnard2020																																																								
198	noche	ñǔu					flor12	oxnard2020																																																								
198	noche	ñoó					mont12	oxnard2020																																																								
198	noche	tsi kwaǎ					mixt11	oxnard2020																																																								
200	día, fecha	kìví					tlah11	oxnard2020																																																								
200	día, fecha	kìjǐ					pied12	oxnard2020																																																								
200	día, fecha	kìjǐ					flor12	oxnard2020																																																								
200	día, fecha	kìvì					mont12	oxnard2020																																																								
200	día, fecha	kìí					mixt11	oxnard2020																																																								
201	de día	nduví					tlah11	oxnard2020																																																								
201	de día	ntiví					pied12	oxnard2020																																																								
201	de día	ntiví					flor12	oxnard2020																																																								
201	de día	ndiví					mont12	oxnard2020																																																								
201	de día	nduú					mixt11	oxnard2020																																																								
202	mitad	ña'ñu					tlah11	oxnard2020																																																								
202	mitad	mà'ñú					pied12	oxnard2020																																																								
202	mitad	mà'ñú					flor12	oxnard2020																																																								
202	mitad	java					mont12	oxnard2020																																																								
202	mitad	mǎ'in					mixt11	oxnard2020																																																								
203	dinero	xù'ún					tlah11	oxnard2020																																																								
203	dinero	xù'ún					pied12	oxnard2020																																																								
203	dinero	xù'ún					flor12	oxnard2020																																																								
203	dinero	xò'ón					mont12	oxnard2020																																																								
203	dinero	xǔ'un					mixt11	oxnard2020																																																								
204	trabajo	chiñu					tlah11	oxnard2020																																																								
204	trabajo	chiñu					pied12	oxnard2020																																																								
204	trabajo	chiñu					flor12	oxnard2020																																																								
204	trabajo	chiño					mont12	oxnard2020																																																								
204	trabajo	chuun					mixt11	oxnard2020																																																								
204	trabajo	chuun					pied12	oxnard2020																																																								
204	trabajo	chuun					flor12	oxnard2020																																																								
205	palabra	tù'un					tlah11	oxnard2020																																																								
205	palabra	tù'un					pied12	oxnard2020																																																								
205	palabra	tò'on					flor12	oxnard2020																																																								
205	palabra	tò'on					mont12	oxnard2020																																																								
205	palabra	tù'un					mixt11	oxnard2020																																																								
206	culpa	kwàchi					tlah11	oxnard2020																																																								
206	culpa	kuachi					pied12	oxnard2020																																																								
206	culpa	kuàjchi					flor12	oxnard2020																																																								
206	culpa	kuàchi					mont12	oxnard2020																																																								
206	culpa	kwàchi					mixt11	oxnard2020																																																								
207	sueño	xàni					tlah11	oxnard2020																																																								
207	sueño	xànì					pied12	oxnard2020																																																								
207	sueño	xànì					flor12	oxnard2020																																																								
209	canción	yaa					tlah11	oxnard2020																																																								
209	canción	yaà					pied12	oxnard2020																																																								
209	canción	yaà					flor12	oxnard2020																																																								
