ID,1,2,3,4,5,6,7,8,9,10,11,12,13,14,15,16,17,18,19,20,21,22,23,24,25,26,27,28,29,30,31,32,33,34,35,36,37,38,39,40,41,42,43,44,45,46,47,48,49,50,51,52,53,54,55,56,57,58,59,60,61,62,63,64,65,66,67,68,69,70,71,72,73,74,75,76,77,78,79,80,81,82,83,84,85,86,87,88,89,90,91,92,93,94,95,96,97,98,99,100,101,102,103,104,105,106,107,108,109,110,111,112,113,114,115,116,117,118,119,120,121,122,123,124,125,126,127,128,129,130,131,132,133,134,135,136,137,138,139,140,141,142,143,144,145,146,147,148,149,150,151,152,153,154,155,156,157,158,159,160,161,162,163,164,165,166,167,168,169,170,171,172,173,174,175,176,177,178,179,180,181,182,183,184,185,186,187,188
Spanish,lluvia,maguey,petate,cuatro,pluma,cola,cera,nariz,palabra,está cerca,árbol,venado,manteca,olor,tortilla,vomita,flojo,cama,comal,culpa,frijol,agua,río,lodo,hermano de h.,tres,diente,cinco,amargo,carne,rojo,se fue,siete,hilo,animal,se acaba,blanquillo,espuma,sangre,marido,sal,red,jícara,calabaza,tejón coatí,comida,salado,huipil,trabajo,algodón,viento ,hombre,redondon,horno,cajón,zancudo,esperar,podrido,agarrar,tendón,soplar,cuarta,dueño,poner (huevo),grande (sg.),cuello,va a venir,cuerno,culebra,feo,cerro,armadillo,chueco,año,ceja,pus,demonio,amarillo,coser,va a cargar,aquel,abajo,toda la noche,caliente,maíz,pared,temprano,abierto,ocho,jitomate,ejote,mitad,caña,olla,aguardiente,miel,sobaco,espiga,gente,pueblo,humo,comer,gavilan,verdad,lumbre,seis,uña,rastrojo,masa,hijo,catarro,bueno,porque,este mismo,ya viene,basura,gato,nopal,pie,corta,quince,tripas,diez,frio,huarache,horcon,nombre,cacao,oreja,sabroso,cerrado,pasado mabana,dulce,abora,agujero,tiene miedo,pobre,dos,alacran,salir,pintar,rata,hinchazon,grano,truena,arco iris,pajaro,rana,ombligo,orina,chachalaca,liso,chico,dia,cuando,llano,como,cargar,cucaracha,pegameuto,enfermedad,ver,despacio,casa,mamey,moler,ala,banquito,milpa,ayer,otro,peine,se nacio,sabio,piedra,boca,yo,rocio,hierba,surco,calzon,sacerdote,fierro,sabra,ardilla,floja,pesado,tobaco
English,rain,agave,straw mat,four,feather,tail,wax,nose,word,near,tree,deer,lard,smell,tortilla,vomits,lazy,bed,griddle,sin,bean,water,river,mud,man's brother,three,tooth,five,bitter,meat,red,(he) went,seven,thread,animal,it finishes,egg,foam,blood,husband,salt,net bag,gourd,squash,coati,food,salty,blouse,work,cotton,wind,man,round,oven,box / drawer,mosquito,wait for,rotten,grab,tendon,blow,handspan,owner,lay (egg),big (sg.),neck,will come,horn,snake,ugly,hill,armadillo,crooked,year,eyebrow,pus,demon,yellow,sew,will carry,that,below,all night,hot,grain of corn,wall,early,open,eight,tomato,green bean,half,cane,clay pot,liquor,honey,armpit,tassel,people,town,smoke,eat,hawk,truth,fire,six,fingernail,cornstalk,cornmeal,child,"cold, phlegm",good,because,this one,is coming,trash,cat,prickly pear,foot,cuts,fifteen,guts,ten,cold,sandal,housepost,name,cacao,ear,tasty,closed,day after tomorrow,sweet,now,hole,afraid,poor,two,scorpion,go out,paint,rat,swelling,pimple,it thunders,rainbow,bird,frog,navel,urine,chachalaca,smooth,little,day,when,plain,how,carry,cockroach,glue,sickness,see,slow,house,mamey,grind,wing,stool,cornfield,yesterday,other,comb,be born,smart,stone,mouth,I,dew,brush,furrow,trousers,priest,brand,will know,squirrel,loose,heavy,tobacco
P-Mixtec,*sawiʔ,*yawiʔ,*yuwiʔ,*kɨwi̧ʔ,*towi̧,*luʔwȩʔ,*yuwȩʔ,*siti̧ʔ,*toʔo̧,*yeti̧,*yutu̧ʔ,*isu,*seʔȩ,*siko,*sitaʔ,*ⁿduxȩʔ,*suxȩʔ,*xito,*xiyoʔ,*kʷeti,*ⁿdutiʔ,*ⁿdute,*yute,*ⁿdeʔyu,*yeni,*oni,*noʔo,*oʔo̧,*owe,*koyo̧,*kʷeʔe,*kʷeʔȩ,*uxe,*yuʔwe,*kɨtɨʔ,*ⁿdɨʔɨʔ,*ⁿdɨwɨʔ,*tɨ iyu̧,*nɨyi̧ʔ,*yɨɨʔ,*yɨɨ̧ʔ,*yonoʔ,*yexi̧ʔ,*yɨkɨ̧ʔ,*yɨyɨ,*ⁿdeyuʔ,*oʔwe,*siko̧,*tiyo̧,*katiʔ,*tatiʔ,*teye,*kute,*xitu̧,*xetu̧ʔ,*tɨ kʷeyɨʔ,*ⁿdetuʔ,*teʔyu,*tɨɨ̧ʔ,*tuti,*tɨwɨ,*too,*xi toʔo,*xeki̧,*kaʔnuʔ,*suku̧ʔ,*kixi,*ⁿdɨkɨʔ,*kooʔ,*kini,*yukuʔ,*yakʷi̧ʔ,*yakʷeʔ,*kʷiya,*sɨkʷaʔ,*lakʷaʔ,*kʷiʔna,*kʷaa̧,*ku ɨku,*ku iso,*yuku a̧,*nino,*niyu̧,*iʔniʔ,*noniʔ,*nawa̧,*neʔe,*nuneʔ,*one,*tɨ lanaʔ,*ⁿditi,*sawa,*ⁿdooʔ,*kɨsɨ,*ⁿdɨsi,*ⁿdusi,*leʔyiʔ,*yokoʔ,*yȩ yɨwɨʔ,*yuu̧,*yuʔwȩ,*xexiʔ,*tasu̧ʔ,*ⁿdixe,*yuʔu̧,*iyo̧,*tiyi̧ʔ,*yawa̧ʔ,*yuxȩʔ,*saʔyi,*sayu,*waʔa,*wati,*weyȩ,*wexi,*wiʔi̧ʔ,*wiluʔ,*wiʔⁿdeʔ,*xeʔe,*xeʔⁿde,*xeʔu̧,*xɨtɨ,*uxi,*wixi̧,*ⁿdixȩʔ,*sɨʔɨ̧,*sɨwɨʔ,*sɨʔwa,*loʔo,*asɨ̧ʔ,*ⁿdesɨ,*isa,*wisi̧,*witi̧,*yawi,*yuʔwi,ⁿdaʔwi,*uwi,*tɨ luʔwȩʔ,*keyiʔ,*kaʔyu,*tɨyɨ̧ʔ,*kʷɨyɨ̧,*ⁿdɨʔyɨ,*kaʔⁿdɨ,*koo yeʔⁿdiʔ,*tɨ laa,*laʔwa,*leⁿdu,*lele,*laxȩʔ,*lɨʔwɨʔ,*luʔu,*kɨwɨʔ,*awa̧,*yosoʔ,*ⁿdese,*ⁿdisoʔ,*tɨ teʔyaʔ,*ⁿdeka,*kʷweʔyi,*ⁿdeʔya,*kʷeye,*weʔyi,*ⁿdikaʔ,*ⁿdikoʔ,*ⁿdixi̧,*teyu,*itu,*iku,*tuku,*kuka,*ni kaku,*tuʔwe,*yuuʔ,*yuʔuʔ,*yuʔu,*yuyuʔ,*yuku,*yuku̧,*xetu,*sutu,*tuni,*kuni,*kʷeyu̧ʔ,*taya,*weyi,*ino
Zac,saƀiʔ,yaƀiʔ,yuƀiʔ,ku̧mi̧ʔ,tu̧mi̧,su̧ʔma̧ʔ,ñu̧ma̧ʔ,šiti̧ʔ,tu̧ʔu̧,yati̧,yutu̧ʔ,isu,ša̧ʔa̧,šiko,šitaʔ,ⁿduča/ⁿdučȩ,suča,čito,čiyoʔ,kʷati,ⁿdutiʔ,[ta kʷii],yuta,ⁿdaʔyu,ña̧ni̧,u̧ni̧,nu̧ʔu̧/no̧ʔo̧,u̧ʔu̧,uƀa,[sa̧ʔa̧],kʷaʔa,kʷa̧ʔa̧,uča,yuʔwa,kitiʔ,ⁿdiʔi,ⁿdiƀi,šiki ñu̧u̧,ni̧i̧ʔ,iiʔ,ñi̧i̧,ñu̧nu̧ʔ,yačiʔ,iki̧ʔ,ii,ⁿdayu,uʔƀa,šiku̧,ha tiñu̧ /sa tiñu̧,katiʔ,tatiʔ,ra iiʔ／raa,kuta,čitu̧,čatu̧ʔ,ti kʷañi̧ʔ,ⁿdatuʔ,taʔyu,ti̧i̧,tuti,[ⁿdati]/tiƀi,too,či toʔo,[čati],kaʔnu̧ʔ,suku̧ʔ,kiči,ⁿdikiʔ,kooʔ,kini kaa,yukuʔ,žakʷi̧ʔ,yakʷaʔ,kʷiya,sukʷaʔ,lakʷaʔ,[ra suʔu]/kʷi̧ʔna̧ʔ,kʷa̧a̧,[na̧ taa]/kiku (đraw),kʷiso,ika̧,ni̧nu̧,ni̧ñu̧,ni̧ʔni̧,nu̧ni̧ʔ,na̧ma̧/[čaʔa],na̧ʔa̧ (ni̧),[i koʔo]/nu̧na̧,u̧na̧,ti na̧na̧ʔ,[ⁿdutiʔ yuta],saƀa,ⁿdooʔ,kisi,ⁿdiši (tepache),ⁿduši,ti šeʔe,yokoʔ,ñi̧ƀiʔ,ñu̧u̧,yu̧ʔma̧/ñu̧ʔma̧,čačiʔ,tasuʔ,ⁿdiča,ñu̧ʔu̧,i̧ñu̧,ti̧i̧ʔ,ña̧ma̧ʔ,yuča̧ʔ,seʔe,sayu,ƀaʔa,ti,ma̧a̧,ƀači,(ča̧ʔa̧) ƀiʔƀiʔ =cuita,mi̧luʔ,ƀi̧ʔⁿdaʔ,čaʔa(ʔ),čaʔⁿda,ča̧ʔu̧,čiti,uči,ƀiči̧,ⁿdiča̧ʔ,si̧ʔi̧,siƀiʔ,siʔƀa,soʔo,asɨ̧ʔ,ⁿdasi,isa,ƀiši,ƀiti̧,yaƀi,[ⁿdasi]/yuʔƀi,ⁿdaʔƀi,uƀi,ti su̧ʔma̧ʔ,kee,kaʔyu,ti̧i̧ʔ,kʷi̧ñu̧,ⁿdiʔi,ka̧ʔⁿdi,ko la̧ʔⁿdi,saa,[lekʷe],ša̧ⁿdu,[tata],lača̧ʔ,ⁿdiʔƀiʔ,[ƀaliʔ],kiƀiʔ,a̧wa̧/ⁿda kiƀiʔ,[ⁿduʔƀa],na̧sa/na̧ha,ⁿdiso/kʷiso̧,ti taʔya,ⁿdaka,kʷweʔe/[ti ⁿdoo],[kuni],kʷee,ƀeʔe,ⁿdika čaʔa/ⁿdika kʷaʔa,ⁿdiko,ⁿdiči̧,tayu,itu,iku,tuku,kʷika,kaku,[yati],yuu,yuʔu,*yuʔu,yuyuʔ,[yuƀa]/yuku=monte,[surku],čatu,sutu,tu̧ni̧,[koto],kʷa̧ñu̧,taya,ƀee,yuku nu̧u̧/ša̧nu̧=cigarro
Sayu,sawi,yawi,yuwi,ku̧mi̧,tu̧mi̧,su̧ʔma̧,ñu̧ma̧,šitʸi̧,tu̧ʔu̧,yatʸi̧,yutu̧,isu,ša̧ʔa̧,šiko,šita,ⁿduča̧,suča,čito,čiyo,kʷatʸi,ⁿdutʸi,[ta kʷii],yuta,ⁿdaʔyu,ya̧ñi̧,u̧ñi̧,nu̧ʔu̧,u̧ʔu̧,uwa,[sa̧ʔa̧]/ku̧ñu̧,kʷaʔa,kʷa̧ʔa̧,uča,yuʔwa,kiti,ⁿdiʔi,ⁿdiwi,i̧ñu̧,ní̧í̧,ii,ñi̧i̧,yu̧nu̧,yači̧,iki̧,[te šu̧u̧] / [ti ma̧ʔa̧],ⁿdayu,uʔwa,šuku̧,tʸiñu̧,katʸi,tatʸi,raa,kuta,čitu̧,čatu̧,ti kʷañĩ,ⁿdatu,taʔyu,ti̧i̧,tutʸi,tiwi,too,či toʔo,čaki̧,kaʔnu̧,suku̧,kiči,ⁿdiki,koo,kiñi̧,yuku,yakʷi̧,yakʷa,kʷiya,sukʷa,ⁿdakʷa,kʷi̧ʔña,kʷa̧a̧,[ⁿdi taa],kʷiso,ika̧,,ni̧ñu̧,i̧ʔñi̧,nu̧ñi̧,na̧ma̧,na̧ʔa̧(ñi̧),nu̧na̧,u̧na̧,ti na̧na̧,[ⁿdutʸi yuta],sawa,ⁿdoo,kisi,ⁿdiši,ⁿduši,šeʔe,yókó,ñi̧wi,ñu̧u̧,ñu̧ʔma̧,čači,tasu̧,ⁿdiča,ñu̧ʔu̧,i̧ñu̧,tʸi̧i̧,ña̧ma̧,yuča̧,seʔe,sayu,waʔa,,ma̧a̧,wači,mi̧ʔi̧,(mi̧ču),wi̧ʔⁿda,čaʔa,čaʔⁿda,ča̧ʔu̧,čiti,uči,wiči̧,ⁿdiča̧ʔ,si̧ʔi̧,siwi,siʔwa,soʔo,asi̧,ⁿdasi,isa,wiši,witʸi̧,yawi,[ⁿdasi]/yuʔwi,ⁿdaʔwi,uwi,ti su̧ʔma̧,kee,kaʔyu,ti̧i̧,kʷi̧ñu̧,ⁿdiʔi,ka̧ʔⁿdi,kʷa̧ⁿdi,saa,[lekʷe],ša̧ⁿdu,[takʷii],ⁿdača̧,ⁿdiʔwi,luʔu,kiwi,a̧wa̧,[ⁿduʔwa],na̧ saa,ⁿdiso,ti tʸeʔe,ⁿdaka,kʷweʔe,ⁿdʸeʔe,kʷee,weʔe,ⁿdʸika čaʔa,ⁿdʸiko,ⁿdiči̧,tayu,itu,iku,tuku,wika,kaku,tuʔwa=learned,yuu,yuʔu,*yuʔu,[kači̧],[kuʔu],yuku̧,čatu,sutu,tu̧ñi̧,[koto],kʷa̧ñu̧,taya,wee,yuu ku̧nu̧/ša̧nu̧=cigarro
Tept,(ku̧u̧) sawi,yawi,yuwi,ku̧mi̧,tu̧mi̧,su̧ʔma̧,ñu̧ma̧,šiti̧,tu̧ʔu̧,yati̧,yutu̧,isu,ša̧ʔa̧,šiko,šita,ⁿdača̧,suča̧,čito,čiyo,kʷati,ⁿduti,ⁿduta,yuta,ⁿdaʔyu,ña̧ni̧,u̧ni̧,nu̧ʔu̧,u̧ʔu̧,uwa,[sa̧ʔa̧],kʷaʔa,kʷa̧ʔa̧,uča,yuʔwa,kiti,ⁿdiʔi,ⁿdiwi,i̧ñu̧,ní̧í̧,ii,ñi̧i̧,ñu̧nu̧,yači,iki̧,ii,ⁿdayu,uʔwa,šiku̧/[saʔma̧ nu̧u̧,tiñu̧,kati,tati,rai,kuta,čitu̧,čatu̧,ti kʷañi̧,ⁿdatu,taʔyu,ti̧i̧,tuti,tiwi,too,či toʔo,[čati],kaʔnu̧,suku̧,kiči,ⁿdiki,koo,kini̧,yuku,yakʷi̧,yakʷa,kʷiya,sukʷa,ⁿdakʷa,kʷi̧ʔna̧,kʷa̧a̧,kiku,kʷiso,ika̧,,ni̧ñu̧,i̧ʔni̧,nu̧ni̧,na̧ma̧,na̧ʔa̧,nu̧na̧,u̧na̧,ti na̧na̧,[ⁿduti yuta),sawa,ⁿdoo,kisi,ⁿdiši,ⁿduši,tiči šeʔe,yòyò,ñi̧mi̧/ñi̧wi,ñu̧u̧,ñu̧ʔma̧,čači,tasu̧,ⁿdiča,ñu̧ʔu̧,i̧ñu̧,ti̧ñi̧,ña̧ma̧,yuča̧,seʔe,sayu,waʔa,ča,ma̧a̧,wači,(ča̧ʔa̧),mi̧lu,wi̧ʔⁿda,čaʔa,čaʔⁿda,ča̧ʔu̧,čiti,uči,wiči̧,ⁿdiča̧ʔ,,siwi,siʔwa,soʔo,asi̧,ⁿdasi,isa,wiši̧,witi̧,yawi,yuʔwi,ⁿdaʔwi,uwi,ti su̧ʔma̧,kee,kaʔyu,ti̧ñi̧,kʷi̧ñu̧,ⁿdiʔi,ka̧ʔⁿdi,ku yo̧ʔⁿdi,saa,saʔwa,ša̧ⁿdu,čaša,ⁿdača̧,ⁿdiʔwi/ⁿdii,luʔu,kiwi,a̧wa̧,yoso,nasa/naha,ⁿdiso,ti taʔya,ⁿdaka,kʷweʔe,ⁿdeʔe,kʷee,weʔe,ⁿdika čaʔa,ⁿdiko,ⁿdiči̧,tayu,itu,iku,tuku,kuka,kaku,tuʔwa,yuu,yuʔu,*yuʔu,[kači̧],[kuʔu]/[yuwa],yuku̧,čatu,sutu,tu̧ni̧,[koto/ⁿdeʔe],kʷa̧ñu̧,ⁿdu taya,wee,i̧nu̧/ša̧nu̧ (cigarro)
Atoy,sawi,yawi,yuwi,ku̧mi̧,tu̧mi̧,su̧ʔma̧,yu̧ma̧,šiti̧,tu̧ʔu̧,yati̧,yutu̧,isu,ša̧ʔa̧,šiko,šita,ⁿduča̧,huča̧,čito,čiyo,kʷati,ⁿduti,ⁿduta,yuta,ⁿdaʔyu,ya̧ni̧,u̧ni̧,nu̧ʔu̧,u̧ʔu̧,uwa,[sa̧ʔa̧]/ko̧ño̧,kʷaʔa,kʷa̧ʔa̧,uča,yuʔwa,kiti,ⁿdiʔi,ⁿdiwi,i̧ñu̧,ni̧ñi̧,ii,ñi̧i̧,yu̧nu̧,yači̧,iki̧,ii,ⁿdayu,uʔwa,šiku,tiñu̧,kati,tati,rai,kuta,čitu̧,čatu̧,ti kʷañi̧,ⁿdatu,taʔyu,ti̧i̧,tuti,tiwi,too,či toʔo,[čati],kaʔnu̧,suku̧,kiči,ⁿdiki,koo,kini̧,yuku,yakʷi,yakʷa,kʷiya,sikʷa,lakʷa,kʷi̧ʔna̧,kʷa̧a̧,kiku,kʷiso,ika̧,,ni̧ñu̧,i̧ʔni̧,nu̧ni̧,na̧ma̧,[sa ta̧a̧]/na̧ʔa̧,nu̧na̧,u̧na̧,ti na̧na̧,[ⁿduti],sawa,ⁿdoo,kisi,ⁿdiši,ⁿduši,či šeʔe,yoko,ñi̧wi,ñu̧u̧,yu̧ʔma̧,čači,tasu̧,[ⁿdaa]/ⁿdiča,ñu̧ʔu̧,i̧ñu̧,ti̧ñi̧,ya̧ma̧,yuča̧,seʔe,sayu,waʔa,ti,ma̧a̧,wači,mi̧ʔi̧,(mi̧ču)/milu/(čumi̧),wi̧ʔⁿda,čaʔa,čaʔⁿda,ča̧ʔu̧,čiti,uči,wiči̧,ⁿdiča̧ʔ,si̧ʔi̧,siwi,siʔwa,soʔo,asi̧,,isa,waši̧,witi̧,yawi,yuʔwi,ⁿdaʔwi,uwi,ti su̧ʔma̧,[keta],kaʔyu,ti̧ñi̧,[ⁿdaa]/kʷi̧ñu̧,ⁿdiʔi,[šii],ku yo̧ʔⁿdi,saa,saʔwa,ša̧ⁿdu,ⁿduta čaša,ⁿdača̧,ⁿdiʔwi/ⁿdii,luʔu,kiwi,a̧wa̧,[ⁿduʔwa],noho̧,ⁿdiso,[ti kuka],ⁿdaka,kʷweʔe,ⁿdeʔe,kʷee,weʔe,ⁿdika čaʔa,ⁿdiko,ⁿdiči̧/[soko],tayu,itu,iku,tuku,kuka,kaku,ku tuʔwa,yuu,yuʔu,*yuʔu,,yuku,yuku̧,čatu,sutu,tu̧ni̧,[koto],kʷa̧ñu̧,taya,wee,i̧nu̧/ša̧nu̧=cigarro
Jicy,saƀi,yaƀi,yuƀi,ku̧mi̧,tu̧mi̧,su̧ʔma̧,yu̧ma̧,šiti̧,tu̧ʔu̧,yati̧,yutu̧,isu,ša̧ʔa̧,šiko,šita,ⁿduča,suča̧,čito,čiyo,kʷati,ⁿduti,ⁿduta,yuta,ⁿdaʔyu,ya̧ni̧,u̧ni̧,nu̧ʔu̧,u̧ʔu̧,uƀa,ku̧ñu̧,kʷaʔa,kʷa̧ʔa̧,uča,yuʔwa,kiti,ⁿdiʔi,ⁿdiƀi,i̧ñu̧,ni̧ñi̧,ii,ñi̧i̧,yo̧no̧,yači̧,iki̧,ii,ⁿdayu,uʔƀa,šiku,tiñu̧,kati,tati,rai,kuta,,čatu̧,ti kʷañi̧,ⁿdatu,taʔyu,ti̧i̧,tuti,tiƀi,too,či toʔo,[čati],kaʔnu̧,huku̧,kiči,ⁿdiki,koo,kini̧ kaa,yuku,yakʷi̧,yakʷa,kʷiya,sukʷa,ⁿdakʷa,kʷi̧ʔna̧,kʷa̧a̧,kiku,kʷiso,ika̧,ni̧nu̧,ni̧ñu̧,i̧ʔni̧,nu̧ni̧,na̧ma̧/[ⁿdika],na̧ʔa̧,nu̧na̧,u̧na̧,ti na̧na̧,[ⁿduti],saƀa,ⁿdoo,kisi,ⁿdiši,ⁿduši,či šeʔe,yoko,ñi̧ƀi,ñu̧u̧,yu̧ʔma̧,čači,tasu,ⁿdiča,ñu̧ʔu̧,i̧ñu̧,ti̧ñi̧,ya̧ma̧,yuča̧,seʔe,sayu,ƀaʔa,,ma̧a̧,ƀači,(ča̧ʔa̧),(mi̧tu),ƀi̧ʔⁿda,čaʔa,čaʔⁿda,ča̧ʔu̧,čiti,uči,ƀiči̧,ⁿdiča̧ʔ,si̧ʔi̧,siƀi,čikula/siʔƀa,soʔo,asi,ⁿdaki,isa,ƀiši̧,ƀiti̧,yaƀi,yuʔƀi,ⁿdaʔƀi,uƀi,ti su̧ʔma̧,kee,kaʔyu,ti̧ñi̧,kʷi̧ñu̧,ⁿdiʔi,ka̧ʔⁿdi,[ko ⁿda̧ʔyo],saa,saʔƀa,ša̧ⁿdu,čaša (tata),ⁿdača̧,ⁿdiʔƀi/ⁿdii,luʔu,kiƀi,a̧wa̧,[ⁿduʔƀa],ña̧a̧,ⁿdiso,ti taʔya,ⁿdaka,kʷweʔe,ⁿdeʔe,kʷee,ƀeʔe,ⁿdika čaʔa,ⁿdiko,ⁿdiči̧,tayu,itu,iku,tuku,kuka,kaku,tuʔƀa,yuu,yuʔu,*yuʔu,[kači̧],yuku,yuku̧,čatu,sutu,tu̧ni̧,[ⁿdeʔe],la kʷa̧ñu̧,taya,ƀee,i̧nu̧/ša̧nu̧ (cigarro)
Jict,saƀi,yaƀi,yuƀi,ku̧mi̧,tu̧mi̧,su̧ʔma̧,yu̧ma̧,šiti̧,tu̧ʔu̧,yati̧,yutu̧,isu,ša̧ʔa̧,šiko,šita,ⁿduča,suča̧,čito,čiyo,kʷati,ⁿduti,ⁿduta,yuta,ⁿdaʔyu,ya̧ni̧,u̧ni̧,nu̧ʔu̧,u̧ʔu̧,uƀa,ku̧ñu̧,kʷaʔa,kʷa̧ʔa̧,uča,yuʔƀa,kiti,ⁿdiʔi,ⁿdiƀi,i̧ñu̧,ni̧ñi̧,ii,ñi̧i̧,yu̧nu̧,yači̧,iki̧,ii,,uʔƀa,šiku,tiñu̧,kati,tati,rai,kuta,čitu̧,čatu̧,ti kʷañi̧,ⁿdatu,taʔyu,ti̧i̧,tuti,tiƀi,too,či toʔo,[čati],kaʔnu̧,suku̧,kiči,ⁿdiki,koo,kini̧,yuku,yakʷi̧,yakʷa,kʷiya,sukʷa,ⁿdakʷa,kʷi̧ʔna̧,kʷa̧a̧,kiku,kʷiso,ika̧,ni̧nu̧,ni̧ñu̧,i̧ʔni̧,nu̧ni̧,na̧ma̧,na̧ʔa̧,nu̧na̧,u̧na̧,ti na̧na̧,ⁿditi,saƀa,ⁿdoo,kisi,ⁿdiši,ⁿduši,šeʔe,yoko,ñi̧ƀi,ñu̧u̧,yu̧ʔma̧,čači,tasu̧,ⁿdiča,ñu̧ʔu̧,i̧ñu̧,ti̧ñu̧,ya̧ma̧,yuča̧,seʔe,sayu,ƀaʔa,ƀati,ma̧a̧,ƀači,mi̧ʔi̧,(mi̧stu),ƀi̧ʔⁿda,čaʔa,čaʔⁿda,ča̧ʔu̧,čiti,uči,ƀiči̧,ⁿdiča̧ʔ,si̧ʔi̧,siƀi,siʔƀa/čikula,soʔo,asi̧,ⁿdasi,isa,ƀiši,[yati̧],yaƀi,yuʔƀi,ⁿdaʔƀi,uƀi,ti su̧ʔma̧,kee,kaʔyu,ti̧ñi̧,kʷi̧ñu̧,ⁿdiʔi,ka̧ʔⁿdi,ko yo̧ʔⁿdi,saa,saʔƀa,ša̧ⁿdu,čaša,ⁿdača̧,ⁿdii/ⁿdiʔƀi,luʔu,kiƀi,a̧wa̧,[ⁿduʔƀa],ña̧a̧,ⁿdiso,ti teʔe,ⁿdaka,kʷweʔe,ⁿdeʔe,kʷee,ƀeʔe,,ⁿdiko,ⁿdiči̧,tayu,itu,iku,tuku,kuka,kaku,tuʔƀa,yuu,yuʔu,*yuʔu,[kači̧],yuku,yuku,čatu,sutu,tu̧ni̧,[koto],kʷa̧ñu̧,taya,ƀee,i̧nu̧/ša̧nu̧ (cigarro)
PinN,saƀi,yaƀi,yuwi/yui,ku̧mi̧,tu̧mi̧,su̧ʔma̧,yu̧ma̧,šiti,tu̧ʔu̧,[ti̧ʔa]/yati,yutu,isu,ša̧ʔa̧,šiko,šita,ⁿduča,suča,čito,čio,kʷati,ⁿduti,ⁿduta,yuta,ⁿdaʔyu,ya̧ni̧,u̧ni̧,nu̧ʔu̧,u̧ʔu̧,ua,ku̧ñu̧,kʷaʔa,kʷa̧ʔa̧,uča,yuʔa,kiti (kuʔu),ⁿdiʔi,ⁿdiƀi,i̧ñu̧,ni̧ñi̧,ii,ñi̧i̧,yu̧nu̧,žači/yači,iki,ii,ⁿdayu,,,tiñu̧,kati,tati,rai,kuta,čitu,čatu,ti kʷañi̧,ⁿdatu,taʔžu/taʔyu,ti̧i̧,tuti,tiƀi,too,či toʔo,[čati],kaʔnu̧,suku,ƀa(ki)či,ⁿdiki,koo,[ⁿdasi]/kini̧=behavior,yuku/žuku,yakʷi,yakʷa,kʷia,(iši)sukʷa,ⁿdakʷa,kʷi̧ʔna̧,kʷa̧a̧,kiku,kʷiso,ika̧,ni̧nu̧/[ⁿdašu],ni̧ñu̧/[ča kʷaʔa],i̧ʔni̧,nu̧ni̧,[ča ƀeʔe]/na̧ma̧,(ⁿda)na̧ʔa̧,nu̧na̧,u̧na̧,ti na̧na̧,ⁿditi,saƀa,ⁿdoo,kisi,ⁿdiši,[ñu̧ñu̧],ti šeʔe,yoko,ñi̧ƀi,ñú̧ú̧,yu̧ʔma̧/ⁿžu̧ʔma̧,čači,tasu̧,ⁿdiča,ñu̧ʔu̧,i̧ñu̧,ti̧ñi̧,čeʔe/yama̧=hoja,yuča/žuča,seʔe,sayu,ƀaʔa,(ƀa)ti,ma̧a̧,ƀači,mi̧ʔi̧,(miču̧),ƀi̧ʔⁿda,čaʔa,čaʔⁿda,ča̧ʔu̧,čiti,uči,ƀiči,ⁿdiča,si̧ʔi̧,siƀi,siʔƀa,soʔo,asi,ⁿdasi,isa,ƀiši,ƀiti,yaƀi,žuʔu/yuʔi,ⁿdaʔƀi,ui,ti suʔma̧,(ča)kee,kaʔyu,ti̧ñi̧,[ⁿdaa],ⁿdiʔi,ka̧ʔⁿdi,kuu yoʔⁿdi,saa,saʔƀa,šaⁿdu,čaša/tata,ⁿdača̧,ⁿdiʔƀi,luʔu,kiƀi,a̧wa̧,[ⁿduʔa],[yoso],ⁿdiso,ti teʔe,[kiši/suča],kʷweʔe,ⁿdeʔe,kʷee-ni,ƀeʔe,ⁿdika kʷaʔa,ⁿdiko,ⁿdiči,tayu,itu,iku,tuku/[iŋɡa],kuka,kaku/[ni tui],[čini tuni],yuu,yuʔu,*yuʔu,[kači̧],yuku,yuku,čatu,sutu,tu̧ni̧,[koto]/ku̧ni̧,kʷa̧ñu̧,,ƀee,
PinL,saƀi,yaƀi,yuƀi,ku̧mi̧,tu̧mi̧,su̧ʔma̧,yu̧ma̧,šiti̧,tu̧ʔu̧,yati̧,yutu̧,isu,ša̧ʔa̧,šiko,šita,ⁿduča,suča,čito,čiyo/čio,kʷati,ⁿduti,ⁿduta,yuta,ⁿdaʔyu,ya̧ni̧,u̧ni̧,nu̧ʔu̧,u̧ʔu̧,uwa,ku̧ñu̧,kʷaʔa,kʷa̧ʔa̧,uča,yuʔwa,kɨtɨ,ⁿdɨʔɨ,ⁿdɨwɨ,tu̧ñu̧,nɨ̧ñɨ̧̀,yɨɨ,ñɨ̧ɨ̧,yu̧nu̧,yači̧,yɨkɨ,yɨyɨ,ⁿdayu,uʔwa,šiku̧,tiñu̧,kati,tati,ra yɨɨ,kuta,čitu̧,čatu̧,tu kʷañɨ̧,ⁿdatu,taʔyu,tɨ̧ɨ̧,tuti,tɨwɨ,too,či toʔo,[čatɨ̧],kaʔnu̧,suku̧,kiči,ⁿdɨkɨ,koo,[ⁿdasɨ]/kini̧,yuku,yakʷi̧,yakʷa,kʷiya,sukʷa,ⁿdakʷa,kʷi̧ʔna̧,kʷa̧a̧,kiku,kʷiso,ika̧,ni̧nu̧,ni̧ñu̧,i̧ʔni̧,nu̧ni̧,na̧ma̧,na̧ʔa̧,nu̧na̧,u̧na̧,tɨ na̧na̧,ⁿditi,saƀa,ⁿdoo,kɨsɨ,ⁿdiši,[ñu̧ñu̧]/ⁿduši,šeʔe,yoko,ña̧ yɨƀɨ,ñu̧u̧,yu̧ʔma̧,čači,tasu,ⁿdiča,ñu̧ʔu̧,i̧ñu̧,ti̧ñu̧,ya̧ma̧,yuča,seʔe,sayu,ƀaʔa,ti,ma̧a̧,(kiči),(ča̧ʔa̧),(mi̧hta),ƀi̧ʔⁿda,čaʔa,čaʔⁿda,ča̧ʔu̧,čɨtɨ,uči,ƀiči̧,ⁿdiča̧ʔ,sɨ̧ʔɨ̧,sɨwɨ,čikula/suʔƀa=fruit of cacao,soʔo,asɨ̧,ⁿdasɨ,isa,ƀiši,ƀiti̧,yaƀi,yuʔƀi,ⁿdaʔƀi,uƀi,tɨ su̧ʔma̧,[keta],kaʔyu,tɨ̧ñɨ̧,kʷi̧ñu̧,ⁿdɨʔyɨ,ka̧ʔⁿdi,koo ya̧ʔⁿdi,saa,saʔƀa,[čɨtɨ koʔo],(tata) čaša,ⁿdača̧,ⁿdɨɨ/ⁿdɨʔƀɨ,luʔu,kɨwɨ,a̧wa̧,[ⁿduʔƀa],na̧a̧ ša,ⁿdiso,[tu koso],ⁿdaka,kʷweʔe,ⁿdeʔe,kʷee,ƀeʔe,ⁿdika čaʔa,ⁿdiko,ⁿdiči̧,tayu,itu,iku,tuku,kuka,kaku,[kɨyɨ],yuu,yuʔu,*yuʔu,[kači̧],[kuʔu]/yuku,yuku̧,čatu,sutu,tu̧ni̧,[koto],kʷa̧ñu̧,taya,ƀee,i̧ñu̧/ša̧nu̧=cigarro
Colo,saƀi,yaƀi,yuwi,ku̧mi̧,tu̧mi̧,hu̧ʔma̧,yu̧ma̧,šitʸi,tu̧ʔu̧,yatʸi̧,yutu̧,isu,ša̧ʔa̧,,šita/išta,ⁿduča,uča̧,čito,čiyo,kʷatʸi,ⁿdutʸi,ⁿdutʸa,yutʸa,ⁿdʸaʔyu,ya̧ñi̧,u̧ñi̧,nu̧ʔu̧,u̧ʔu̧,uƀa,ku̧ñu̧,kʷaʔa,kʷa̧ʔa̧,uča,yuʔƀa,kɨtɨ,ⁿdɨʔɨ,ⁿdɨƀɨ,ti ñu̧u̧,nɨ̧ñɨ̧,yɨɨ,ñɨ̧ɨ̧,yu̧nu̧,yači,yɨkɨ,yɨyɨ,ⁿdʸayu,uʔƀa,šiku̧,tʸiñu̧,katʸi,tatʸi,ra yɨɨ,kutʸa,čitu̧,čatu̧,ti kʷañi̧,ⁿdatu,tʸaʔyu,tɨ̧ɨ̧,tutʸi,tɨwɨ,too,či toʔo,[čatɨ],kaʔnu̧,huku̧,kiči,ⁿdɨkɨ,koo,kiñi̧,yuku,yakʷi̧,yakʷa,kʷiya,sukʷa,ⁿdakʷa,kʷi̧ʔna̧,kʷa̧a̧,kiku,kʷiso,ika̧,ni̧nu̧,ñi̧ñu̧,i̧ʔni̧,nu̧ñi̧,na̧ma̧,[ha tʸa̧a̧]/na̧ʔa̧,nu̧ña̧,u̧na̧,tɨ na̧na̧,ⁿdʸitʸi,saƀa,ⁿdoo,kɨsɨ,ⁿdiši,ⁿduši,tʸi šeʔe,yoko,ña̧ yɨƀɨ,ñu̧u̧,yu̧ʔma̧,čači,tasu,ⁿdʸiča,ñu̧ʔu̧,i̧ñu̧,tʸi̧ñu̧,ya̧ma̧,yuča̧,seʔe,sayu,waʔa,ƀati,ma̧a̧,ƀači,(ča̧ʔa̧),(mi̧stu),ƀi̧ʔⁿda,čaʔa,čaʔⁿdʸa,ča̧ʔu̧,čɨtɨ,uči,ƀiči̧,ⁿdʸiča̧,sɨ̧ʔɨ̧,sɨwi,[čikula],soʔo,asɨ,ⁿdasɨ,isa,ƀiši,ƀitʸi̧,yaƀi,yuʔwi,ⁿdaʔƀi,uƀi,tu hu̧ʔma̧,[keta],kaʔyu,tɨ̧ñɨ̧,kʷi̧ñu̧,ⁿdɨʔyɨ,ka̧ʔⁿdi,[koo kʷiiya],saa,saʔƀa,[čɨtɨ koʔo],tʸatʸa čaša/laša,ⁿdača̧,ⁿdɨʔƀɨ/ⁿdɨɨ,luʔu,kɨƀɨ,(h) a̧wa̧,[ⁿduʔƀa],na̧a̧,ⁿdiso,[tu koso],[kiši] ⁿdaka,kʷweʔe,ⁿdʸeʔe,ƀeʔe,,ⁿdʸika,ⁿdʸiko,ⁿdʸiči̧,tʸayu,itu,iku,tuku,kuka,kaku,ku tuʔƀa,yuu,yuʔu,*yuʔu,[kači̧],yuku/[yuƀa],yuku̧,[ti čaʔa],hutu,tu̧ñi̧,[ku ⁿdʸeʔe],kʷa̧ñu̧,taya,ƀee,i̧nu̧/ša̧nu̧=cigarro
Nuti,saƀi,yaƀi,yuƀi,ku̧mi̧,tu̧mi̧,su̧ʔma̧,yu̧ma̧,šitʸi̧,to̧ʔo̧,yatʸi,yutu̧,isu,ša̧ʔa̧,šiko,šita,,,čito,č̯iyo,,ⁿdutʸi,ⁿdutʸa,yutʸa,ⁿdʸaʔyu,,u̧ñi̧,,o̧ʔo̧/u̧ʔu̧,,ku̧ñu̧,kʷaʔa,kʷa̧ʔa̧,uča,yuʔƀa,kɨtɨ,,ⁿdɨƀɨ,ti̧ño̧,nɨ̧ñɨ̧̀,yɨɨ,ñɨ̧̀ɨ̧̀,yu̧nu̧/yo̧no̧,yači̧,yɨkɨ̧,[tɨ ma̧ʔa̧],,,,tʸiñu̧,katʸi,tatʸi,ra yɨɨ,kutʸa,[ur̃nõ],[kaxa],[tʸuku̧],ⁿdatu,tʸaʔyu,tɨ̧ɨ̧,,tɨƀɨ,,,,kaʔnu̧,š̩uku̧,kiči,ⁿdɨkɨ,,,yuku,,,kʷiya,,ⁿdakʷa,,kʷa̧a̧,kiku,kʷa kʷiso,ika̧,,,,nɨ̧ñi̧,[čaʔa],na̧ʔa̧-ri,lu̧ña̧,u̧ña̧,,,saƀa,ⁿdoo,,ⁿdʸiši,ⁿduši,ṱʸič̭i šeʔe,,ñɨ̧wɨ/ñɨ̧́ɨ̧́,ñu̧u̧,ñu̧ʔma̧,čači,,,ñu̧ʔu̧,i̧ñu̧,tʸi̧ñu̧,,yuča̧,seʔe,,,či,ma̧a̧,ƀači,,(mištu),,čaʔa,čaʔⁿdʸa,ča̧ʔu̧,čitʸi,uči,ƀiči,ⁿdʸiča,,sɨƀɨ,siʔƀa,soʔo,,(kasɨ),,ƀiši,,,yuʔƀi,ⁿdaʔƀi,uƀi,,,,tɨ̧ñɨ̧,,[ⁿdɨkɨ],ka̧ʔⁿdɨ,,saa,saʔƀa,,,,,luʔlu,kɨƀɨ,a̧wa̧,[nu̧ ⁿdaa],nasa/naha,kʷa kʷiso],,,kʷweʔe,ⁿdʸeʔe,kʷee,ƀeʔe,,,,[ƀanka],itu,iku,[ɨnɡa čiki],,,,yuu,,[ma̧i̧],,,,,,,[koto],kʷa̧ñu̧,,ƀee,
Ixty,saƀi,yaƀi,yuƀi,ku̧mi̧,tu̧mi̧,su̧ʔma̧,ñu̧ma̧,šitʸi̧,tu̧ʔu̧,yatʸi̧,yutu̧,isu,ša̧ʔa̧,šiko,šita,ⁿdača,suča̧,čito,čiyo,kʷatʸi,ⁿdutʸi,ⁿdutʸa,yutʸa,ⁿdʸaʔyu,ña̧ñi̧,u̧ñi̧,nu̧ʔu̧,u̧ʔu̧,uƀa,ku̧ñu̧,kʷa̧ʔa̧,k°a̧ʔa̧,uča,yuʔwa,kɨtɨ,(i)ⁿdɨʔɨ,ⁿdɨƀɨ,tɨ̧ñɨ̧,nɨ̧ñɨ̧,yɨɨ,ñɨ̧ɨ̧,ñu̧nu̧,yači̧,yɨkɨ,yɨyɨ,,uʔƀa,šiku̧,tʸiñu̧,katʸi,tatʸi,ra yɨɨ,kutʸa,čitu,čatu̧,tɨ kʷañi̧/tɨ kʷañɨ̧,ⁿdatu,tʸaʔyu,tɨ̧ɨ̧,tutʸi,tɨƀɨ,too,či toʔo,[čatɨ],kaʔnu̧,suku̧,kiči,ⁿdɨkɨ,koo,kini̧,yuku,yakʷi̧,yakʷa,kʷiya,sɨkʷa,lakʷa,kʷi̧ʔna̧,kʷa̧a̧,kiku,kiso,yukʷa̧,[yɨɨ ñu̧u̧] /ni̧nu̧,[ñu̧u̧],ñi̧ʔni̧,nu̧ñi̧,na̧ma̧,ña̧ʔa̧,[ta koʔo],u̧ña̧,tɨ na̧na̧,ⁿdʸitʸi,saƀa,ⁿdoo,kɨsɨ,ⁿdiši,ⁿduši,ča šeʔe,yoko,ña̧ yɨƀɨ,ñu̧u̧,ñu̧ʔma̧,čači,tasu,ⁿdiča/[ⁿdaa],ñu̧ʔu̧,i̧ñu̧,tʸi̧i̧,na̧ma̧,yuča̧,seʔe,sayu,ƀaʔa,či,ma̧a̧,ƀači,mi̧ʔi̧,ƀilu,ƀi̧ʔⁿdʸa,čaʔa,čaʔⁿdya,ča̧ʔu̧,čɨtɨ,uči,ƀiči̧,ⁿdiča̧ʔ,sɨ̧ʔɨ̧,sɨƀɨ,suʔƀa,soʔo,asɨ̧,ⁿdasɨ,isa,ƀiši̧,ƀitʸi̧,yaƀi,yuʔƀi,ⁿdaʔƀi,uƀi,tu su̧ʔma̧,[keta],kaʔyu,tɨ̧ñɨ̧,kʷi̧ñu̧,ⁿdɨʔyɨ,ka̧ʔⁿdɨ,koo ña̧ʔⁿdi,saa,saʔƀa,[čoʔle]/ša̧ⁿdu,[ⁿdutʸa yuʔu]/šaša,lača̧,ⁿdɨʔƀɨ/lɨʔƀɨ/ⁿdɨɨ,loʔo,kɨƀɨ,a̧wa̧,[ⁿduʔƀa],iso,ⁿdiso,ti tʸeʔe,ⁿdʸaka,kʷweʔe,ⁿdʸeʔe,kʷee(ñi),ƀeʔe,ⁿdʸika,ⁿdʸiko,ⁿdiči̧,[silʸa]/tʸayu,itu,iku,tuku,kuka,[i tuƀi]/i kaku,ku tuʔƀa,yuu,yuʔu,[ma̧i̧]/yuʔu,yuyu,yuƀa,yuku̧,čatu,sutu,tu̧ñi̧,[koto/ku ⁿdʸeʔe],[ƀiši],taya/[yaʔla],ƀee,i̧nu̧
Cris,saƀi,[maɡei̧],ǰuƀi,ku̧mi̧,tu̧mi̧,ču̧ʔma̧,ñu̧ma̧,šiči,tu̧ʔu̧,yači̧,yutu̧,iču,ča̧ʔa̧,šiko,čita,,,[kama],čiyo,,ⁿduči,ⁿdutʸa/ⁿduča,ⁿǰu ⁿǰuča,ⁿǰaʔyu/ⁿǰaʔžu,ya̧ñu̧/ža̧ñu̧,u̧ñi̧,,u̧ʔu̧,,ko̧ño̧,kʷaʔa,,uča,žuʔƀa,kɨtɨ,,ⁿdɨwɨ,tɨ̧ñu̧,nɨ̧ñɨ̧,ⁿǰɨɨ,ñɨ̧ɨ̧,yo̧no̧,yači̧,yɨkɨ̧/žɨkɨ̧,ⁿǰɨǰɨ,,,,činu̧,kači,tači,ra yɨɨ,kuča,[ʔornu̧],[kaxa],ti kʷãñi̧,čatu,čaʔǰu,tɨ̧ɨ̧,,tɨƀɨ,,,,kaʔnu̧,čuku̧,kis̯i,ⁿdɨkɨ,,,žuku/ⁿǰuku,,,kʷiya,,lakʷa,,kʷa̧a̧,kiku,kʷa kʷičo,(i)ka̧,,,,nu̧ñi̧,[ⁿčika],ti ña̧ʔa̧,[ⁿdika],u̧ña̧,,,čaƀa,ⁿdoo,,ⁿdišči,ⁿduši,šeʔe,,ña̧ ǰɨwɨ,ñu̧u̧,ñu̧ʔma̧,čači,,,ñu̧ʔu̧,i̧ñu̧,či̧i̧,,žuča̧/ⁿǰuča̧,seʔe,,,či,ma̧a̧,ƀači,,milu/ᵐƀilu,,saʔa,čaʔⁿdʸa,ča̧ʔu̧,(sisi),uči,ᵐƀiči,ⁿdišča̧,,sɨƀɨ,[kakao],soʔo,,(kači),,ƀiši,,,ⁿǰuʔu,ⁿdaʔƀi,uƀi,,,,tɨ̧ñɨ̧,,ⁿdɨʔyɨ,ka̧ʔⁿdɨ,,čaa,čaʔƀa/saʔƀa,,,,,luʔlu,kɨƀɨ,a̧wa̧,[ⁿdaa],ⁿǰosa,kʷa kʷičo],,,kʷweʔe,ni čeʔe,kʷee,ƀeʔe,,,,čažu,itʸu,iku,[inɡa čaʔa],,,,žuu,,[ⁿčuʔƀi],,,,,,,[koto/kotu̧],kʷa̧ñu̧,,ƀee,
Lor,(ku̧u̧) sawi,yawi,yuu/yuwi,ku̧mi̧,tu̧mi̧,su̧ʔma̧,yu̧ma̧,šitʸi,tu̧ʔu̧,yatʸi,yutu̧,isu,ša̧ʔa̧,šiko,šita,ⁿduča,suča,čito,čiyo,[čatɨ],ⁿdutʸi,ⁿdutʸa,yutʸa,ⁿdʸaʔyu,ya̧ñi̧,u̧ñi̧,nu̧ʔu̧,u̧ʔu̧,uwa,ko̧ño̧,kʷaʔa,kʷa̧ʔa̧,uča,yuʔwa,kɨtɨ,(ñi̧)ⁿdɨʔɨ,ⁿdɨwɨ,tɨ̧ñɨ̧,nɨ̧ñɨ̧,yɨɨ,ñɨ̧ɨ̧,yo̧no̧,yači,yɨkɨ,yɨyɨ,ⁿdayu,uʔwa,šuku̧,tʸiñu̧,katʸi,tatʸi,ra yɨɨ,kutʸa,,čatu̧,tɨ kʷañɨ̧,ⁿdatu,tʸaʔyu,tɨ̧ɨ̧,tutʸi,tɨwɨ,too,či toʔo,[čatɨ],kaʔnu̧,suku,kiči,ⁿdɨkɨ,koo,kiñi̧ kaa,yuku,yakʷi,yakʷa,kʷiya,sɨkʷa,ⁿdakʷa,kʷi̧ʔna̧,kʷa̧a̧,kiku,kʷiso,ika̧,i̧ñi̧ nu̧u̧,ñi̧ñu̧,i̧ʔñi̧,nu̧ñi̧,na̧ma̧/[ⁿdʸika],ña̧ʔa̧,nu̧ña̧,u̧ña̧,tɨ na̧na̧,ⁿdʸitʸi,sawa,ⁿdoo,kɨsɨ,ⁿdiši,ⁿduši,čaʔa šeʔe,yoko,ña̧ yɨwɨ,ñu̧u̧,yu̧ʔma̧,čači,tasɨ,ⁿdʸiča,ñu̧ʔu̧,i̧ñu̧,tʸi̧i̧,ya̧ma̧,yuča,seʔe,sayu,waʔa,,ma̧a̧,wači,mi̧ʔi̧,mi̧lu,wi̧ʔⁿdʸa,čaʔa,saʔya,ča̧ʔu̧,čɨtɨ,uči,wiči,ⁿdʸiča̧,sɨ̧ʔñɨ̧,sɨwɨ,suʔwa,soʔo,asɨ,ⁿdasɨ,isa,wiši,witʸi,yawi,yuʔu/yuʔwi,ⁿdaʔwi,uwi/uu,tɨ su̧ʔma̧,[kita],(na̧)kaʔyu,tɨ̧ñɨ̧,,ⁿdɨʔyɨ,ka̧ʔⁿdɨ,koo ya̧ʔna̧,saa,saʔwa,[čɨtɨ ka̧ʔnu̧],[tʸatʸa],ⁿdača̧,ⁿdɨʔwɨ/ⁿdɨɨ,luʔlu,kɨwɨ,a̧wa̧,[čɨkɨ],[yoso],ⁿdʸiso,[ti kʷa̧a̧],,kʷweʔe,ⁿdʸeʔe,kʷee,weʔe,ⁿdʸika,ⁿdʸiko,ⁿdʸiči̧,tʸayu,itu,iku,tuku,kuka,(ñi) kaku,,yuu,yuʔu,yuʔu,yuyu,yuku,yuku̧,[ti čaʔa],sutu,tu̧ñi̧,[koto],kʷa̧ñu̧,taya,wee,i̧no̧
Mech,(ku̧u̧) sawi,yawi,yuu/yuwi,ku̧mi̧,tu̧mi̧,su̧ʔma̧,ñu̧ma̧,šitʸi̧,tu̧ʔu̧,yatʸi̧,yutu̧,isu,ša̧ʔa̧,šiko,šita,ⁿduča̧,suča̧,čito,čiyo,[čatɨ],ⁿdutʸi,ⁿdutʸa,[yuu],ⁿdʸaʔyu,ya̧ñi̧,u̧ñi̧,no̧ʔo̧,o̧ʔo̧,uwa,ko̧ño̧,kʷaʔa,kʷa̧ʔa̧,uča,yuʔwa,kɨtɨ,ⁿdɨʔɨ,ⁿdɨwɨ,tɨ̧ñɨ̧,nɨ̧̀ñɨ̧̀,yɨɨ,ñɨ̧̀ɨ̧̀,yo̧no̧,yači̧,,yɨyɨ,ⁿdʸayu,uʔwa,šuku̧,tʸiñu̧,katʸi,tatʸi,ra yɨɨ,kutʸa,čitu̧,čatu̧,tɨ kʷañi̧,ⁿdatu,tʸaʔyu,tɨ̧ɨ̧,tutʸi,tɨwɨ,too,či toʔo,[čatɨ],kaʔnu̧,sùkù̧,kiči,ⁿdɨkɨ,koo,kiñi̧,yuku,yakʷi̧,yakʷa,kʷiya,sukʷa,ⁿdakʷa,kʷi̧ʔna̧,kʷa̧a̧,kiku,kʷiso,yukʷa̧,ni̧no̧,,i̧ʔñi̧,nu̧ñi̧,na̧ma̧/[čaʔa],ña̧ʔa̧,[ta koʔo]/ta nu̧ña̧,u̧ña̧,tɨ na̧na̧,ⁿdʸitʸi,sawa,ⁿdoo,kɨsɨ,ⁿdiši,[ñu̧ñu̧]/ⁿduši,šeʔe,yókó,ña̧ yɨvɨ,ñu̧u̧,ñu̧ʔma̧,čači,tasu̧,ⁿdiča,ñu̧ʔu̧,i̧ñu̧,tʸi̧i̧,ña̧ma̧,yuča̧,seʔe,θayu/sayu,waʔa,či,ma̧a̧,wači,mi̧ʔi̧,(čumi̧),wi̧ʔⁿdʸa,čaʔa,čaʔⁿdʸa,ča̧ʔu̧,čɨtɨ,uči,wiči̧,ⁿdiča̧,sɨ̧ʔñɨ̧,sɨwɨ,suʔwa,soʔo,asɨ,ⁿdasɨ,isa,wiši,witʸi̧,yawi,yuʔu/yuʔwi,ⁿdaʔwi,uu/uwi,tɨ su̧ʔma̧,[kita],na̧ kaʔyu,tɨ̧ñɨ̧,[ⁿdaa],ⁿdɨʔyɨ,ka̧ʔⁿdɨ,koo ya̧ʔⁿdʸi,saa,saʔwa,[čɨtɨ ka̧ʔnu̧],[tʸatʸa]/čaša,ⁿdača̧,ⁿdɨʔwɨ,luʔlu,kɨwɨ,a̧wa̧,[ⁿduʔwa],ⁿdʸiso,ⁿdʸiso,[ti šiko]/ti tʸeʔe,,kʷweʔe,ⁿdʸeʔe,kʷee,weʔe,ⁿdʸika,ⁿdʸiko,ⁿdiči̧,tʸayu,itu,iku,tuku,kuka,kaku,ku tuʔwa,yuu,yuʔu,yuʔu,yuyu,[kuʔu],yuku̧,[ti čaʔa],sutu,tu̧ñi̧,[koto],kʷa̧ñu̧,taya,wee,i̧no̧
Huaz,(ko̧o̧) sawi,yawi,yuwi,ku̧mi̧,tu̧mi̧,su̧ʔma̧,yu̧ma̧,šitʸi̧,to̧ʔo̧,yatʸi,yutu̧,isu,ša̧ʔa̧,šiko,šita,ⁿduča̧,suča̧,čito,čiyo,[čatɨ],ⁿdutʸi,ⁿdutʸa,[yuu],ⁿdʸaʔyu,ya̧ñi̧,u̧ñi̧,no̧ʔo̧,o̧ʔo̧,uwa,ko̧ño̧,kʷaʔa,kʷa̧ʔa̧,uča,yuʔwa,kɨtɨ,ⁿdɨʔɨ,ⁿdɨwɨ,tɨ̧ñɨ̧,nɨ̧̀ñɨ̧̀,yɨɨ,ñɨ̧̀ɨ̧̀,yo̧no̧,yači̧,,yɨyɨ,ⁿdʸayu,uʔwa,šiku̧,tʸiñu̧,katʸi,tatʸi,ra yɨɨ,kutʸa,,čatu̧,tɨ kʷañi̧,ⁿdʸatu,tʸaʔyu,tɨ̧ɨ̧,tutʸi,tɨwɨ,too,či toʔo,[čatɨ],kaʔnu̧,sùkù̧,kiči,ⁿdɨkɨ,koo,kiñi̧,yuku,yakʷi̧,yakʷa,kʷiya,sɨkʷa,ⁿdak a,kʷi̧ʔna̧,kʷa̧a̧,kiku,kʷiso,yukʷa̧,[yuu],,i̧ʔñi̧,nu̧ñi̧,na̧ma̧,[yu ka̧ʔnu̧ ka],nu̧ña̧,u̧ña̧,tɨ na̧na̧,ⁿdʸitʸi,sawa,ⁿdoo,kɨsɨ,ⁿdiši,[ⁿdutʸa ñu̧ñu̧],tʸiči šeʔe,yoko,ña̧ yɨwɨ,ñu̧u̧,yu̧ʔma̧,čači,tasu̧,ⁿdiča,ñu̧ʔu̧,i̧ñu̧,tʸi̧i̧,ya̧ma̧,yuča̧,seʔe,sayu,waʔa,,,wači,mi̧ʔi̧,(čumi̧),wi̧ʔⁿdʸa,čaʔa,čaʔⁿdʸa,ča̧ʔu̧,čɨtɨ,uči,wiči̧,ⁿdiča̧,[tu čaʔa],sɨwɨ,suʔwa,soʔo,asɨ,ⁿdasɨ,isa,wiši,witʸi̧,yawi,yuʔu,ⁿdaʔwi,uu/uwi,tɨ su̧ʔma̧,[kita],kaʔyu,tɨ̧ñɨ̧,kʷi̧ño̧/kʷaño̧ʔo̧,ⁿdɨʔyɨ,ka̧ʔⁿdɨ,ko ya̧ʔⁿdʸi,saa,[lekʷe]/saʔwa,[čɨtɨ koʔo],[tʸatʸa]/čaša,ⁿdača̧,ⁿdɨʔwɨ,luʔlu/[tʸu waa],kɨwɨ,a̧wa̧,[ⁿduʔwa],ño̧so kaa,ⁿdʸiso,[ti šiko]/ti tʸeʔe,[ča kiši],kʷweʔe,ⁿdʸeʔe,kʷee,weʔe,ⁿdʸika na̧ʔna̧,ⁿdʸiko,ⁿdiči̧,tʸayu,itu,iku,tuku,kuka,kaku,ku tuʔwa,yuu,yuʔu,yuʔu,[kači̧],[kuʔu],yuku̧,[kutu čaʔa],sutu,tu̧ñi̧,[koto],kʷa̧ñu̧,taya,wee,i̧no̧
Jam,saƀi,yaƀi,yuƀi,ku̧mi̧,tu̧mi̧,su̧ʔma̧,ñu̧ma̧,šitʸi̧,tu̧ʔu̧,yatʸi̧,yutu̧,isu,ša̧ʔa̧,šiko,šita,ⁿduča̧,suča,čito,čiyo,kʷatʸi,ⁿdutʸi,ⁿdutʸa,yutʸa,ⁿdʸaʔyu,ya̧ñi̧,u̧ñi̧,no̧ʔo̧,o̧ʔo̧,uƀa,ko̧ño̧,k°aʔa,kʷa̧ʔa̧,uča,yuʔƀa,kɨtɨ,ⁿdɨʔɨ,ⁿdɨƀɨ,tɨ̧ñɨ̧,nɨ̧ñɨ̧,yɨɨ,ñɨ̧ɨ̧,yo̧no̧,yači̧,yɨkɨ (kʷaʔa),yɨyɨ,,uʔƀa,šiku̧,tʸiñu̧,katʸi,tatʸi,ra yɨɨ,kutʸa,,čatu̧ (coffin),tɨ kʷañɨ̧,ⁿdʸatu,tʸaʔyu,tɨ̧ɨ̧,tutʸi,tɨwɨ,too,či toʔo,[čatɨ],kaʔnu̧,suku̧,kiči,ⁿdɨkɨ,koo,kiñi̧ kaa,yuku,yakʷi̧,yakʷa,kʷiya,sɨkʷa,ⁿdakʷa,kʷi̧ʔna̧,kʷa̧a̧,kiku,kʷiso,yukʷa̧,[(itʸi) yuƀi],[ⁿdi ñu̧u̧],i̧ʔñi̧,nu̧ñi̧,na̧ma̧/[ča ƀeʔe],ña̧ʔa̧,ta nu̧ña̧,u̧ña̧,tɨ na̧na̧,ⁿdʸitʸi,saƀa,ⁿdoo,kɨsɨ,ⁿdiši,[tʸa ñu̧ñu̧]/ⁿdušu,šeʔe,yoko,ña̧ yɨƀɨ,ñu̧u̧,ñu̧ʔma̧,čači,tasu̧,ⁿdiča,ñu̧ʔu̧,i̧ñu̧,tʸi̧i̧,ña̧ma̧,yuča̧,seʔe,sayu,ƀaʔa,ƀatʸi/či,ma̧a̧,ƀači,mi̧ʔi̧,(čumi̧),ƀi̧ʔⁿdʸa,čaʔa,čaʔⁿdʸa,ča̧ʔu̧,čɨtɨ,uči,ƀiči̧,ⁿdiča̧,sɨ̧ʔñɨ̧,sɨƀɨ,siʔƀa,soʔo,asɨ̧,yasɨ,isa,ƀiši̧,ƀitʸi̧,yaƀi,yuʔƀi,ⁿdaʔƀi,uƀi,tɨ su̧ʔma̧,[kita],kaʔyu,tɨ̧ñɨ̧,[kʷa ñu̧ʔu̧],ⁿdɨʔyɨ,ka̧ʔⁿdɨ,koo ya̧ʔⁿdʸi,saa,saʔƀa,[čɨtɨ koʔo],čaša,ⁿdača̧,ⁿdɨʔƀɨ/ⁿdɨɨ,luʔlu,kɨƀɨ,a̧wa̧,[ⁿduʔƀa],yoso,ⁿdʸiso,ti tʸaʔya,[suča̧],kʷweʔe,ⁿdʸeʔe,kʷee,ƀeʔe,ⁿdʸika,ⁿdʸiko,ⁿdiči,tʸayu,itu,iku,tuku,kuka,kaku,[yatʸi̧],yuu,yuʔu,yuʔu,[kači̧],[kuʔu],yuku̧,[kutu čaʔa],sutu,tu̧ñi̧,[koto],kʷa̧ñu̧,taya,ƀee,i̧no̧
Chay,(ku̧u̧) sawi,yawi,yuu/yuwi,ku̧mi̧,tu̧mi̧,su̧ʔma̧,ñu̧ma̧,šitʸi,tu̧ʔu̧,yatʸi̧/yači̧,yutu,isu,ša̧ʔa̧,šiko,šita,ⁿduča,suča̧,čito,čiyo,[čatɨ],ⁿdutʸi,ⁿdutʸa,yutʸa,ⁿdʸaʔyu,ya̧ñi̧,u̧ñi̧,no̧ʔo̧,o̧ʔo̧,uwa,ko̧ño̧,kʷaʔa,kʷa̧ʔa̧,uča,yuʔwa,kɨtɨ,ⁿdɨʔɨ,ⁿdɨwɨ,tɨ̧ñɨ̧,nɨ̧̀ñɨ̧̀,yɨɨ,ñɨ̧̀ɨ̧̀,yo̧no̧,yači,,yɨyɨ,ⁿdʸayu,uʔwa,[su ⁿduʔu],tʸiñu̧,katʸi,tatʸi,ra yɨɨ,kutʸa,,čatu̧,tɨ kʷañɨ̧,ⁿdatu,tʸaʔyu,tɨ̧ɨ̧,tutʸi,tɨwɨ,too,či toʔo,[čatɨ],kaʔnu̧,sùkù̧,kiči,ⁿdɨkɨ,koo,kiñi̧,yuku,yakʷi̧,yakʷa,kʷiya,sukʷa,ⁿdakʷa,kʷi̧ʔna̧,kʷá̧á̧,[ⁿdɨkʷɨ],kʷiso,yukʷa̧,ni̧nu̧,[ña̧ku],i̧ʔñi̧,nu̧ñi̧,na̧ma̧/[ⁿdʸika],ña̧ʔa̧,nu̧ña̧,u̧ña̧,tɨ na̧na̧,ⁿdʸitʸi,sawa,ⁿdoo,[kɨyɨ]/kɨsɨ=casita,ⁿdiši,ⁿduši=de caña,čaʔa šeʔe,yoko,ñi̧ yɨwɨ,ñu̧u̧,ñu̧ʔma̧,čači,tasu̧,ⁿdiča,ñu̧ʔu̧,i̧ñu̧,tʸi̧i̧,ña̧ma̧,yuča,seʔe,sayu,waʔa,,ma̧a̧,wači,mi̧ʔi̧,mi̧lu,mi̧ʔⁿdʸa,čaʔa,čaʔⁿdʸa,ča̧ʔu̧,čɨtɨ,uči,wiči,ⁿdiča,sɨ̧ʔñɨ̧,sɨwɨ,suʔwa,soʔo,asi,ⁿdasi,isa,wiši,witʸi,yawi,yuʔu/yuʔwi,ⁿdaʔwi,uwi/uu,ti su̧ʔma̧,[kita],kaʔyu,tɨ̧ñɨ̧,kʷi̧ñu̧,ⁿdɨʔyɨ,ka̧ʔⁿdi,ko ya̧ʔⁿdʸi,saa,saʔwa,[čɨtɨ koʔo],čaša,ⁿdača,ⁿdɨʔwɨ/ⁿdɨɨ,luʔlu,kɨwɨ,a̧wa̧,[ⁿduʔwa],yoso,ⁿdʸiso,ti tʸeʔe,[suča],kʷweʔe,ⁿdʸeʔe,kʷee,weʔe,ⁿdʸika,ⁿdʸiko,ⁿdiči,tʸayu,itu,iku,tuku,kuka,kaku,ku tuʔwa,yuu,yuʔu,yuʔu,[kači̧],yuku,yuku̧,[čoto čaʔa],sutu,tu̧ñi̧,[čito/koto],kʷa̧ñu̧,taya,wee,i̧no̧
ChayC,θaƀi,yaƀi,yuƀi/žuu/yuu,ku̧mi̧,tu̧mi̧,θu̧ʔma̧,ñu̧ma̧,šiči/hiči,tu̧ʔu̧,yači̧,yutu,isu,ša̧ʔa̧,šiko,šita,ⁿdusa,susa,s̩ito,siyo,kʷači,ⁿduči,ⁿduča,[yuu]/yuča=arroyo,,ya̧ñi̧,u̧ñi̧,no̧ʔo̧,o̧ʔo̧,uƀa,ko̧ño̧,kʷaʔa,kʷa̧ʔa̧,usa,yuʔƀa,kete,ⁿdeʔe(-si),ⁿdeƀe,tȩñȩ,nȩñȩ,yee,ñȩȩ,yo̧no̧,yasi,yeke (kʷaʔa),yeye,,,,či̧ñu̧,kači,tači,ra yee,kuča,[ornu̧],[kaxo̧/kaxa],tu kʷañi̧,ⁿdatu,čaʔyu,tȩȩ,tuči,teƀe,(mi̧ nõ) too,si toʔo,[sati-te],kaʔnu̧,θuku/suku,ku kisi,ⁿdeke,koo,[kuši-ka]=lugar/kene=filthy,yuku,yakʷi,yakʷa,kʷiya,[iši nu̧u̧],ⁿdakʷa,kʷi̧ʔna̧/[sa̧ña̧ ƀaʔa],kʷa̧a̧,[ⁿdekʷe],kʷa kʷiso,yukʷa̧,[iči šuu],[ña̧ka kʷii],i̧ʔñi̧,nu̧ñi̧,na̧ma̧/[ⁿǰika ƀeʔe]=techo,ña̧ʔa̧ni̧,[ta koʔo]/nu̧ña̧ (aƀrir),u̧ña̧,te na̧na̧/tɨ na̧na̧,ⁿdʸiči,,ⁿdòò,kese,ⁿdiši,[čiʔi ñu̧u̧]/[ñu̧ñu̧]/ⁿduši=melado,sa šeʔe,yoko,ña̧ yeƀe,ñu̧u̧,ñù̧ʔmà̧,sàsì,tasu̧,(sa) ⁿdisa,ñu̧ʔu̧,i̧ñu̧,či̧i̧,ña̧ma̧,yusa,seʔe,θayu,ƀaʔa,ƀači,ma̧a̧,ƀasi,mi̧ʔi̧,mi̧lu,mi̧ʔⁿǰa,saʔa,saʔⁿǰa,saʔu̧,sete,usi,ƀisi,ⁿdisa,seʔe ⁿǰe,θeƀe,θuʔƀa,θoʔo/soʔo,asi/aθi,ⁿdasi/ⁿdaθi,iθa,ƀiši,ƀiči,yaƀi,yuʔu,ⁿdaʔƀi,uu,ti suʔma̧/ti θuʔma̧,[kita],kaʔyu,tȩñȩ,[ⁿdaa],ⁿdeʔye,kaʔⁿdi,koo ya̧ʔⁿǰi,θaa,θaʔƀa,[sete koʔo],čaša,ⁿdasa,ⁿdeʔƀe,luʔlu,kewe,a̧wa̧,[ⁿduʔƀa],yoso ka/žoso ka,ⁿǰiso,,,,,,,,,,,,,,,,,,,,,,,,,,,,,,
ChayD,θavi,yāvī,yūū,ku̧mi̧,tu̧mi̧,θu̧ʔma̧,ñu̧ma̧,šitʸi,tu̧ʔu̧,yatʸi,yutu,iθu,ša̧ʔa̧,šiko,šita,ⁿdusa,susa,sito,siyo,kʷatʸi,ⁿdutʸi,ⁿdutʸa,[yūù]/yutʸa,ⁿdʸaʔyu,ya̧ñi̧,u̧ñi̧,no̧ʔo̧,o̧ʔo̧,uva,ko̧ño̧/[ⁿdʸayu],kʷaʔa,kʷa̧ʔa̧,usa,yuʔva,kɨtɨ,ⁿdɨʔɨ,ⁿdɨ̀vɨ̀,tɨ̧̀ñɨ̧̀,nɨ̧ñɨ̧,yɨɨ,ñɨ̧ɨ̧,yo̧no̧,yasi,yɨkɨ (kʷaʔa),yɨyɨ,ⁿdʸayu,ùʔvà,,tʸi̧ño̧,katʸi,tatʸi,ra yɨɨ,[ti ⁿduu],,satu,ti kʷañi̧,ⁿdatu,,tɨ̧ɨ̧,tutʸi,tɨvɨ,too,si toʔo,saki=colocar,kaʔnu,θuku,kisi,ⁿdɨkɨ,koo,kiñi̧,yuku,yakʷi,yakʷa,kʷiya,θukʷa,ⁿdakʷa,kʷi̧ʔna̧,kʷa̧a̧,[ⁿdɨkʷɨ],[ⁿdiθo],yukʷa̧,[šuu]/ni̧no̧,[ñi̧ yaka],i̧ʔñi̧,nu̧ñi̧,"[ⁿdʸika ƀeʔe]/na̧ma̧=pared, lado",ña̧ʔa̧ ša̧a̧,nu̧ña̧,u̧ña̧,ti na̧na̧,ⁿdʸitʸi,aƀa,ⁿdoo,kɨθɨ,ⁿdiši,[tʸaʔiñu̧]/ⁿduši,saʔa šeʔe,yoko,ñi̧ yɨƀɨ,ñu̧u̧,ñu̧ʔma̧,sasi,taθu,sa ⁿdisa,ñu̧ʔu̧,i̧ñu̧,tʸi̧i̧,ña̧ma̧,yusa,θeʔe,θayu,vaʔa,vatʸi,mā̧á̧,vasi,mi̧ʔi̧,mi̧lu,mi̧ʔⁿdʸa,saʔa,saʔⁿdʸa,sa̧ʔu̧,sɨtɨ (ⁿdʸiʔi),usi,visi,ⁿdisa,,θɨvɨ,θuʔva,θoʔo,aθi,[na̧ kaθi],iθa,sa viši,vitʸi,yāvì,yuʔu,ⁿdaʔvi,uu,ti θuʔma̧,[kita],na̧ kaʔyu,tɨ̧ñɨ̧́,kʷiño̧/[ⁿdaa-si],ⁿdɨʔyɨ,kaʔⁿdi,koo ya̧ʔⁿdʸi,θaa,θaʔva,,,ⁿdasa,ⁿdɨʔvɨ,luʔlu,kɨvɨ,a̧wa̧,[ⁿduʔva],[yoθo],ⁿdʸiθo,ti tʸeʔe,[susa],kʷweʔe,ⁿdʸeʔe,kʷee,veʔe,ⁿdʸika,ⁿdʸiko,ⁿdisi,tʸayu,itu,iku,tuku,kuka,kaku,tuʔƀa,yùù,yuʔu,yuʔƀi,yuyu,yùkù,yūkù,[koto saʔa],đutu,tu̧ñi̧,,kʷa̧ño̧,taya,vee,i̧no̧ /i̧no̧ viši=cigarro
Tut,(ko̧o̧) sawi,[ta yee],yuwi,ku̧mi̧,tu̧mi̧,su̧ʔma̧,ñu̧ma̧,šitʸi,tu̧ʔu̧,yatʸi̧,yutu̧,isu,ša̧ʔa̧,šiko,šita,ⁿduča,suča,čito,čiyo,kʷatʸi,ⁿdutʸi,ⁿdutʸa,yutʸa,ⁿdʸaʔyu,ña̧ñi̧,u̧ñi̧,no̧ʔo̧,o̧ʔo̧,uwa,ko̧ño̧,kʷaʔa,kʷa̧ʔa̧,uča,yuʔwa,kɨtɨ,ⁿdɨʔɨ,ⁿdɨwɨ,tɨ̧ñɨ̧,ǹɨ̧ñ̀ɨ̧,yɨɨ,ñɨ̧̀ɨ̧̀,yo̧no̧,yači̧,yɨkɨ,yɨyɨ,ⁿdʸayu,uʔwa,šiko̧,tʸiño̧,katʸi,tatʸi,ra yɨɨ,kutʸa,čitu̧,čatu̧,tɨ kʷañi̧,ⁿdʸatu,tʸaʔyu,tɨ̧ɨ̧,tutʸi,[tatʸi]/tɨwɨ,too,[ča čii]/či toʔo,[čisa kõõ],kaʔnu̧,suku̧,kiči,ⁿdɨkɨ,koo,kiñi̧,yuku,yakʷi̧,yakʷa,kʷiya,sukʷa,ⁿdakʷa,kʷi̧ʔna̧,kʷa̧a̧,[ⁿdɨkʷɨ],kʷiso,yukʷa̧,[šuu],,i̧ʔñi̧,nu̧ñi̧,na̧ma̧,ña̧ʔa̧/[sa tʸa̧a̧],nu̧ña̧,u̧ña̧,tɨ na̧na̧,ⁿdʸitʸi,sawa,ⁿdoo,kɨsɨ,ⁿdiši,[ñu̧ñu̧],šeʔe,yoko,ña̧ yɨwɨ,ñu̧u̧,ñu̧ʔma̧,čači,tasu,ⁿdiča,ñu̧ʔu̧,i̧ñu̧,tʸi̧i̧,ña̧ma̧,yuča,seʔe,sayu,waʔa,,ma̧a̧,wači,mi̧ʔi̧,(čumi̧),mi̧ʔⁿdʸa,čaʔa,čaʔⁿdʸa,ča̧ʔu̧,čɨtɨ,uči,wiči,ⁿdiča̧,[tu čaʔa],sɨwɨ,sɨʔwa,soʔo,asɨ,ⁿdasɨ,isa,wiši,witʸi̧,yawi,yuʔwi,ⁿdaʔwi,uwi,tɨ su̧ʔma̧,[keta],kaʔyu,tɨ̧ñɨ̧,kʷi̧ño̧,ⁿdɨʔyɨ,ka̧ʔⁿdɨ,,saa,saʔwa,[čɨtɨ koʔo],šaša,ⁿdača̧,ⁿdɨʔwɨ,[tʸi waa],kɨwɨ/ⁿduwi,a̧wa̧,[ⁿduʔwa],yoso kaa,ⁿdʸiso,ti tʸeʔe,,kʷweʔe,ⁿdʸeʔe,kʷee,weʔe,[titʸi],ⁿdʸiko,ⁿdiči,tʸayu,itu,iku,tuku,kuka,i kaku,i ku tuʔwa,yuu,yuʔu,yuʔu,[kači̧],yuku,yuku̧,[kʸutu čaʔa],sutu,tu̧ñi̧,[koto],kʷa̧ñu̧,taya,wee,i̧no̧ 
Acat,(ko̧o̧) sawi,[yee],yuwi,ku̧mi̧,tu̧mi̧,su̧ʔma̧,ñu̧ma̧,siči̧,tu̧ʔu̧,yatʸi,yutu̧,isu,ša̧ʔa̧,šiko,šita,ⁿdusa̧,susa̧,sito,siyo,kʷači,ⁿduči,ⁿduča,yuča/yutʸa,ⁿǰaʔyu,ña̧ñi̧,u̧ñi̧,no̧ʔo̧,o̧ʔo̧,uwa,ko̧ño̧,kʷaʔa,kʷa̧ʔa̧,usa,yuʔwa,kɨtɨ,ⁿdɨʔɨ,ⁿdɨwɨ,tɨ̧ñɨ̧,nɨ̧́ñɨ̧́,yɨɨ,ñɨ̧́ɨ̧́,yo̧no̧,yasi̧,yɨkɨ̧,yɨyɨ,ⁿǰayu,uʔwa,šiku̧,tʸino̧,kači,tači,ra yɨɨ,kuča,xitu̧,satu̧,tɨ kʷañi̧,ⁿǰatu,čaʔyu,tɨ̧ɨ̧,tuči,[tači]/tɨwɨ,too=forefinger,čii stoʔo,[sa kõõ],kaʔnu̧,suku̧,kisi,ⁿdɨkɨ,koo,[ⁿdasɨ]/kiñi̧,yuku,yakʷi̧,yakʷa,kʷiya,sukʷa,ⁿdakʷa,kʷi̧ʔna̧,kʷa̧a̧,[ⁿdɨkʷɨ],kʷiso,yukʷa̧,[šuu],,i̧ʔni̧,nu̧ñi̧,na̧ma̧,[sa ča̧a̧],nu̧ña̧,u̧ña̧,tɨ na̧na̧,ⁿǰiči,sawa,ⁿdoo,kɨsi,ⁿdiši,[ñu̧ñu̧],ti šeʔe,yoko,ña̧ yɨ̀wɨ̀,ñu̧u̧,ñu̧ʔma̧,sasi,tasu,ⁿdisa,ñú̧ʔù̧,i̧ñu̧,či̧i̧/tʸi̧i̧,ña̧ma̧,yusa̧,seʔe,sayu,waʔa,,ma̧a̧,wasi,mi̧ʔi̧,(sumi̧),mi̧ʔⁿǰa,saʔa,saʔⁿǰa,sa̧ʔu̧,sɨtɨ,usi,wisi̧,ⁿdisa̧,[tu saʔa],sɨwɨ,sɨʔwa,soʔo,asɨ,ⁿdasɨ,isa,wiši,witʸi̧,yawi,yuʔu,ⁿdaʔwi,uwi,tɨ su̧ʔma̧,[keta],[tʸaa]/kaʔyu,tɨ̧ñɨ̧,kʷi̧ño̧,ⁿdɨʔyɨ,ka̧ʔⁿdɨ,ko ya̧ʔⁿǰi,saa,saʔwa,[šɨtɨ koʔo],ča šaša,ⁿdasa̧,ⁿdɨɨ/ⁿdɨʔwɨ,[či waa]/luʔlu,kɨwɨ,a̧wa̧,[ⁿduʔwa],ña̧a̧ kaa,ⁿǰiso,ti čeʔe,ⁿdaka,kʷweʔe,ⁿǰeʔe,kʷee,weʔe,ⁿǰika kʷaʔa,ⁿǰiko,ⁿdisi̧,čayu,itu,iku,tuku,kuka,i kaku/i kana,i ku tuʔwa,yuu,yuʔu,yuʔu,[kasi̧],yuku,yuku̧,[kutu saʔa],sutu,tu̧ñi̧,[koto],kʷa̧ñu̧,taya,wee,ⁿda i̧no̧
