LEXEME,"('IMPF', 'PFV')","('IMPF', 'IRR')","('PFV', 'IRR')"
V001_kaxa'an,_5 ⇌ i1_1 / _[+cons -syll -cg -lat -long]?[+syll]_[-lat]X+,ɕi5 ⇌ ka3 / _X*[g-k-p-t-ð-ʔ-kʷ][a-ã]3,i1ɕi1 ⇌ ka3 / _X*[-syll][-highV][3-5]
V002_kaka,_5 ⇌ i1_1 / _[+cons -syll -cg -lat -long]?[+syll]_[-lat]X+,ɕi5 ⇌ ka3 / _X*[g-k-p-t-ð-ʔ-kʷ][a-ã]3,i1ɕi1 ⇌ ka3 / _X*[-syll][-highV][3-5]
V003_kuunsavi,_5 ⇌ i1_3 / _[+cons -syll -cg -lat -long][+syll]_[-lat]X+[-cons]*,5 ⇌ 3 / [+cons -syll -cg -lat -long][+syll]_[-lat]X+[-cons]*,i1 ⇌  / _X*[+syll][1-3-5]
V004_ka'an,_5 ⇌ i1_1 / _[+cons -syll -cg -lat -long]?[+syll]_[-lat]X+,5 ⇌ 1 / [+cons -syll -cg -lat -long]?[+syll]_[-lat]X+5?,i1 ⇌  / _X*[+syll][1-3-5]
V005_kusi,_5 ⇌ i1_1 / _[+cons -syll -cg -lat -long]?[+syll]_[-lat]X+,i5ʃ ⇌ o1s / k_i1,i1_i_ʃ ⇌ _o_s / _k_1_i1
V006_txiin,_5 ⇌ i1_1 / _[+cons -syll -cg -lat -long]?[+syll]_[-lat]X+,5 ⇌ 1 / [+cons -syll -cg -lat -long]?[+syll]_[-lat]X+5?,i1 ⇌  / _X*[+syll][1-3-5]
V007_koso,_5 ⇌ i1ɕi1_3 / _[+cons -syll -cg -strid -lat -long][a-e-i-o]_[-lat][-cons +son][3-5]?,ⁿd͡ʑi5 ⇌ ko3 / _so3,i1ɕi1ⁿd͡ʑi ⇌ ko / _3so3
V008_ka'ntxa,_5_5 ⇌ i1_3_3 / _X*[f-k-p-s-t-ɕ-ʃ-t͡ɕ-t͡ʃ-kʷ][a-e-i-ã-ĩ-ẽ]_[-lat]+_,ɕ_5_5 ⇌ k_3_3 / _[a-e]_[-strid -lat -long]+_,i1ɕ ⇌ k / _X*[-cons +son][-syll]*[a-e-i-o][1-3-5]
V009_kikin,_5 ⇌ i1_1 / _[+cons -syll -cg -lat -long]?[+syll]_[-lat]X+,5 ⇌ 1 / [+cons -syll -cg -lat -long]?[+syll]_[-lat]X+5?,i1 ⇌  / _X*[+syll][1-3-5]
V010_kuntxati,_5 ⇌ i1ɕi1_3 / _[+cons -syll -cg -strid -lat -long][a-e-i-o]_[-lat][-cons +son][3-5]?,_5 ⇌ ko3_3 / _[+cons -syll -cg -strid -lat -long][a-e-o]_[-strid -lat -del.rel -long]X[-cons +son]?3?,i1ɕi1 ⇌ ko3 / _X*[+syll][1-3-5]
V011_ntxiko,_5 ⇌ i1_3 / _[+cons -syll -cg -lat -long][+syll]_[-lat]X+[-cons]*,5 ⇌ 3 / [+cons -syll -cg -lat -long][+syll]_[-lat]X+[-cons]*,i1 ⇌  / _X*[+syll][1-3-5]
V012_ntaka'vi,_5 ⇌ i1_3 / _[+cons -syll -cg -lat -long][+syll]_[-lat]X+[-cons]*,5 ⇌ 3 / [+cons -syll -cg -lat -long][+syll]_[-lat]X+[-cons]*,i1 ⇌  / _X*[+syll][1-3-5]
V013_kaki,_5_5 ⇌ i1_3_3 / _X*[f-k-p-s-t-ɕ-ʃ-t͡ɕ-t͡ʃ-kʷ][a-e-i-ã-ĩ-ẽ]_[-lat]+_,ɕ_5_5 ⇌ k_3_3 / _[a-e]_[-strid -lat -long]+_,i1ɕ ⇌ k / _X*[-cons +son][-syll]*[a-e-i-o][1-3-5]
V014_kana,_5 ⇌ i1_3 / _[+cons -syll -cg -lat -long][+syll]_[-lat]X+[-cons]*,5 ⇌ 3 / [+cons -syll -cg -lat -long][+syll]_[-lat]X+[-cons]*,i1 ⇌  / _X*[+syll][1-3-5]
V015_kaki,_5 ⇌ i1_3 / _[+cons -syll -cg -lat -long][+syll]_[-lat]X+[-cons]*,5 ⇌ 3 / [+cons -syll -cg -lat -long][+syll]_[-lat]X+[-cons]*,i1 ⇌  / _X*[+syll][1-3-5]
V016_txivi,_5_5 ⇌ i1_3_3 / _X*[f-k-p-s-t-ɕ-ʃ-t͡ɕ-t͡ʃ-kʷ][a-e-i-ã-ĩ-ẽ]_[-lat]+_,5_5 ⇌ 3_3 / [+cons -son -syll -cg -lat -long][a-e-i-ã-ĩ-ẽ]_X+_,i1 ⇌  / _X*[+syll][1-3-5]
V017_ntixan,_5 ⇌ i1_3 / _[+cons -syll -cg -lat -long][+syll]_[-lat]X+[-cons]*,5 ⇌ 3 / [+cons -syll -cg -lat -long][+syll]_[-lat]X+[-cons]*,i1 ⇌  / _X*[+syll][1-3-5]
V018_kayi,_5 ⇌ i1_3 / _[+cons -syll -cg -lat -long][+syll]_[-lat]X+[-cons]*,5 ⇌ 3 / [+cons -syll -cg -lat -long][+syll]_[-lat]X+[-cons]*,i1 ⇌  / _X*[+syll][1-3-5]
V019_kuaki,_5 ⇌ i1_1 / _[+cons -syll -cg -lat -long]?[+syll]_[-lat]X+,ɕ_5 ⇌ kʷ_1 / _[a-e-i]_[k-ɕ-t͡ɕ-kʷ][a-e-i][1-3],i1ɕ ⇌ kʷ / _[a-e-i][1-3][-syll -strid -lat -long]*[a-e-i-o][1-3]
V020_kusiki,_5 ⇌ i1_3 / _[+cons -syll -cg -lat -long][+syll]_[-lat]X+[-cons]*,si5 ⇌ ko3 / _X*[f-k-p-s-t-ɕ-ʃ-t͡ɕ-t͡ʃ-kʷ][e-i-o][3-5],i1si ⇌ ko / _3si5ki5
V021_lala,_5_5 ⇌ i1_1_3 / _[l-r-t-ð-ɕ-ɾ-ʒ-t͡ɕ]a_[l-r-t-ð-ɕ-ɾ-ʒ-t͡ɕ]a_,5_5 ⇌ 1_3 / [l-r-t-ð-ɕ-ɾ-ʒ-t͡ɕ]a_[l-r-t-ð-ɕ-ɾ-ʒ-t͡ɕ]a_,i1 ⇌  / _X*[+syll][1-3-5]
V022_kasha,_5 ⇌ i1_3 / _[+cons -syll -cg -lat -long][+syll]_[-lat]X+[-cons]*,5 ⇌ 3 / [+cons -syll -cg -lat -long][+syll]_[-lat]X+[-cons]*,i1 ⇌  / _X*[+syll][1-3-5]
V023_sayo'va, ⇌ i1 / _X*, ⇌  / X*[+syll][1-3-5],i1 ⇌  / _X*[+syll][1-3-5]
V024_yi'i,_5 ⇌ i1_3 / _[+cons -syll -cg -lat -long][+syll]_[-lat]X+[-cons]*,5 ⇌ 3 / [+cons -syll -cg -lat -long][+syll]_[-lat]X+[-cons]*,i1 ⇌  / _X*[+syll][1-3-5]
V025_kitxi,_5 ⇌ i1_1 / _[+cons -syll -cg -lat -long]?[+syll]_[-lat]X+,5 ⇌ 1 / [+cons -syll -cg -lat -long]?[+syll]_[-lat]X+5?,i1 ⇌  / _X*[+syll][1-3-5]
V026_kuati,_5 ⇌ i1_3 / _[+cons -syll -cg -lat -long][+syll]_[-lat]X+[-cons]*,ɕ_5 ⇌ kʷ_3 / _[a-e-i]_[g-k-p-t-ð-ʔ-kʷ][a-e-i-m-n-o-r-w-ã-õ-ĩ-ɲ-ẽ][-cons +son]3?,i1ɕ ⇌ kʷ / _[a-e-i][1-3][-syll -strid -lat -long]*[a-e-i-o][1-3]
V027_kakan,_5 ⇌ i1_1 / _[+cons -syll -cg -lat -long]?[+syll]_[-lat]X+,ɕi5 ⇌ ka1 / _kã1,i1ɕi ⇌ ka / _[1-3][k-p-t-kʷ][a-ã][1-3]
V028_kua'a,_5 ⇌ i1_3 / _[+cons -syll -cg -lat -long][+syll]_[-lat]X+[-cons]*,ɕ_5 ⇌ kʷ_3 / _[a-e-i]_[g-k-p-t-ð-ʔ-kʷ][a-e-i-m-n-o-r-w-ã-õ-ĩ-ɲ-ẽ][-cons +son]3?,i1ɕ ⇌ kʷ / _[a-e-i][1-3][-syll -strid -lat -long]*[a-e-i-o][1-3]
V029_kivi,_5 ⇌ i1_1 / _[+cons -syll -cg -lat -long]?[+syll]_[-lat]X+,ɕ_5ʔ_1 ⇌ k_3β_3 / _i_i_,i1ɕ_1ʔ_1 ⇌ k_3β_3 / _i_i_
V030_ko'o,_5 ⇌ i1_3 / _[+cons -syll -cg -lat -long][+syll]_[-lat]X+[-cons]*,ɕi5_i ⇌ ko3_o / _ʔ_3,i1ɕi_i ⇌ ko_o / _3ʔ_3
V031_chi'i,_5 ⇌ i1_3 / _[+cons -syll -cg -lat -long][+syll]_[-lat]X+[-cons]*,5 ⇌ 3 / [+cons -syll -cg -lat -long][+syll]_[-lat]X+[-cons]*,i1 ⇌  / _X*[+syll][1-3-5]
V032_ntachi,_5 ⇌ i1_3 / _[+cons -syll -cg -lat -long][+syll]_[-lat]X+[-cons]*,5 ⇌ 3 / [+cons -syll -cg -lat -long][+syll]_[-lat]X+[-cons]*,i1 ⇌  / _X*[+syll][1-3-5]
V033_sakusivi,_5_5 ⇌ i1_3_3 / _X*[f-k-p-s-t-ɕ-ʃ-t͡ɕ-t͡ʃ-kʷ][a-e-i-ã-ĩ-ẽ]_[-lat]+_, ⇌  / X*[+syll][1-3-5],i1_3_3 ⇌ _5_5 / _sa5ko3si_βi_
V034_ka'mi,_5 ⇌ i1_3 / _[+cons -syll -cg -lat -long][+syll]_[-lat]X+[-cons]*,ɕ_5 ⇌ k_3 / _[a-e-o]_[-syll -strid -lat -long][a-e-i-m-n-o-r-w-ã-õ-ĩ-ɲ-ẽ][-cons +son][3-5]?,i1ɕ ⇌ k / _X*[-cons +son][-syll]*[a-e-i-o][1-3-5]
V035_nte'e,_5 ⇌ i1_1 / _[+cons -syll -cg -lat -long]?[+syll]_[-lat]X+,5 ⇌ 1 / [+cons -syll -cg -lat -long]?[+syll]_[-lat]X+5?,i1 ⇌  / _X*[+syll][1-3-5]
V036_kuiin,_5 ⇌ i1_3 / _[+cons -syll -cg -lat -long][+syll]_[-lat]X+[-cons]*,ɕ_5 ⇌ ko3_3 / _ĩ_ĩ3,i1ɕ ⇌ ko3 / _ĩ3ĩ3
V037_sakana, ⇌ i1 / _X*, ⇌  / X*[+syll][1-3-5],i1 ⇌  / _X*[+syll][1-3-5]
V038_chiti,_5 ⇌ i1_3 / _[+cons -syll -cg -lat -long][+syll]_[-lat]X+[-cons]*,5 ⇌ 3 / [+cons -syll -cg -lat -long][+syll]_[-lat]X+[-cons]*,i1 ⇌  / _X*[+syll][1-3-5]
V039_kaita'an,_5 ⇌ i1_3 / _[+cons -syll -cg -lat -long][+syll]_[-lat]X+[-cons]*,5 ⇌ 3 / [+cons -syll -cg -lat -long][+syll]_[-lat]X+[-cons]*,i1 ⇌  / _X*[+syll][1-3-5]
V040_ntikani,_5 ⇌ i1_3 / _[+cons -syll -cg -lat -long][+syll]_[-lat]X+[-cons]*,5 ⇌ 3 / [+cons -syll -cg -lat -long][+syll]_[-lat]X+[-cons]*,i1 ⇌  / _X*[+syll][1-3-5]
V041_ki'vi,_5 ⇌ i1_3 / _[+cons -syll -cg -lat -long][+syll]_[-lat]X+[-cons]*,5 ⇌ 3 / [+cons -syll -cg -lat -long][+syll]_[-lat]X+[-cons]*,i1 ⇌  / _X*[+syll][1-3-5]
V042_kukuachiini,_5 ⇌ i1_1 / _[+cons -syll -cg -lat -long]?[+syll]_[-lat]X+,5 ⇌ 1 / [+cons -syll -cg -lat -long]?[+syll]_[-lat]X+5?,i1 ⇌  / _X*[+syll][1-3-5]
V043_sa'a, ⇌ i1 / _X*, ⇌  / X*[+syll][1-3-5],i1 ⇌  / _X*[+syll][1-3-5]
V044_kuntxaa,_5_5 ⇌ i1ɕi1_3_3 / _[g-k-p-t-ð-ⁿd͡ʑ-ⁿd-t͡ɕ-kʷ][a-e-i]_[-cg -lat -nas -long]+_,_5_5 ⇌ ko3_3_3 / _[g-k-p-t-ð-ⁿd͡ʑ-ⁿd-t͡ɕ-kʷ][a-e-i]_[-cg -lat -nas -long]+_,i1ɕi1 ⇌ ko3 / _X*[+syll][1-3-5]
V045_ka'ni,_5_5 ⇌ i1_3_3 / _X*[f-k-p-s-t-ɕ-ʃ-t͡ɕ-t͡ʃ-kʷ][a-e-i-ã-ĩ-ẽ]_[-lat]+_,ɕ_5_5 ⇌ k_3_3 / _[a-e]_[-strid -lat -long]+_,i1ɕ ⇌ k / _X*[-cons +son][-syll]*[a-e-i-o][1-3-5]
V046_kuniñu'u,_5 ⇌ i1_1 / _[+cons -syll -cg -lat -long]?[+syll]_[-lat]X+,ɕi ⇌ ko / _[+son -syll]*[-cons +son][-syll][e-i-o-w-ã-õ-ĩ-ɲ-ẽ][-cons +son]+[1-3-5-ʔ][e-i-o-õ-ĩ-ẽ][1-3-5],i1ɕi1 ⇌ ko5 / _ni5ɲo5ʔo5
V047_kua'nu,_5 ⇌ i1_3 / _[+cons -syll -cg -lat -long][+syll]_[-lat]X+[-cons]*,ɕ_5 ⇌ kʷ_3 / _[a-e-i]_[g-k-p-t-ð-ʔ-kʷ][a-e-i-m-n-o-r-w-ã-õ-ĩ-ɲ-ẽ][-cons +son]3?,i1ɕ ⇌ kʷ / _[a-e-i][1-3][-syll -strid -lat -long]*[a-e-i-o][1-3]
V048_kunii,_5 ⇌ i1_3 / _[+cons -syll -cg -lat -long][+syll]_[-lat]X+[-cons]*,5 ⇌ 3 / [+cons -syll -cg -lat -long][+syll]_[-lat]X+[-cons]*,i1 ⇌  / _X*[+syll][1-3-5]
V049_koan, ⇌ i1 / _X*,i_βi ⇌ o_ã / k_3_3,i1_i_βi ⇌ _o_ã / _k_3_3
V050_ichi,_5 ⇌ i1_1 / _[+cons -syll -cg -lat -long]?[+syll]_[-lat]X+,5 ⇌ 1 / [+cons -syll -cg -lat -long]?[+syll]_[-lat]X+5?,i1 ⇌  / _X*[+syll][1-3-5]
V051_tu'un,_5 ⇌ i1_3 / _[+cons -syll -cg -lat -long][+syll]_[-lat]X+[-cons]*,5 ⇌ 3 / [+cons -syll -cg -lat -long][+syll]_[-lat]X+[-cons]*,i1 ⇌  / _X*[+syll][1-3-5]
V052_kasini,_ĩ_ ⇌ i1_i_ni1 / _si5s_3_,_5sĩ3 ⇌ ka5_3ni1 / _si_,i1si ⇌ ka / _5si3ni1
V053_suva'a, ⇌ i1 / _X*, ⇌  / X*[+syll][1-3-5],i1 ⇌  / _X*[+syll][1-3-5]
V054_ntikoo,_5 ⇌ i1_3 / _[+cons -syll -cg -lat -long][+syll]_[-lat]X+[-cons]*,5 ⇌ 3 / [+cons -syll -cg -lat -long][+syll]_[-lat]X+[-cons]*,i1 ⇌  / _X*[+syll][1-3-5]
V055_kuni,ɕ_3to3ⁿd͡ʑe3ʔe ⇌ _1ɕi1ni / _i_3,ɕi3t_ⁿd͡ʑe3ʔe ⇌ k_ni / _o3_3,i1ɕi1 ⇌ ko3 / _X*[+syll][1-3-5]
V056_kashi,_5 ⇌ i1_1 / _[+cons -syll -cg -lat -long]?[+syll]_[-lat]X+,ʃ_5 ⇌ k_1 / _a_ʃi1,i1ʃ ⇌ k / _a1ʃi1
V057_tashi,_5 ⇌ i1_1 / _[+cons -syll -cg -lat -long]?[+syll]_[-lat]X+,5 ⇌ 1 / [+cons -syll -cg -lat -long]?[+syll]_[-lat]X+5?,i1 ⇌  / _X*[+syll][1-3-5]
V058_sakuchi, ⇌ i1 / _X*, ⇌  / X*[+syll][1-3-5],i1 ⇌  / _X*[+syll][1-3-5]
V059_kuchi,_5 ⇌ i1_3 / _[+cons -syll -cg -lat -long][+syll]_[-lat]X+[-cons]*,ʃi5 ⇌ ko3 / _t͡ʃi3,i1ʃi ⇌ ko / _3t͡ʃi3
V060_kunani, ⇌ i1ɕi1 / _na3ni5, ⇌ ko3 / _k?[-cg -strid -lat -long][-cons +son]+[-syll]?[a-e-i-ã-ĩ-ẽ]5,i1ɕi1 ⇌ ko3 / _X*[+syll][1-3-5]
V061_saka,_5_5 ⇌ i1_3_3 / _X*[f-k-p-s-t-ɕ-ʃ-t͡ɕ-t͡ʃ-kʷ][a-e-i-ã-ĩ-ẽ]_[-lat]+_,5_5 ⇌ 3_3 / [+cons -son -syll -cg -lat -long][a-e-i-ã-ĩ-ẽ]_X+_,i1 ⇌  / _X*[+syll][1-3-5]
V062_chikaa,_5 ⇌ i1_3 / _[+cons -syll -cg -lat -long][+syll]_[-lat]X+[-cons]*,5 ⇌ 3 / [+cons -syll -cg -lat -long][+syll]_[-lat]X+[-cons]*,i1 ⇌  / _X*[+syll][1-3-5]
V063_kutxiya'a,_3 ⇌ i1ɕi1_1 / _ko_t͡ɕi5ʒa5ʔa5, ⇌  / X*[+syll][1-3-5],i1ɕi1_1 ⇌ _3 / _ko_t͡ɕi5ʒa5ʔa5
V064_tava,_5_5 ⇌ i1_3_3 / _X*[f-k-p-s-t-ɕ-ʃ-t͡ɕ-t͡ʃ-kʷ][a-e-i-ã-ĩ-ẽ]_[-lat]+_,5_5 ⇌ 3_3 / [+cons -son -syll -cg -lat -long][a-e-i-ã-ĩ-ẽ]_X+_,i1 ⇌  / _X*[+syll][1-3-5]
V065_ntikatxa,_5 ⇌ i1_3 / _[+cons -syll -cg -lat -long][+syll]_[-lat]X+[-cons]*,5 ⇌ 3 / [+cons -syll -cg -lat -long][+syll]_[-lat]X+[-cons]*,i1 ⇌  / _X*[+syll][1-3-5]
V066_koxoo,_5 ⇌ i1_3 / _[+cons -syll -cg -lat -long][+syll]_[-lat]X+[-cons]*,5 ⇌ 3 / [+cons -syll -cg -lat -long][+syll]_[-lat]X+[-cons]*,i1 ⇌  / _X*[+syll][1-3-5]
V067_taan,_5 ⇌ i1_1 / _[+cons -syll -cg -lat -long]?[+syll]_[-lat]X+,5 ⇌ 1 / [+cons -syll -cg -lat -long]?[+syll]_[-lat]X+5?,i1 ⇌  / _X*[+syll][1-3-5]
V068_ntova,_5 ⇌ i1_1 / _[+cons -syll -cg -lat -long]?[+syll]_[-lat]X+,5 ⇌ 1 / [+cons -syll -cg -lat -long]?[+syll]_[-lat]X+5?,i1 ⇌  / _X*[+syll][1-3-5]
V069_kuñu'un,_5 ⇌ i1ɕi1_3 / _[+cons -syll -cg -strid -lat -long][a-e-i-o]_[-lat][-cons +son][3-5]?,_5 ⇌ ko3_3 / _[+cons -syll -cg -strid -lat -long][a-e-o]_[-strid -lat -del.rel -long]X[-cons +son]?3?,i1ɕi1 ⇌ ko3 / _X*[+syll][1-3-5]
V070_yakua,_5 ⇌ i1_1 / _[+cons -syll -cg -lat -long]?[+syll]_[-lat]X+,5 ⇌ 1 / [+cons -syll -cg -lat -long]?[+syll]_[-lat]X+5?,i1 ⇌  / _X*[+syll][1-3-5]
V071_nuna,_5_5 ⇌ i1_1_1 / _[+cons -syll -cg -strid -lat -long][a-e-o]_[g-m-n-r-w-ð-ɲ-ɾ-ʔ-ⁿd][g-m-n-r-w-ð-ɲ-ɾ-ʒ-β-ⁿd͡ʑ-ⁿd]?[a-e-i]_,5_5 ⇌ 1_1 / [+cons -syll -cg -strid -lat -long][a-e-o]_[g-m-n-r-w-ð-ɲ-ɾ-ʔ-ⁿd][g-m-n-r-w-ð-ɲ-ɾ-ʒ-β-ⁿd͡ʑ-ⁿd]?[a-e-i]_,i1 ⇌  / _X*[+syll][1-3-5]
V072_kuna,_5 ⇌ i1_3 / _[+cons -syll -cg -lat -long][+syll]_[-lat]X+[-cons]*,ɕ_5 ⇌ k_3 / _[a-e-o]_[-syll -strid -lat -long][a-e-i-m-n-o-r-w-ã-õ-ĩ-ɲ-ẽ][-cons +son][3-5]?,i1ɕ ⇌ k / _X*[-cons +son][-syll]*[a-e-i-o][1-3-5]
V073_kixa'a,_3 ⇌ i1_1 / _[f-k-p-s-t-ɕ-ʃ-t͡ɕ-t͡ʃ-kʷ][a-e-i-o]_[-cg -strid -lat -long][-cons +son]X*[-cons +son]*,3 ⇌ 5 / k?[a-e-i-o-w-ɕ][-cons +son][-syll][a-e-o]_[-cons]*,i1_1_3 ⇌ _3_5 / _ki_ɕa_ʔa5
V074_ntantoso,_5 ⇌ i1_3 / _[+cons -syll -cg -lat -long][+syll]_[-lat]X+[-cons]*,5 ⇌ 3 / [+cons -syll -cg -lat -long][+syll]_[-lat]X+[-cons]*,i1 ⇌  / _X*[+syll][1-3-5]
V075_kuntxi'i,_5 ⇌ i1_3 / _[+cons -syll -cg -lat -long][+syll]_[-lat]X+[-cons]*,5 ⇌ 3 / [+cons -syll -cg -lat -long][+syll]_[-lat]X+[-cons]*,i1 ⇌  / _X*[+syll][1-3-5]
V076_kotontoso,_5 ⇌ i1_1 / _[+cons -syll -cg -lat -long]?[+syll]_[-lat]X+,ɕi5 ⇌ ko3 / _X*[e-i-o][3-5],i1ɕi1 ⇌ ko3 / _X*[+syll][1-3-5]
V077_kumani,_5 ⇌ i1_3 / _[+cons -syll -cg -lat -long][+syll]_[-lat]X+[-cons]*,5 ⇌ 3 / [+cons -syll -cg -lat -long][+syll]_[-lat]X+[-cons]*,i1 ⇌  / _X*[+syll][1-3-5]
V078_kotoo,_3 ⇌ i1_5 / _k?[a-e-i-o-w-ɕ][-cons +son][-syll][a-e-o]_[-cons +son]*,3 ⇌ 5 / k?[a-e-i-o-w-ɕ][-cons +son][-syll][a-e-o]_[-cons]*,i1 ⇌  / _X*[+syll][1-3-5]
V079_kasun,_5_5 ⇌ i1_3_3 / _X*[f-k-p-s-t-ɕ-ʃ-t͡ɕ-t͡ʃ-kʷ][a-e-i-ã-ĩ-ẽ]_[-lat]+_,5_5 ⇌ 3_3 / [+cons -son -syll -cg -lat -long][a-e-i-ã-ĩ-ẽ]_X+_,i1 ⇌  / _X*[+syll][1-3-5]
V080_sakasun, ⇌ i1 / _X*, ⇌  / X*[+syll][1-3-5],i1 ⇌  / _X*[+syll][1-3-5]
V081_kutxaki,_5_5 ⇌ i1ɕi1_3_3 / _[g-k-p-t-ð-ⁿd͡ʑ-ⁿd-t͡ɕ-kʷ][a-e-i]_[-cg -lat -nas -long]+_,_5_5 ⇌ ko3_3_3 / _[g-k-p-t-ð-ⁿd͡ʑ-ⁿd-t͡ɕ-kʷ][a-e-i]_[-cg -lat -nas -long]+_,i1ɕi1 ⇌ ko3 / _X*[+syll][1-3-5]
V082_koo,ĩ5ĩ ⇌ i1ɕo1o / _3,ĩ5ĩ ⇌ ko3o / _3,i1ɕ_1 ⇌ k_3 / _o_o3
V083_txe'i,_5_5 ⇌ i1_1_1 / _[+cons -syll -cg -strid -lat -long][a-e-o]_[g-m-n-r-w-ð-ɲ-ɾ-ʔ-ⁿd][g-m-n-r-w-ð-ɲ-ɾ-ʒ-β-ⁿd͡ʑ-ⁿd]?[a-e-i]_,5_5 ⇌ 1_1 / [+cons -syll -cg -strid -lat -long][a-e-o]_[g-m-n-r-w-ð-ɲ-ɾ-ʔ-ⁿd][g-m-n-r-w-ð-ɲ-ɾ-ʒ-β-ⁿd͡ʑ-ⁿd]?[a-e-i]_,i1 ⇌  / _X*[+syll][1-3-5]
V084_kagua,_5 ⇌ i1_1 / _[+cons -syll -cg -lat -long]?[+syll]_[-lat]X+,5 ⇌ 1 / [+cons -syll -cg -lat -long]?[+syll]_[-lat]X+5?,i1 ⇌  / _X*[+syll][1-3-5]
V085_ntataka,_5 ⇌ i1_3 / _[+cons -syll -cg -lat -long][+syll]_[-lat]X+[-cons]*,5 ⇌ 3 / [+cons -syll -cg -lat -long][+syll]_[-lat]X+[-cons]*,i1 ⇌  / _X*[+syll][1-3-5]
V086_santuvi,_5 ⇌ i1_3 / _[+cons -syll -cg -lat -long][+syll]_[-lat]X+[-cons]*, ⇌  / X*[+syll][1-3-5],i1_3 ⇌ _5 / _sa_ⁿdo3βi3
V087_kuchuun, ⇌ i1 / _X*, ⇌  / X*[+syll][1-3-5],i1 ⇌  / _X*[+syll][1-3-5]
V088_ntiki,_5 ⇌ i1_3 / _[+cons -syll -cg -lat -long][+syll]_[-lat]X+[-cons]*,5 ⇌ 3 / [+cons -syll -cg -lat -long][+syll]_[-lat]X+[-cons]*,i1 ⇌  / _X*[+syll][1-3-5]
V089_saka'a,_3 ⇌ i1_1 / _[f-k-p-s-t-ɕ-ʃ-t͡ɕ-t͡ʃ-kʷ][a-e-i-o]_[-cg -strid -lat -long][-cons +son]X*[-cons +son]*,3 ⇌ 1 / X*[f-k-p-s-t-ɕ-ʃ-t͡ɕ-t͡ʃ-kʷ][a-e-o]_[-cg -strid -lat -long][-cons +son]X*[-cons +son]*,i1 ⇌  / _X*[+syll][1-3-5]
V090_ntika'nu,_5 ⇌ i1_3 / _[+cons -syll -cg -lat -long][+syll]_[-lat]X+[-cons]*,5 ⇌ 3 / [+cons -syll -cg -lat -long][+syll]_[-lat]X+[-cons]*,i1 ⇌  / _X*[+syll][1-3-5]
V091_kachi,_5_5 ⇌ i1_3_3 / _X*[f-k-p-s-t-ɕ-ʃ-t͡ɕ-t͡ʃ-kʷ][a-e-i-ã-ĩ-ẽ]_[-lat]+_,5_5 ⇌ 3_3 / [+cons -son -syll -cg -lat -long][a-e-i-ã-ĩ-ẽ]_X+_,i1 ⇌  / _X*[+syll][1-3-5]
V092_ntachinuu,_5_5 ⇌ i1_3_3 / _[t-ð-ⁿd͡ʑ-ⁿd-t͡ɕ-t͡ʃ-ⁿd͡ʒ][a-e-i]_[g-k-p-t-ð-ⁿd͡ʑ-ⁿd-t͡ɕ-t͡ʃ-ⁿd͡ʒ-kʷ][e-i-o]X+[-syll][a-e-i-o]_,5_5 ⇌ 3_3 / [+cons -son -syll -cg -lat -long][a-e-i-ã-ĩ-ẽ]_X+_,i1 ⇌  / _X*[+syll][1-3-5]
V093_santoko, ⇌ i1 / _X*, ⇌  / X*[+syll][1-3-5],i1 ⇌  / _X*[+syll][1-3-5]
V094_kotuntxe'e,_5 ⇌ i1ɕi1to3_3 / _ⁿd͡ʑe_ʔe5,_5 ⇌ ko3to3_3 / _ⁿd͡ʑe_ʔe5,i1ɕi1 ⇌ ko3 / _X*[+syll][1-3-5]
V095_ntiyaa,_5 ⇌ i1_1 / _[+cons -syll -cg -lat -long]?[+syll]_[-lat]X+,5 ⇌ 1 / [+cons -syll -cg -lat -long]?[+syll]_[-lat]X+5?,i1 ⇌  / _X*[+syll][1-3-5]
V096_txitxiin,_5 ⇌ i1_3 / _[+cons -syll -cg -lat -long][+syll]_[-lat]X+[-cons]*,5 ⇌ 3 / [+cons -syll -cg -lat -long][+syll]_[-lat]X+[-cons]*,i1 ⇌  / _X*[+syll][1-3-5]
V097_txiin,_5 ⇌ i1_1 / _[+cons -syll -cg -lat -long]?[+syll]_[-lat]X+,5 ⇌ 1 / [+cons -syll -cg -lat -long]?[+syll]_[-lat]X+5?,i1 ⇌  / _X*[+syll][1-3-5]
V098_kunti'i,_5 ⇌ i1ɕ_1 / _i_ⁿdi3ʔi1,i5 ⇌ ko3 / _[t-ⁿd][a-e-i]3[g-k-p-t-ð-ʔ-kʷ][a-e-i][1-3],i1ɕi1 ⇌ ko3 / _X*[+syll][1-3-5]
V099_nu'un, ⇌ i1 / _X*, ⇌  / X*[+syll][1-3-5],i1 ⇌  / _X*[+syll][1-3-5]
V100_ntake'e,_5_5 ⇌ i1_3_3 / _[t-ð-ⁿd͡ʑ-ⁿd-t͡ɕ-t͡ʃ-ⁿd͡ʒ][a-e-i]_[g-k-p-t-ð-ⁿd͡ʑ-ⁿd-t͡ɕ-t͡ʃ-ⁿd͡ʒ-kʷ][e-i-o]X+[-syll][a-e-i-o]_,5_5 ⇌ 3_3 / [+cons -son -syll -cg -lat -long][a-e-i-ã-ĩ-ẽ]_X+_,i1 ⇌  / _X*[+syll][1-3-5]
V101_taan,_5_5 ⇌ i1_3_3 / _X*[f-k-p-s-t-ɕ-ʃ-t͡ɕ-t͡ʃ-kʷ][a-e-i-ã-ĩ-ẽ]_[-lat]+_,5_5 ⇌ 3_3 / [+cons -son -syll -cg -lat -long][a-e-i-ã-ĩ-ẽ]_X+_,i1 ⇌  / _X*[+syll][1-3-5]
V102_ku'un,kʷ ⇌ i1ɕ / _a1ʔã1,kʷa_ã ⇌ ko_õ / _1ʔ_1,i1ɕa_ã ⇌ ko_õ / _1ʔ_1
V103_ntikue'e, ⇌ i1ⁿdi3 / _kʷ[a-e][1-3-5]ʔ[a-e][1-3-5], ⇌ ⁿdi3 / _kʷ[a-e][1-3-5]ʔ[a-e][1-3-5],i1 ⇌  / _X*[+syll][1-3-5]
V104_ntxi'i,_5 ⇌ i1_3 / _[+cons -syll -cg -lat -long][+syll]_[-lat]X+[-cons]*,5 ⇌ 3 / [+cons -syll -cg -lat -long][+syll]_[-lat]X+[-cons]*,i1 ⇌  / _X*[+syll][1-3-5]
V105_tivi,_5 ⇌ i1_1 / _[+cons -syll -cg -lat -long]?[+syll]_[-lat]X+,5 ⇌ 1 / [+cons -syll -cg -lat -long]?[+syll]_[-lat]X+5?,i1 ⇌  / _X*[+syll][1-3-5]
V106_ka'mu,_5 ⇌ i1_1 / _[+cons -syll -cg -lat -long]?[+syll]_[-lat]X+,5 ⇌ 1 / [+cons -syll -cg -lat -long]?[+syll]_[-lat]X+5?,i1 ⇌  / _X*[+syll][1-3-5]
V107_kuixa,_5 ⇌ i1_1 / _[+cons -syll -cg -lat -long]?[+syll]_[-lat]X+,ɕ_5 ⇌ kʷ_1 / _[a-e-i]_[k-ɕ-t͡ɕ-kʷ][a-e-i][1-3],i1ɕ ⇌ kʷ / _[a-e-i][1-3][-syll -strid -lat -long]*[a-e-i-o][1-3]
V108_kaxi,_5_5 ⇌ i1_3_3 / _X*[f-k-p-s-t-ɕ-ʃ-t͡ɕ-t͡ʃ-kʷ][a-e-i-ã-ĩ-ẽ]_[-lat]+_,ɕ_5_5 ⇌ k_3_3 / _[a-e]_[-strid -lat -long]+_,i1ɕ ⇌ k / _X*[-cons +son][-syll]*[a-e-i-o][1-3-5]
V109_kee,_5_5 ⇌ i1_3_3 / _X*[f-k-p-s-t-ɕ-ʃ-t͡ɕ-t͡ʃ-kʷ][a-e-i-ã-ĩ-ẽ]_[-lat]+_,ɕ_5_5 ⇌ k_3_3 / _[a-e]_[-strid -lat -long]+_,i1ɕ ⇌ k / _X*[-cons +son][-syll]*[a-e-i-o][1-3-5]
V110_ke'e,_5 ⇌ i1_3 / _[+cons -syll -cg -lat -long][+syll]_[-lat]X+[-cons]*,5 ⇌ 3 / [+cons -syll -cg -lat -long][+syll]_[-lat]X+[-cons]*,i1 ⇌  / _X*[+syll][1-3-5]
V111_xani,_5 ⇌ i1_1 / _[+cons -syll -cg -lat -long]?[+syll]_[-lat]X+,5 ⇌ 1 / [+cons -syll -cg -lat -long]?[+syll]_[-lat]X+5?,i1 ⇌  / _X*[+syll][1-3-5]
V112_kusiiini,_5_3 ⇌ i1_3_1 / _[f-k-p-s-t-ɕ-ʃ-t͡ɕ-t͡ʃ-kʷ][a-e-o]_[s-ɕ-ʃ-ʒ][a-e-i]_[a-e-i]1[+son]*,5_3 ⇌ 3_1 / [f-k-p-s-t-ɕ-ʃ-t͡ɕ-t͡ʃ-kʷ][a-e-o]_[s-ɕ-ʃ-ʒ][a-e-i]_[a-e-i]1[+son]*,i1 ⇌  / _X*[+syll][1-3-5]
V113_kotoini,_5 ⇌ i1_3 / _[+cons -syll -cg -lat -long][+syll]_[-lat]X+[-cons]*,ɕi5 ⇌ ko3 / _X*[e-i-o][3-5],i1ɕi ⇌ ko / _X*[-cons +son][-syll]*[+syll][1-3-5]
V114_koto,_5 ⇌ i1_3 / _[+cons -syll -cg -lat -long][+syll]_[-lat]X+[-cons]*,ɕi5 ⇌ ko3 / _X*[e-i-o][3-5],i1ɕi ⇌ ko / _X*[-cons +son][-syll]*[+syll][1-3-5]
V115_nto'o,_5 ⇌ i1_3 / _[+cons -syll -cg -lat -long][+syll]_[-lat]X+[-cons]*,5 ⇌ 3 / [+cons -syll -cg -lat -long][+syll]_[-lat]X+[-cons]*,i1 ⇌  / _X*[+syll][1-3-5]
V116_ntikua'a, ⇌ i1 / _X*, ⇌  / X*[+syll][1-3-5],i1 ⇌  / _X*[+syll][1-3-5]
V117_kotoni'ni,_5_3 ⇌ i1_1_1 / _[k-ɕ-t͡ɕ-kʷ][a-e-i]_[f-g-k-p-t-ð-ɕ-ʒ-β-t͡ɕ-kʷ][a-e-o]_X*,ɕi5_3 ⇌ ko1_1 / _to_ni3ʔni3,i1ɕi ⇌ ko / _X*[-cons +son][-syll]*[+syll][1-3-5]
V118_ntakan,_5 ⇌ i1_3 / _[+cons -syll -cg -lat -long][+syll]_[-lat]X+[-cons]*,5 ⇌ 3 / [+cons -syll -cg -lat -long][+syll]_[-lat]X+[-cons]*,i1 ⇌  / _X*[+syll][1-3-5]
V119_ntakatu'un,_5 ⇌ i1_3 / _[+cons -syll -cg -lat -long][+syll]_[-lat]X+[-cons]*,5 ⇌ 3 / [+cons -syll -cg -lat -long][+syll]_[-lat]X+[-cons]*,i1 ⇌  / _X*[+syll][1-3-5]
V120_kana,_5 ⇌ i1_3 / _[+cons -syll -cg -lat -long][+syll]_[-lat]X+[-cons]*,5 ⇌ 3 / [+cons -syll -cg -lat -long][+syll]_[-lat]X+[-cons]*,i1 ⇌  / _X*[+syll][1-3-5]
V121_chintxee,_5 ⇌ i1_1 / _[+cons -syll -cg -lat -long]?[+syll]_[-lat]X+,5 ⇌ 1 / [+cons -syll -cg -lat -long]?[+syll]_[-lat]X+5?,i1 ⇌  / _X*[+syll][1-3-5]
V122_ki'in, ⇌ i1 / _X*, ⇌  / X*[+syll][1-3-5],i1 ⇌  / _X*[+syll][1-3-5]
V123_txatxa,_5_5 ⇌ i1_1_3 / _[l-r-t-ð-ɕ-ɾ-ʒ-t͡ɕ]a_[l-r-t-ð-ɕ-ɾ-ʒ-t͡ɕ]a_,5_5 ⇌ 1_3 / [l-r-t-ð-ɕ-ɾ-ʒ-t͡ɕ]a_[l-r-t-ð-ɕ-ɾ-ʒ-t͡ɕ]a_,i1 ⇌  / _X*[+syll][1-3-5]
V124_nuu,_5 ⇌ i1_3 / _[+cons -syll -cg -lat -long][+syll]_[-lat]X+[-cons]*,5 ⇌ 3 / [+cons -syll -cg -lat -long][+syll]_[-lat]X+[-cons]*,i1 ⇌  / _X*[+syll][1-3-5]
V125_nuuse'e,_5 ⇌ i1_3 / _[+cons -syll -cg -lat -long][+syll]_[-lat]X+[-cons]*,5 ⇌ 3 / [+cons -syll -cg -lat -long][+syll]_[-lat]X+[-cons]*,i1 ⇌  / _X*[+syll][1-3-5]
V126_keta,_5 ⇌ i1_1 / _[+cons -syll -cg -lat -long]?[+syll]_[-lat]X+,5 ⇌ 1 / [+cons -syll -cg -lat -long]?[+syll]_[-lat]X+5?,i1 ⇌  / _X*[+syll][1-3-5]
V127_koyo,_5 ⇌ i1_3 / _[+cons -syll -cg -lat -long][+syll]_[-lat]X+[-cons]*,5 ⇌ 3 / [+cons -syll -cg -lat -long][+syll]_[-lat]X+[-cons]*,i1 ⇌  / _X*[+syll][1-3-5]
V128_xaa,_5 ⇌ i1_1 / _[+cons -syll -cg -lat -long]?[+syll]_[-lat]X+,5 ⇌ 1 / [+cons -syll -cg -lat -long]?[+syll]_[-lat]X+5?,i1 ⇌  / _X*[+syll][1-3-5]
V129_satatan, ⇌ i1 / _X*, ⇌  / X*[+syll][1-3-5],i1 ⇌  / _X*[+syll][1-3-5]
V130_kini,_5 ⇌ i1_3 / _[+cons -syll -cg -lat -long][+syll]_[-lat]X+[-cons]*,5 ⇌ 3 / [+cons -syll -cg -lat -long][+syll]_[-lat]X+[-cons]*,i1 ⇌  / _X*[+syll][1-3-5]
V131_ntashita,_5 ⇌ i1_3 / _[+cons -syll -cg -lat -long][+syll]_[-lat]X+[-cons]*,5 ⇌ 3 / [+cons -syll -cg -lat -long][+syll]_[-lat]X+[-cons]*,i1 ⇌  / _X*[+syll][1-3-5]
V132_kuna,_5 ⇌ i1_1 / _[+cons -syll -cg -lat -long]?[+syll]_[-lat]X+,ɕ_5 ⇌ k_1 / _[a-e-o]_[g-m-n-r-w-ð-ɲ-ɾ-ʔ-ⁿd][a-e-i-m-n-o-r-w-ã-õ-ĩ-ɲ-ẽ][-cons +son]1?,i1ɕ ⇌ k / _X*[-cons +son][-syll]*[a-e-i-o][1-3-5]
V133_kukumi,_5 ⇌ i1ɕi1_3 / _[+cons -syll -cg -strid -lat -long][a-e-i-o]_[-lat][-cons +son][3-5]?,_5 ⇌ ko3_3 / _[+cons -syll -cg -strid -lat -long][a-e-o]_[-strid -lat -del.rel -long]X[-cons +son]?3?,i1ɕi1 ⇌ ko3 / _X*[+syll][1-3-5]
V134_tavi,_5 ⇌ i1_3 / _[+cons -syll -cg -lat -long][+syll]_[-lat]X+[-cons]*,5 ⇌ 3 / [+cons -syll -cg -lat -long][+syll]_[-lat]X+[-cons]*,i1 ⇌  / _X*[+syll][1-3-5]
V135_si'vi,_5 ⇌ i1_3 / _[+cons -syll -cg -lat -long][+syll]_[-lat]X+[-cons]*,5 ⇌ 3 / [+cons -syll -cg -lat -long][+syll]_[-lat]X+[-cons]*,i1 ⇌  / _X*[+syll][1-3-5]
V136_ntava,_5 ⇌ i1_3 / _[+cons -syll -cg -lat -long][+syll]_[-lat]X+[-cons]*,5 ⇌ 3 / [+cons -syll -cg -lat -long][+syll]_[-lat]X+[-cons]*,i1 ⇌  / _X*[+syll][1-3-5]
V137_kani'i,_5 ⇌ i1_3 / _[+cons -syll -cg -lat -long][+syll]_[-lat]X+[-cons]*,5 ⇌ 3 / [+cons -syll -cg -lat -long][+syll]_[-lat]X+[-cons]*,i1 ⇌  / _X*[+syll][1-3-5]
V138_chiñu'u, ⇌ i1 / _X*, ⇌  / X*[+syll][1-3-5],i1 ⇌  / _X*[+syll][1-3-5]
V139_kataxa'a,_3 ⇌ i1_1 / _[f-k-p-s-t-ɕ-ʃ-t͡ɕ-t͡ʃ-kʷ][a-e-i-o]_[-cg -strid -lat -long][-cons +son]X*[-cons +son]*,ɕi ⇌ ka / _3ta3ɕa5ʔa5,i1ɕi1 ⇌ ka3 / _X*[-syll][-highV][3-5]
V140_ki'vi,_5 ⇌ i1_1 / _[+cons -syll -cg -lat -long]?[+syll]_[-lat]X+,5 ⇌ 1 / [+cons -syll -cg -lat -long]?[+syll]_[-lat]X+5?,i1 ⇌  / _X*[+syll][1-3-5]
V141_kukii,_5_5 ⇌ i1ɕi1_3_3 / _[g-k-p-t-ð-ⁿd͡ʑ-ⁿd-t͡ɕ-kʷ][a-e-i]_[-cg -lat -nas -long]+_,_5_5 ⇌ ko3_3_3 / _[g-k-p-t-ð-ⁿd͡ʑ-ⁿd-t͡ɕ-kʷ][a-e-i]_[-cg -lat -nas -long]+_,i1ɕi1 ⇌ ko3 / _X*[+syll][1-3-5]
V142_ntakatxa,_5 ⇌ i1_3 / _[+cons -syll -cg -lat -long][+syll]_[-lat]X+[-cons]*,5 ⇌ 3 / [+cons -syll -cg -lat -long][+syll]_[-lat]X+[-cons]*,i1 ⇌  / _X*[+syll][1-3-5]
V143_katun,_5 ⇌ i1_1 / _[+cons -syll -cg -lat -long]?[+syll]_[-lat]X+,5 ⇌ 1 / [+cons -syll -cg -lat -long]?[+syll]_[-lat]X+5?,i1 ⇌  / _X*[+syll][1-3-5]
V144_ntikaxi,_5 ⇌ i1_3 / _[+cons -syll -cg -lat -long][+syll]_[-lat]X+[-cons]*,5 ⇌ 3 / [+cons -syll -cg -lat -long][+syll]_[-lat]X+[-cons]*,i1 ⇌  / _X*[+syll][1-3-5]
V145_txivintxaa,_5 ⇌ i1_3 / _[+cons -syll -cg -lat -long][+syll]_[-lat]X+[-cons]*,5 ⇌ 3 / [+cons -syll -cg -lat -long][+syll]_[-lat]X+[-cons]*,i1 ⇌  / _X*[+syll][1-3-5]
V146_ntakoto,_5 ⇌ i1_3 / _[+cons -syll -cg -lat -long][+syll]_[-lat]X+[-cons]*,5 ⇌ 3 / [+cons -syll -cg -lat -long][+syll]_[-lat]X+[-cons]*,i1 ⇌  / _X*[+syll][1-3-5]
V147_kunu,_5 ⇌ i1_3 / _[+cons -syll -cg -lat -long][+syll]_[-lat]X+[-cons]*,ɕi5 ⇌ ko3 / _X*[e-i-o][3-5],i1ɕi ⇌ ko / _X*[-cons +son][-syll]*[+syll][1-3-5]
V148_chinii,_5 ⇌ i1_3 / _[+cons -syll -cg -lat -long][+syll]_[-lat]X+[-cons]*,5 ⇌ 3 / [+cons -syll -cg -lat -long][+syll]_[-lat]X+[-cons]*,i1 ⇌  / _X*[+syll][1-3-5]
V149_kutaka,_5 ⇌ i1ɕ_3 / _i_ta3ka3,i5 ⇌ ko3 / _[t-ⁿd][a-e-i]3[g-k-p-t-ð-ʔ-kʷ][a-e-i][1-3],i1ɕi ⇌ ko / _X*[-cons +son][-syll]*[+syll][1-3-5]
V150_kataka,_5 ⇌ i1_3 / _[+cons -syll -cg -lat -long][+syll]_[-lat]X+[-cons]*,5 ⇌ 3 / [+cons -syll -cg -lat -long][+syll]_[-lat]X+[-cons]*,i1 ⇌  / _X*[+syll][1-3-5]
V151_ntata,_5 ⇌ i1_3 / _[+cons -syll -cg -lat -long][+syll]_[-lat]X+[-cons]*,5 ⇌ 3 / [+cons -syll -cg -lat -long][+syll]_[-lat]X+[-cons]*,i1 ⇌  / _X*[+syll][1-3-5]
V152_kuya'a, ⇌ i1ko3 / _k?[-cg -strid -lat -long][-cons +son]+[1-3-5-ʔ]?[a-e-i-ã-ĩ-ẽ]5, ⇌ ko3 / _k?[-cg -strid -lat -long][-cons +son]+[-syll]?[a-e-i-ã-ĩ-ẽ]5,i1 ⇌  / _X*[+syll][1-3-5]
V153_ntikua'a, ⇌ i1ⁿdi3 / _kʷ[a-e][1-3-5]ʔ[a-e][1-3-5], ⇌ ⁿdi3 / _kʷ[a-e][1-3-5]ʔ[a-e][1-3-5],i1 ⇌  / _X*[+syll][1-3-5]
V154_ntasi,_5_5 ⇌ i1ɕi1_3_3 / _[g-k-p-t-ð-ⁿd͡ʑ-ⁿd-t͡ɕ-kʷ][a-e-i]_[-cg -lat -nas -long]+_,_5_5 ⇌ ko3_3_3 / _[g-k-p-t-ð-ⁿd͡ʑ-ⁿd-t͡ɕ-kʷ][a-e-i]_[-cg -lat -nas -long]+_,i1ɕi1 ⇌ ko3 / _X*[+syll][1-3-5]
V155_soo,_5 ⇌ i1_3 / _[+cons -syll -cg -lat -long][+syll]_[-lat]X+[-cons]*,5 ⇌ 3 / [+cons -syll -cg -lat -long][+syll]_[-lat]X+[-cons]*,i1 ⇌  / _X*[+syll][1-3-5]
V156_kuntaa,_5 ⇌ i1ɕi1_1 / _[n-ⁿd]a_[a-ʔ][-cons +son]1?,_5 ⇌ ko3_1 / _[n-r-ð-ɾ-ʒ-ⁿd͡ʑ-ⁿd][a-e-i]_[a-ʔ]X[-cons +son]*,i1ɕi1 ⇌ ko3 / _X*[+syll][1-3-5]
V157_kantxaa,_5 ⇌ i1_3 / _[+cons -syll -cg -lat -long][+syll]_[-lat]X+[-cons]*,5 ⇌ 3 / [+cons -syll -cg -lat -long][+syll]_[-lat]X+[-cons]*,i1 ⇌  / _X*[+syll][1-3-5]
V158_ya'a,_5 ⇌ i1_3 / _[+cons -syll -cg -lat -long][+syll]_[-lat]X+[-cons]*,5 ⇌ 3 / [+cons -syll -cg -lat -long][+syll]_[-lat]X+[-cons]*,i1 ⇌  / _X*[+syll][1-3-5]
V159_ntixaa,_5 ⇌ i1_3 / _[+cons -syll -cg -lat -long][+syll]_[-lat]X+[-cons]*,5 ⇌ 3 / [+cons -syll -cg -lat -long][+syll]_[-lat]X+[-cons]*,i1 ⇌  / _X*[+syll][1-3-5]
V160_txaso'o,_5 ⇌ i1_3 / _[+cons -syll -cg -lat -long][+syll]_[-lat]X+[-cons]*,5 ⇌ 3 / [+cons -syll -cg -lat -long][+syll]_[-lat]X+[-cons]*,i1 ⇌  / _X*[+syll][1-3-5]
V161_ntuta'an,_5 ⇌ i1_3 / _[+cons -syll -cg -lat -long][+syll]_[-lat]X+[-cons]*,5 ⇌ 3 / [+cons -syll -cg -lat -long][+syll]_[-lat]X+[-cons]*,i1 ⇌  / _X*[+syll][1-3-5]
V162_kutuntxe'e,_3 ⇌ i1_1 / _[f-k-p-s-t-ɕ-ʃ-t͡ɕ-t͡ʃ-kʷ][a-e-i-o]_[-cg -strid -lat -long][-cons +son]X*[-cons +son]*,ɕi_5 ⇌ ko_3 / _3to3ⁿd͡ʑe3ʔe_,i1ɕi1_5 ⇌ ko3_3 / _to3ⁿd͡ʑe3ʔe_
V163_chintoo,_5 ⇌ i1_3 / _[+cons -syll -cg -lat -long][+syll]_[-lat]X+[-cons]*,5 ⇌ 3 / [+cons -syll -cg -lat -long][+syll]_[-lat]X+[-cons]*,i1 ⇌  / _X*[+syll][1-3-5]
V164_chitivintxaa,_1 ⇌ i1_3 / _t͡ʃi3ti3βi_ⁿd͡ʑa3a3,1 ⇌ 3 / X*[f-g-k-p-t-ð-ɕ-ʒ-β-t͡ɕ-kʷ][a-e-i]3[f-g-k-p-t-ð-ɕ-ʒ-ʔ-β-t͡ɕ-kʷ][a-e-i]_X*,i1 ⇌  / _X*[+syll][1-3-5]
V165_koso,s_5 ⇌ i1ɕ_3 / _i_so3,si5 ⇌ ko3 / _X*[f-k-p-s-t-ɕ-ʃ-t͡ɕ-t͡ʃ-kʷ][e-i-o][3-5],i1ɕi ⇌ ko / _X*[-cons +son][-syll]*[+syll][1-3-5]
V166_vaxi,βa_ ⇌ i_ki3 / _1_ɕi3,βa1 ⇌ ki3 / _ɕi3,i1 ⇌  / _X*[+syll][1-3-5]
V167_tanta'a,_5 ⇌ i1_3 / _[+cons -syll -cg -lat -long][+syll]_[-lat]X+[-cons]*,5 ⇌ 3 / [+cons -syll -cg -lat -long][+syll]_[-lat]X+[-cons]*,i1 ⇌  / _X*[+syll][1-3-5]
V168_ka'an,_5 ⇌ i1_3 / _[+cons -syll -cg -lat -long][+syll]_[-lat]X+[-cons]*,5 ⇌ 3 / [+cons -syll -cg -lat -long][+syll]_[-lat]X+[-cons]*,i1 ⇌  / _X*[+syll][1-3-5]
V169_sa'antxiva'a, ⇌ i1 / _X*,1 ⇌ 3 / X*[f-g-k-p-t-ð-ɕ-ʒ-β-t͡ɕ-kʷ][a-e-i]3[f-g-k-p-t-ð-ɕ-ʒ-ʔ-β-t͡ɕ-kʷ][a-e-i]_X*,i1_1 ⇌ _3 / _sa5ʔa3ⁿd͡ʑi5βa3ʔa_
V170_kanii,_5 ⇌ i1_3 / _[+cons -syll -cg -lat -long][+syll]_[-lat]X+[-cons]*,5 ⇌ 3 / [+cons -syll -cg -lat -long][+syll]_[-lat]X+[-cons]*,i1 ⇌  / _X*[+syll][1-3-5]
V171_kontoo,_3 ⇌ i1_1 / _[f-k-p-s-t-ɕ-ʃ-t͡ɕ-t͡ʃ-kʷ][a-e-i-o]_[-cg -strid -lat -long][-cons +son]X*[-cons +son]*,3 ⇌ 1 / X*[f-k-p-s-t-ɕ-ʃ-t͡ɕ-t͡ʃ-kʷ][a-e-o]_[-cg -strid -lat -long][-cons +son]X*[-cons +son]*,i1 ⇌  / _X*[+syll][1-3-5]
V172_ntikintxee,_5 ⇌ i1_3 / _[-dist][a-e-i]5[f-k-p-s-t-ɕ-ʃ-t͡ɕ-t͡ʃ-kʷ]i_X*,5 ⇌ 3 / ⁿdi5ki_ⁿd͡ʑe3e5,i1 ⇌  / _X*[+syll][1-3-5]
V174_tivi,_5 ⇌ i1_3 / _[+cons -syll -cg -lat -long][+syll]_[-lat]X+[-cons]*,5 ⇌ 3 / [+cons -syll -cg -lat -long][+syll]_[-lat]X+[-cons]*,i1 ⇌  / _X*[+syll][1-3-5]
V175_kata,_5 ⇌ i1_3 / _[+cons -syll -cg -lat -long][+syll]_[-lat]X+[-cons]*,ɕi5 ⇌ ka3 / _X*[g-k-p-t-ð-ʔ-kʷ][a-ã]3,i1ɕi ⇌ ka / _[1-3][k-p-t-kʷ][a-ã][1-3]
V176_ntxikoni'i,_5 ⇌ i1_3 / _[+cons -syll -cg -lat -long][+syll]_[-lat]X+[-cons]*,5 ⇌ 3 / [+cons -syll -cg -lat -long][+syll]_[-lat]X+[-cons]*,i1 ⇌  / _X*[+syll][1-3-5]
V177_chinuu,_5 ⇌ i1_3 / _[+cons -syll -cg -lat -long][+syll]_[-lat]X+[-cons]*,5 ⇌ 3 / [+cons -syll -cg -lat -long][+syll]_[-lat]X+[-cons]*,i1 ⇌  / _X*[+syll][1-3-5]
V178_,_5 ⇌ i1ɕi3_1 / _ʒi_ʔβi1,_5 ⇌ ko3_1 / _[n-r-ð-ɾ-ʒ-ⁿd͡ʑ-ⁿd][a-e-i]_[a-ʔ]X[-cons +son]*,i1ɕi ⇌ ko / _X*[-cons +son][-syll]*[+syll][1-3-5]
V179_sakua'a, ⇌ i1 / _X*, ⇌  / X*[+syll][1-3-5],i1 ⇌  / _X*[+syll][1-3-5]
V180_kantakava,_5 ⇌ i1_3 / _[+cons -syll -cg -lat -long][+syll]_[-lat]X+[-cons]*,5 ⇌ 3 / [+cons -syll -cg -lat -long][+syll]_[-lat]X+[-cons]*,i1 ⇌  / _X*[+syll][1-3-5]
V181_kanta,_5 ⇌ i1_3 / _[+cons -syll -cg -lat -long][+syll]_[-lat]X+[-cons]*,5 ⇌ 3 / [+cons -syll -cg -lat -long][+syll]_[-lat]X+[-cons]*,i1 ⇌  / _X*[+syll][1-3-5]
V182_xaa, ⇌ i1 / _X*, ⇌  / X*[+syll][1-3-5],i1 ⇌  / _X*[+syll][1-3-5]
V183_ntani'i,_5 ⇌ i1_3 / _[+cons -syll -cg -lat -long][+syll]_[-lat]X+[-cons]*,5 ⇌ 3 / [+cons -syll -cg -lat -long][+syll]_[-lat]X+[-cons]*,i1 ⇌  / _X*[+syll][1-3-5]
V184_ntativi,_5 ⇌ i1_3 / _[+cons -syll -cg -lat -long][+syll]_[-lat]X+[-cons]*,5 ⇌ 3 / [+cons -syll -cg -lat -long][+syll]_[-lat]X+[-cons]*,i1 ⇌  / _X*[+syll][1-3-5]
V185_kukuiti, ⇌ i1 / _X*,sa5 ⇌ ko3 / _kʷi3ti5,i1sa5 ⇌ ko3 / _kʷi3ti5
V186_sakutxiya'a, ⇌ i1 / _X*, ⇌  / X*[+syll][1-3-5],i1 ⇌  / _X*[+syll][1-3-5]
V187_sakukunuo, ⇌ i1 / _X*, ⇌  / X*[+syll][1-3-5],i1 ⇌  / _X*[+syll][1-3-5]
V188_koto'va,_5 ⇌ i1_1 / _[+cons -syll -cg -lat -long]?[+syll]_[-lat]X+,5 ⇌ 3 / [+cons -syll -cg -lat -long][+syll]_[-lat]X+[-cons]*,i1_1 ⇌ _3 / _X*[g-k-p-t-ð-ⁿd͡ʑ-ⁿd-t͡ɕ-t͡ʃ-ⁿd͡ʒ-kʷ][a-e-i-o]_[f-g-k-p-t-ð-ɕ-ʒ-ʔ-β-t͡ɕ-kʷ][a-e-o][1-3-5]X*
V189_ntoo,_5 ⇌ i1_3 / _[+cons -syll -cg -lat -long][+syll]_[-lat]X+[-cons]*,5 ⇌ 3 / [+cons -syll -cg -lat -long][+syll]_[-lat]X+[-cons]*,i1 ⇌  / _X*[+syll][1-3-5]
V190_ntaki'in,_5 ⇌ i1_3 / _[+cons -syll -cg -lat -long][+syll]_[-lat]X+[-cons]*,5 ⇌ 3 / [+cons -syll -cg -lat -long][+syll]_[-lat]X+[-cons]*,i1 ⇌  / _X*[+syll][1-3-5]
V191_ni'i,_5 ⇌ i1_3 / _[+cons -syll -cg -lat -long][+syll]_[-lat]X+[-cons]*,5 ⇌ 3 / [+cons -syll -cg -lat -long][+syll]_[-lat]X+[-cons]*,i1 ⇌  / _X*[+syll][1-3-5]
V192_kuka'nu,ko3 ⇌ i1ɕi1 / _ka5ʔno3, ⇌  / X*[+syll][1-3-5],i1ɕi1 ⇌ ko3 / _X*[+syll][1-3-5]
V193_xaa,_3 ⇌ i1_5 / _k?[a-e-i-o-w-ɕ][-cons +son][-syll][a-e-o]_[-cons +son]*,3 ⇌ 5 / k?[a-e-i-o-w-ɕ][-cons +son][-syll][a-e-o]_[-cons]*,i1 ⇌  / _X*[+syll][1-3-5]
V194_koko,_5 ⇌ i1_3 / _[+cons -syll -cg -lat -long][+syll]_[-lat]X+[-cons]*,ɕi5 ⇌ ko3 / _X*[e-i-o][3-5],i1ɕi ⇌ ko / _X*[-cons +son][-syll]*[+syll][1-3-5]
V195_tivi,_5 ⇌ i1_3 / _[+cons -syll -cg -lat -long][+syll]_[-lat]X+[-cons]*,5 ⇌ 3 / [+cons -syll -cg -lat -long][+syll]_[-lat]X+[-cons]*,i1 ⇌  / _X*[+syll][1-3-5]
V196_santxi'i, ⇌ i1 / _X*, ⇌  / X*[+syll][1-3-5],i1 ⇌  / _X*[+syll][1-3-5]
V197_tase'e, ⇌ i1 / _X*, ⇌  / X*[+syll][1-3-5],i1 ⇌  / _X*[+syll][1-3-5]
V198_kaa,_5 ⇌ i1_3 / _[+cons -syll -cg -lat -long][+syll]_[-lat]X+[-cons]*,5 ⇌ 3 / [+cons -syll -cg -lat -long][+syll]_[-lat]X+[-cons]*,i1 ⇌  / _X*[+syll][1-3-5]
V199_santoo, ⇌ i1 / _X*, ⇌  / X*[+syll][1-3-5],i1 ⇌  / _X*[+syll][1-3-5]
V200_kontoo,_5 ⇌ i1ɕi1_3 / _[+cons -syll -cg -strid -lat -long][a-e-i-o]_[-lat][-cons +son][3-5]?,_5 ⇌ ko3_3 / _[+cons -syll -cg -strid -lat -long][a-e-o]_[-strid -lat -del.rel -long]X[-cons +son]?3?,i1ɕi1 ⇌ ko3 / _X*[+syll][1-3-5]
V201_ntañuu,_5 ⇌ i1_3 / _[+cons -syll -cg -lat -long][+syll]_[-lat]X+[-cons]*,5 ⇌ 3 / [+cons -syll -cg -lat -long][+syll]_[-lat]X+[-cons]*,i1 ⇌  / _X*[+syll][1-3-5]
V202_ntaa,kʷa3 ⇌ i1 / _ⁿda3a3,kʷa3 ⇌  / _ⁿda3a3,i1 ⇌  / _X*[+syll][1-3-5]
V203_xinu,_5 ⇌ i1_1 / _[+cons -syll -cg -lat -long]?[+syll]_[-lat]X+,5 ⇌ 1 / [+cons -syll -cg -lat -long]?[+syll]_[-lat]X+5?,i1 ⇌  / _X*[+syll][1-3-5]
V204_katxa,_5_5 ⇌ i1_3_3 / _X*[f-k-p-s-t-ɕ-ʃ-t͡ɕ-t͡ʃ-kʷ][a-e-i-ã-ĩ-ẽ]_[-lat]+_,ɕ_5_5 ⇌ k_3_3 / _[a-e]_[-strid -lat -long]+_,i1ɕ ⇌ k / _X*[-cons +son][-syll]*[a-e-i-o][1-3-5]
V205_kuitxa,_5 ⇌ i1_1 / _[+cons -syll -cg -lat -long]?[+syll]_[-lat]X+,ɕ_5 ⇌ kʷ_1 / _[a-e-i]_[k-ɕ-t͡ɕ-kʷ][a-e-i][1-3],i1ɕ ⇌ kʷ / _[a-e-i][1-3][-syll -strid -lat -long]*[a-e-i-o][1-3]
V206_yakun,_5 ⇌ i1_3 / _[+cons -syll -cg -lat -long][+syll]_[-lat]X+[-cons]*,5 ⇌ 3 / [+cons -syll -cg -lat -long][+syll]_[-lat]X+[-cons]*,i1 ⇌  / _X*[+syll][1-3-5]
V207_katei,_3_3 ⇌ i1_1_1 / _ka_te_i1,3_3 ⇌ 1_1 / ka_te_i1,i1 ⇌  / _X*[+syll][1-3-5]
V208_nañu,_5 ⇌ i1_3 / _[+cons -syll -cg -lat -long][+syll]_[-lat]X+[-cons]*,5 ⇌ 3 / [+cons -syll -cg -lat -long][+syll]_[-lat]X+[-cons]*,i1 ⇌  / _X*[+syll][1-3-5]
V209_nuntxa'a,_5 ⇌ i1_3 / _[+cons -syll -cg -lat -long][+syll]_[-lat]X+[-cons]*,5 ⇌ 3 / [+cons -syll -cg -lat -long][+syll]_[-lat]X+[-cons]*,i1 ⇌  / _X*[+syll][1-3-5]
V210_ntiku'unini,_5 ⇌ i1_3 / _[+cons -syll -cg -lat -long][+syll]_[-lat]X+[-cons]*,5 ⇌ 3 / [+cons -syll -cg -lat -long][+syll]_[-lat]X+[-cons]*,i1 ⇌  / _X*[+syll][1-3-5]
V211_saya'a, ⇌ i1 / _X*,sa5 ⇌  / _[-cg -strid -lat -del.rel -long]*[-syll][a-k-kʷ][-cons +son][1-3-5-ʔ]a[1-3],i1sa5 ⇌  / _[-cg -strid -lat -del.rel -long]*[-syll][a-k-kʷ][-cons +son][1-3-5-ʔ]a[1-3]
V212_ku'ni,_5 ⇌ i1_3 / _[+cons -syll -cg -lat -long][+syll]_[-lat]X+[-cons]*,ɕ_5 ⇌ k_3 / _[a-e-o]_[-syll -strid -lat -long][a-e-i-m-n-o-r-w-ã-õ-ĩ-ɲ-ẽ][-cons +son][3-5]?,i1ɕ ⇌ k / _X*[-cons +son][-syll]*[a-e-i-o][1-3-5]
V213_kaan,_5_5 ⇌ i1_3_3 / _X*[f-k-p-s-t-ɕ-ʃ-t͡ɕ-t͡ʃ-kʷ][a-e-i-ã-ĩ-ẽ]_[-lat]+_,5_5 ⇌ 3_3 / [+cons -son -syll -cg -lat -long][a-e-i-ã-ĩ-ẽ]_X+_,i1 ⇌  / _X*[+syll][1-3-5]
V214_yata,_5 ⇌ i1_3 / _[+cons -syll -cg -lat -long][+syll]_[-lat]X+[-cons]*,5 ⇌ 3 / [+cons -syll -cg -lat -long][+syll]_[-lat]X+[-cons]*,i1 ⇌  / _X*[+syll][1-3-5]
V215_ka'ntxi,_5_5 ⇌ i1_3_3 / _X*[f-k-p-s-t-ɕ-ʃ-t͡ɕ-t͡ʃ-kʷ][a-e-i-ã-ĩ-ẽ]_[-lat]+_,5_5 ⇌ 3_3 / [+cons -son -syll -cg -lat -long][a-e-i-ã-ĩ-ẽ]_X+_,i1 ⇌  / _X*[+syll][1-3-5]
V216_xuun,_5 ⇌ i1_1 / _[+cons -syll -cg -lat -long]?[+syll]_[-lat]X+,5 ⇌ 1 / [+cons -syll -cg -lat -long]?[+syll]_[-lat]X+5?,i1 ⇌  / _X*[+syll][1-3-5]
V217_tuun,_5 ⇌ i1_1 / _[+cons -syll -cg -lat -long]?[+syll]_[-lat]X+,5 ⇌ 1 / [+cons -syll -cg -lat -long]?[+syll]_[-lat]X+5?,i1 ⇌  / _X*[+syll][1-3-5]
V218_chikava'a,_5 ⇌ i1_3 / _[+cons -syll -cg -lat -long][+syll]_[-lat]X+[-cons]*,5 ⇌ 3 / [+cons -syll -cg -lat -long][+syll]_[-lat]X+[-cons]*,i1 ⇌  / _X*[+syll][1-3-5]
V219_ntakaa, ⇌ i1 / _X*,sa5 ⇌  / _[-cg -strid -lat -del.rel -long]*[-syll][a-k-kʷ][-cons +son][1-3-5-ʔ]a[1-3],i1sa5 ⇌  / _[-cg -strid -lat -del.rel -long]*[-syll][a-k-kʷ][-cons +son][1-3-5-ʔ]a[1-3]
V220_chikanii, ⇌ i1 / _X*, ⇌  / X*[+syll][1-3-5],i1 ⇌  / _X*[+syll][1-3-5]
V221_yivintxaa,_1 ⇌ i1_3 / _ʒi_βi3ⁿd͡ʑa3a3,1 ⇌ 3 / ʒi_βi3ⁿd͡ʑa3a3,i1 ⇌  / _X*[+syll][1-3-5]
V222_chikili,_5 ⇌ i1_3 / _[+cons -syll -cg -lat -long][+syll]_[-lat]X+[-cons]*,5 ⇌ 3 / [+cons -syll -cg -lat -long][+syll]_[-lat]X+[-cons]*,i1 ⇌  / _X*[+syll][1-3-5]
V223_txa'ntxa,_5_5 ⇌ i1_1_1 / _[+cons -syll -cg -strid -lat -long][a-e-o]_[g-m-n-r-w-ð-ɲ-ɾ-ʔ-ⁿd][g-m-n-r-w-ð-ɲ-ɾ-ʒ-β-ⁿd͡ʑ-ⁿd]?[a-e-i]_,5_5 ⇌ 1_1 / [+cons -syll -cg -strid -lat -long][a-e-o]_[g-m-n-r-w-ð-ɲ-ɾ-ʔ-ⁿd][g-m-n-r-w-ð-ɲ-ɾ-ʒ-β-ⁿd͡ʑ-ⁿd]?[a-e-i]_,i1 ⇌  / _X*[+syll][1-3-5]
V224_kuntasi,_3 ⇌ i1_1 / _[f-k-p-s-t-ɕ-ʃ-t͡ɕ-t͡ʃ-kʷ][a-e-i-o]_[-cg -strid -lat -long][-cons +son]X*[-cons +son]*,3 ⇌ 1 / X*[f-k-p-s-t-ɕ-ʃ-t͡ɕ-t͡ʃ-kʷ][a-e-o]_[-cg -strid -lat -long][-cons +son]X*[-cons +son]*,i1 ⇌  / _X*[+syll][1-3-5]
V225_kuntakaa,_5_3_3 ⇌ i1ɕi1_3_1_1 / _ⁿda_ka_a_,_5_3_3 ⇌ ko3_3_1_1 / _ⁿda_ka_a_,i1ɕi1 ⇌ ko3 / _X*[+syll][1-3-5]
V226_cho'o,_5 ⇌ i1_1 / _[+cons -syll -cg -lat -long]?[+syll]_[-lat]X+,5 ⇌ 1 / [+cons -syll -cg -lat -long]?[+syll]_[-lat]X+5?,i1 ⇌  / _X*[+syll][1-3-5]
V227_kuva'a,_5 ⇌ i1_3 / _[+cons -syll -cg -lat -long][+syll]_[-lat]X+[-cons]*,5 ⇌ 3 / [+cons -syll -cg -lat -long][+syll]_[-lat]X+[-cons]*,i1 ⇌  / _X*[+syll][1-3-5]
V228_kee,_5 ⇌ i1_1 / _[+cons -syll -cg -lat -long]?[+syll]_[-lat]X+,5 ⇌ 1 / [+cons -syll -cg -lat -long]?[+syll]_[-lat]X+5?,i1 ⇌  / _X*[+syll][1-3-5]
V229_kai,_3 ⇌ i1_1 / _[f-k-p-s-t-ɕ-ʃ-t͡ɕ-t͡ʃ-kʷ][a-e-i-o]_[-cg -strid -lat -long][-cons +son]X*[-cons +son]*,3 ⇌ 1 / X*[f-k-p-s-t-ɕ-ʃ-t͡ɕ-t͡ʃ-kʷ][a-e-o]_[-cg -strid -lat -long][-cons +son]X*[-cons +son]*,i1 ⇌  / _X*[+syll][1-3-5]
V230_ka'a,_5 ⇌ i1_3 / _[+cons -syll -cg -lat -long][+syll]_[-lat]X+[-cons]*,5 ⇌ 3 / [+cons -syll -cg -lat -long][+syll]_[-lat]X+[-cons]*,i1 ⇌  / _X*[+syll][1-3-5]
V231_sakuachi, ⇌ i1 / _X*, ⇌  / X*[+syll][1-3-5],i1 ⇌  / _X*[+syll][1-3-5]
V232_shita,_5 ⇌ i1_1 / _[+cons -syll -cg -lat -long]?[+syll]_[-lat]X+,5 ⇌ 1 / [+cons -syll -cg -lat -long]?[+syll]_[-lat]X+5?,i1 ⇌  / _X*[+syll][1-3-5]
V233_ntakaxi,_5 ⇌ i1_3 / _[+cons -syll -cg -lat -long][+syll]_[-lat]X+[-cons]*,5 ⇌ 3 / [+cons -syll -cg -lat -long][+syll]_[-lat]X+[-cons]*,i1 ⇌  / _X*[+syll][1-3-5]
V234_txaa,_5 ⇌ i1_3 / _[+cons -syll -cg -lat -long][+syll]_[-lat]X+[-cons]*,5 ⇌ 3 / [+cons -syll -cg -lat -long][+syll]_[-lat]X+[-cons]*,i1 ⇌  / _X*[+syll][1-3-5]
V235_sana'a, ⇌ i1 / _X*, ⇌  / X*[+syll][1-3-5],i1 ⇌  / _X*[+syll][1-3-5]
V236_ntuva'a,_5 ⇌ i1_1 / _[+cons -syll -cg -lat -long]?[+syll]_[-lat]X+,5 ⇌ 3 / [+cons -syll -cg -lat -long][+syll]_[-lat]X+[-cons]*,i1_1 ⇌ _3 / _X*[g-k-p-t-ð-ⁿd͡ʑ-ⁿd-t͡ɕ-t͡ʃ-ⁿd͡ʒ-kʷ][a-e-i-o]_[f-g-k-p-t-ð-ɕ-ʒ-ʔ-β-t͡ɕ-kʷ][a-e-o][1-3-5]X*
V237_saka,_5 ⇌ i1_1 / _[+cons -syll -cg -lat -long]?[+syll]_[-lat]X+,5 ⇌ 1 / [+cons -syll -cg -lat -long]?[+syll]_[-lat]X+5?,i1 ⇌  / _X*[+syll][1-3-5]
V238_chita'an,_5 ⇌ i1_1 / _[+cons -syll -cg -lat -long]?[+syll]_[-lat]X+,5 ⇌ 3 / [+cons -syll -cg -lat -long][+syll]_[-lat]X+[-cons]*,i1_1 ⇌ _3 / _X*[g-k-p-t-ð-ⁿd͡ʑ-ⁿd-t͡ɕ-t͡ʃ-ⁿd͡ʒ-kʷ][a-e-i-o]_[f-g-k-p-t-ð-ɕ-ʒ-ʔ-β-t͡ɕ-kʷ][a-e-o][1-3-5]X*
V239_ntakuni,_5 ⇌ i1_1 / _[+cons -syll -cg -lat -long]?[+syll]_[-lat]X+,5 ⇌ 3 / [+cons -syll -cg -lat -long][+syll]_[-lat]X+[-cons]*,i1_1 ⇌ _3 / _X*[g-k-p-t-ð-ⁿd͡ʑ-ⁿd-t͡ɕ-t͡ʃ-ⁿd͡ʒ-kʷ][a-e-i-o]_[f-g-k-p-t-ð-ɕ-ʒ-ʔ-β-t͡ɕ-kʷ][a-e-o][1-3-5]X*
V240_sanuntxa'a, ⇌ i1 / _X*, ⇌  / X*[+syll][1-3-5],i1 ⇌  / _X*[+syll][1-3-5]
V241_kununu,_5 ⇌ i1_1 / _[+cons -syll -cg -lat -long]?[+syll]_[-lat]X+,ɕi5ka ⇌ ko3no / _3no3,i1ɕi1ka ⇌ ko3no / _3no3
V242_kakintxaa, ⇌ i1 / _X*,ɕ ⇌ k / _a3ki3ⁿd͡ʑa3a3,i1ɕ ⇌ k / _X*[-cons +son][-syll]*[a-e-i-o][1-3-5]
V243_ta'vi,_5_5 ⇌ i1_1_1 / _[+cons -syll -cg -strid -lat -long][a-e-o]_[g-m-n-r-w-ð-ɲ-ɾ-ʔ-ⁿd][g-m-n-r-w-ð-ɲ-ɾ-ʒ-β-ⁿd͡ʑ-ⁿd]?[a-e-i]_,5_5 ⇌ 1_1 / [+cons -syll -cg -strid -lat -long][a-e-o]_[g-m-n-r-w-ð-ɲ-ɾ-ʔ-ⁿd][g-m-n-r-w-ð-ɲ-ɾ-ʒ-β-ⁿd͡ʑ-ⁿd]?[a-e-i]_,i1 ⇌  / _X*[+syll][1-3-5]
V244_kavanuu,_5 ⇌ i1_3 / _[+cons -syll -cg -lat -long][+syll]_[-lat]X+[-cons]*,5 ⇌ 3 / [+cons -syll -cg -lat -long][+syll]_[-lat]X+[-cons]*,i1 ⇌  / _X*[+syll][1-3-5]
V245_ntisaka,_5 ⇌ i1_3 / _[+cons -syll -cg -lat -long][+syll]_[-lat]X+[-cons]*,5 ⇌ 3 / [+cons -syll -cg -lat -long][+syll]_[-lat]X+[-cons]*,i1 ⇌  / _X*[+syll][1-3-5]
V246_saa,_5 ⇌ i1_1 / _[+cons -syll -cg -lat -long]?[+syll]_[-lat]X+,5 ⇌ 1 / [+cons -syll -cg -lat -long]?[+syll]_[-lat]X+5?,i1 ⇌  / _X*[+syll][1-3-5]
V247_kuntaa, ⇌ i1 / _X*, ⇌  / X*[+syll][1-3-5],i1 ⇌  / _X*[+syll][1-3-5]
V248_ntxikokoo,_5 ⇌ i1_3 / _[+cons -syll -cg -lat -long][+syll]_[-lat]X+[-cons]*,5 ⇌ 3 / [+cons -syll -cg -lat -long][+syll]_[-lat]X+[-cons]*,i1 ⇌  / _X*[+syll][1-3-5]
V249_kukuaan, ⇌ i1ko3 / _k?[-cg -strid -lat -long][-cons +son]+[1-3-5-ʔ]?[a-e-i-ã-ĩ-ẽ]5, ⇌ ko3 / _k?[-cg -strid -lat -long][-cons +son]+[-syll]?[a-e-i-ã-ĩ-ẽ]5,i1 ⇌  / _X*[+syll][1-3-5]
V250_kuxiva'a,_o ⇌ i1ko1_i / _ɕ_1βa1ʔa3,_o ⇌ ko1_i / _ɕ_1βa1ʔa3,i1 ⇌  / _X*[+syll][1-3-5]
V251_kukuii, ⇌ i1ko3 / _k?[-cg -strid -lat -long][-cons +son]+[1-3-5-ʔ]?[a-e-i-ã-ĩ-ẽ]5, ⇌ ko3 / _k?[-cg -strid -lat -long][-cons +son]+[-syll]?[a-e-i-ã-ĩ-ẽ]5,i1 ⇌  / _X*[+syll][1-3-5]
V252_kuita,_5 ⇌ i1_3 / _[+cons -syll -cg -lat -long][+syll]_[-lat]X+[-cons]*,5 ⇌ 3 / [+cons -syll -cg -lat -long][+syll]_[-lat]X+[-cons]*,i1 ⇌  / _X*[+syll][1-3-5]
V253_kuntxee, ⇌ i1 / _X*, ⇌  / X*[+syll][1-3-5],i1 ⇌  / _X*[+syll][1-3-5]
V254_shu'un,_5 ⇌ i1_1 / _[+cons -syll -cg -lat -long]?[+syll]_[-lat]X+,5 ⇌ 1 / [+cons -syll -cg -lat -long]?[+syll]_[-lat]X+5?,i1 ⇌  / _X*[+syll][1-3-5]
V255_sana,_5 ⇌ i1_3 / _[+cons -syll -cg -lat -long][+syll]_[-lat]X+[-cons]*,5 ⇌ 3 / [+cons -syll -cg -lat -long][+syll]_[-lat]X+[-cons]*,i1 ⇌  / _X*[+syll][1-3-5]
V256_ntatava,_5 ⇌ i1_3 / _[+cons -syll -cg -lat -long][+syll]_[-lat]X+[-cons]*,5 ⇌ 3 / [+cons -syll -cg -lat -long][+syll]_[-lat]X+[-cons]*,i1 ⇌  / _X*[+syll][1-3-5]
V257_chintxaa,_5 ⇌ i1_3 / _[+cons -syll -cg -lat -long][+syll]_[-lat]X+[-cons]*,5 ⇌ 3 / [+cons -syll -cg -lat -long][+syll]_[-lat]X+[-cons]*,i1 ⇌  / _X*[+syll][1-3-5]
V258_xixin,_5 ⇌ i1_3 / _[+cons -syll -cg -lat -long][+syll]_[-lat]X+[-cons]*,5 ⇌ 3 / [+cons -syll -cg -lat -long][+syll]_[-lat]X+[-cons]*,i1 ⇌  / _X*[+syll][1-3-5]
V259_chiko'va,_5_5 ⇌ i1_3_3 / _[t-ð-ⁿd͡ʑ-ⁿd-t͡ɕ-t͡ʃ-ⁿd͡ʒ][a-e-i]_[g-k-p-t-ð-ⁿd͡ʑ-ⁿd-t͡ɕ-t͡ʃ-ⁿd͡ʒ-kʷ][e-i-o]X+[-syll][a-e-i-o]_,5_3_5 ⇌ 3_1_3 / t͡ʃi_ko_ʔβa_,i1_3 ⇌ _1 / _t͡ʃi3ko_ʔβa3
V260_sakee, ⇌ i1 / _X*, ⇌  / X*[+syll][1-3-5],i1 ⇌  / _X*[+syll][1-3-5]
V261_sakoyo, ⇌ i1 / _X*, ⇌  / X*[+syll][1-3-5],i1 ⇌  / _X*[+syll][1-3-5]
V262_kuntxitxa,_5 ⇌ i1_3 / _[+cons -syll -cg -lat -long][+syll]_[-lat]X+[-cons]*,5 ⇌ 3 / [+cons -syll -cg -lat -long][+syll]_[-lat]X+[-cons]*,i1 ⇌  / _X*[+syll][1-3-5]
V263_numi,_5 ⇌ i1_3 / _[+cons -syll -cg -lat -long][+syll]_[-lat]X+[-cons]*,5 ⇌ 3 / [+cons -syll -cg -lat -long][+syll]_[-lat]X+[-cons]*,i1 ⇌  / _X*[+syll][1-3-5]
V264_ntantiki,_5_5 ⇌ i1_3_3 / _[t-ð-ⁿd͡ʑ-ⁿd-t͡ɕ-t͡ʃ-ⁿd͡ʒ][a-e-i]_[g-k-p-t-ð-ⁿd͡ʑ-ⁿd-t͡ɕ-t͡ʃ-ⁿd͡ʒ-kʷ][e-i-o]X+[-syll][a-e-i-o]_,5_5 ⇌ 3_3 / [+cons -son -syll -cg -lat -long][a-e-i-ã-ĩ-ẽ]_X+_,i1 ⇌  / _X*[+syll][1-3-5]
V265_sante'i, ⇌ i1 / _X*, ⇌  / X*[+syll][1-3-5],i1 ⇌  / _X*[+syll][1-3-5]
V266_ntasaa,_5 ⇌ i1_3 / _[+cons -syll -cg -lat -long][+syll]_[-lat]X+[-cons]*,5 ⇌ 3 / [+cons -syll -cg -lat -long][+syll]_[-lat]X+[-cons]*,i1 ⇌  / _X*[+syll][1-3-5]
V267_kunte'i, ⇌ i1ko3 / _k?[-cg -strid -lat -long][-cons +son]+[1-3-5-ʔ]?[a-e-i-ã-ĩ-ẽ]5, ⇌ ko3 / _k?[-cg -strid -lat -long][-cons +son]+[-syll]?[a-e-i-ã-ĩ-ẽ]5,i1 ⇌  / _X*[+syll][1-3-5]
V268_tana,_5 ⇌ i1_3 / _[+cons -syll -cg -lat -long][+syll]_[-lat]X+[-cons]*,5 ⇌ 3 / [+cons -syll -cg -lat -long][+syll]_[-lat]X+[-cons]*,i1 ⇌  / _X*[+syll][1-3-5]
V269_txañu,_5 ⇌ i1_3 / _[+cons -syll -cg -lat -long][+syll]_[-lat]X+[-cons]*,5 ⇌ 3 / [+cons -syll -cg -lat -long][+syll]_[-lat]X+[-cons]*,i1 ⇌  / _X*[+syll][1-3-5]
V270_txian,_5 ⇌ i1_1 / _[+cons -syll -cg -lat -long]?[+syll]_[-lat]X+,5 ⇌ 1 / [+cons -syll -cg -lat -long]?[+syll]_[-lat]X+5?,i1 ⇌  / _X*[+syll][1-3-5]
V271_kukuiin, ⇌ i1 / _X*,ɕi ⇌ ko / _[+son -syll]*[-cons +son][-syll][e-i-o-w-ã-õ-ĩ-ɲ-ẽ][-cons +son]+[1-3-5-ʔ][e-i-o-õ-ĩ-ẽ][1-3-5],i1ɕi ⇌ ko / _X*[-cons +son][-syll]*[+syll][1-3-5]
V272_ntakasi,_5 ⇌ i1_3 / _[+cons -syll -cg -lat -long][+syll]_[-lat]X+[-cons]*,5 ⇌ 3 / [+cons -syll -cg -lat -long][+syll]_[-lat]X+[-cons]*,i1 ⇌  / _X*[+syll][1-3-5]
V273_sakitxi, ⇌ i1 / _X*, ⇌  / X*[+syll][1-3-5],i1 ⇌  / _X*[+syll][1-3-5]
V274_saketa, ⇌ i1 / _X*, ⇌  / X*[+syll][1-3-5],i1 ⇌  / _X*[+syll][1-3-5]
V275_ntiko'o,_5 ⇌ i1_3 / _[+cons -syll -cg -lat -long][+syll]_[-lat]X+[-cons]*,5 ⇌ 3 / [+cons -syll -cg -lat -long][+syll]_[-lat]X+[-cons]*,i1 ⇌  / _X*[+syll][1-3-5]
V276_kuxiva'a, ⇌ i1ki3 / _ɕi1βa1ʔa3, ⇌ ki3 / _ɕi1βa1ʔa3,i1 ⇌  / _X*[+syll][1-3-5]
V277_ni'i,_5 ⇌ i1_1 / _[+cons -syll -cg -lat -long]?[+syll]_[-lat]X+,5 ⇌ 1 / [+cons -syll -cg -lat -long]?[+syll]_[-lat]X+5?,i1 ⇌  / _X*[+syll][1-3-5]
V278_kuntxita,_5 ⇌ i1_3 / _[+cons -syll -cg -lat -long][+syll]_[-lat]X+[-cons]*,t͡ʃi5 ⇌ ko3 / _ⁿd͡ʑi3ta3,i1t͡ʃi ⇌ ko / _3ⁿd͡ʑi3ta3
V279_ntxiko,_5 ⇌ i1_1 / _[+cons -syll -cg -lat -long]?[+syll]_[-lat]X+,5 ⇌ 1 / [+cons -syll -cg -lat -long]?[+syll]_[-lat]X+5?,i1 ⇌  / _X*[+syll][1-3-5]
V280_santxiko, ⇌ i1 / _X*, ⇌  / X*[+syll][1-3-5],i1 ⇌  / _X*[+syll][1-3-5]
V281_ntachikaa,_5 ⇌ i1_3 / _[+cons -syll -cg -lat -long][+syll]_[-lat]X+[-cons]*,5 ⇌ 3 / [+cons -syll -cg -lat -long][+syll]_[-lat]X+[-cons]*,i1 ⇌  / _X*[+syll][1-3-5]
V282_nta'ava,_5 ⇌ i1_3 / _[+cons -syll -cg -lat -long][+syll]_[-lat]X+[-cons]*,5 ⇌ 3 / [+cons -syll -cg -lat -long][+syll]_[-lat]X+[-cons]*,i1 ⇌  / _X*[+syll][1-3-5]
V283_kuna'a,_5 ⇌ i1ɕi1_1 / _[n-ⁿd]a_[a-ʔ][-cons +son]1?,_5 ⇌ ko3_1 / _[n-r-ð-ɾ-ʒ-ⁿd͡ʑ-ⁿd][a-e-i]_[a-ʔ]X[-cons +son]*,i1ɕi1 ⇌ ko3 / _X*[+syll][1-3-5]
V284_ntikua'a,_5 ⇌ i1_3 / _[+cons -syll -cg -lat -long][+syll]_[-lat]X+[-cons]*,5 ⇌ 3 / [+cons -syll -cg -lat -long][+syll]_[-lat]X+[-cons]*,i1 ⇌  / _X*[+syll][1-3-5]
V285_kunaa,_5 ⇌ i1_3 / _[+cons -syll -cg -lat -long][+syll]_[-lat]X+[-cons]*,5 ⇌ 3 / [+cons -syll -cg -lat -long][+syll]_[-lat]X+[-cons]*,i1 ⇌  / _X*[+syll][1-3-5]
V286_ñani,_5 ⇌ i1_3 / _[+cons -syll -cg -lat -long][+syll]_[-lat]X+[-cons]*,5 ⇌ 3 / [+cons -syll -cg -lat -long][+syll]_[-lat]X+[-cons]*,i1 ⇌  / _X*[+syll][1-3-5]
V287_ntaka'nu,_5 ⇌ i1_1 / _[+cons -syll -cg -lat -long]?[+syll]_[-lat]X+,5 ⇌ 1 / [+cons -syll -cg -lat -long]?[+syll]_[-lat]X+5?,i1 ⇌  / _X*[+syll][1-3-5]
V288_koso,_5 ⇌ i1_1 / _[+cons -syll -cg -lat -long]?[+syll]_[-lat]X+,s_5 ⇌ k_1 / _o_so1,i1s ⇌ k / _[a-e-o][1-3-5]s[e-i-o][1-3]
V289_titi,_5 ⇌ i1_3 / _[+cons -syll -cg -lat -long][+syll]_[-lat]X+[-cons]*,5 ⇌ 3 / [+cons -syll -cg -lat -long][+syll]_[-lat]X+[-cons]*,i1 ⇌  / _X*[+syll][1-3-5]
V290_ka'nu,_5 ⇌ i1_1 / _[+cons -syll -cg -lat -long]?[+syll]_[-lat]X+,ɕ_5 ⇌ k_1 / _[a-e-o]_[g-m-n-r-w-ð-ɲ-ɾ-ʔ-ⁿd][a-e-i-m-n-o-r-w-ã-õ-ĩ-ɲ-ẽ][-cons +son]1?,i1ɕ ⇌ k / _X*[-cons +son][-syll]*[a-e-i-o][1-3-5]
V291_kutatxi, ⇌ i1 / _X*,1 ⇌ 5 / ko3ta_t͡ɕi5i3ni3,i1_1 ⇌ _5 / _X*[k-p-t-kʷ][a-e-o][3-5]t[a-ã]_X*
V292_takue'e, ⇌ i1 / _X*,1 ⇌ 3 / X*[f-g-k-p-t-ð-ɕ-ʒ-β-t͡ɕ-kʷ][a-e-i]3[f-g-k-p-t-ð-ɕ-ʒ-ʔ-β-t͡ɕ-kʷ][a-e-i]_X*,i1_1 ⇌ _3 / _X*[g-k-p-t-ð-ⁿd͡ʑ-ⁿd-t͡ɕ-t͡ʃ-ⁿd͡ʒ-kʷ][a-e-i-o]_[f-g-k-p-t-ð-ɕ-ʒ-ʔ-β-t͡ɕ-kʷ][a-e-o][1-3-5]X*
V293_kutatan,_5 ⇌ i1_1 / _ko3ta5tã_, ⇌  / X*[+syll][1-3-5],i1_1 ⇌ _5 / _X*[k-p-t-kʷ][a-e-o][3-5]t[a-ã]_X*
V294_shatxa,_5 ⇌ i1_3 / _[+cons -syll -cg -lat -long][+syll]_[-lat]X+[-cons]*,5 ⇌ 3 / [+cons -syll -cg -lat -long][+syll]_[-lat]X+[-cons]*,i1 ⇌  / _X*[+syll][1-3-5]
V295_chichi,_5 ⇌ i1_3 / _[+cons -syll -cg -lat -long][+syll]_[-lat]X+[-cons]*,5 ⇌ 3 / [+cons -syll -cg -lat -long][+syll]_[-lat]X+[-cons]*,i1 ⇌  / _X*[+syll][1-3-5]
V296_ntaxin,_5 ⇌ i1_3 / _[+cons -syll -cg -lat -long][+syll]_[-lat]X+[-cons]*,5 ⇌ 3 / [+cons -syll -cg -lat -long][+syll]_[-lat]X+[-cons]*,i1 ⇌  / _X*[+syll][1-3-5]
V297_ñu'ma,_5_5 ⇌ i1_1_1 / _[+cons -syll -cg -strid -lat -long][a-e-o]_[g-m-n-r-w-ð-ɲ-ɾ-ʔ-ⁿd][g-m-n-r-w-ð-ɲ-ɾ-ʒ-β-ⁿd͡ʑ-ⁿd]?[a-e-i]_,5_5 ⇌ 1_1 / [+cons -syll -cg -strid -lat -long][a-e-o]_[g-m-n-r-w-ð-ɲ-ɾ-ʔ-ⁿd][g-m-n-r-w-ð-ɲ-ɾ-ʒ-β-ⁿd͡ʑ-ⁿd]?[a-e-i]_,i1 ⇌  / _X*[+syll][1-3-5]
V298_kava,_5_3 ⇌ i1_1_1 / _[k-ɕ-t͡ɕ-kʷ][a-e-i]_[f-g-k-p-t-ð-ɕ-ʒ-β-t͡ɕ-kʷ][a-e-o]_X*,5_3 ⇌ 1_1 / ka_[ʒ-β]a_,i1 ⇌  / _X*[+syll][1-3-5]
V299_kaan,_5 ⇌ i1_1 / _[+cons -syll -cg -lat -long]?[+syll]_[-lat]X+,5 ⇌ 1 / [+cons -syll -cg -lat -long]?[+syll]_[-lat]X+5?,i1 ⇌  / _X*[+syll][1-3-5]
V300_kaya,_5_3 ⇌ i1_1_1 / _[k-ɕ-t͡ɕ-kʷ][a-e-i]_[f-g-k-p-t-ð-ɕ-ʒ-β-t͡ɕ-kʷ][a-e-o]_X*,5_3 ⇌ 1_1 / ka_[ʒ-β]a_,i1 ⇌  / _X*[+syll][1-3-5]
V301_kantxaa,_3 ⇌ i1_1 / _[f-k-p-s-t-ɕ-ʃ-t͡ɕ-t͡ʃ-kʷ][a-e-i-o]_[-cg -strid -lat -long][-cons +son]X*[-cons +son]*,3 ⇌ 1 / X*[f-k-p-s-t-ɕ-ʃ-t͡ɕ-t͡ʃ-kʷ][a-e-o]_[-cg -strid -lat -long][-cons +son]X*[-cons +son]*,i1 ⇌  / _X*[+syll][1-3-5]
V302_ka'vi,_5 ⇌ i1_3 / _[+cons -syll -cg -lat -long][+syll]_[-lat]X+[-cons]*,5 ⇌ 3 / [+cons -syll -cg -lat -long][+syll]_[-lat]X+[-cons]*,i1 ⇌  / _X*[+syll][1-3-5]
V303_kata,_5 ⇌ i1_3 / _[+cons -syll -cg -lat -long][+syll]_[-lat]X+[-cons]*,5 ⇌ 3 / [+cons -syll -cg -lat -long][+syll]_[-lat]X+[-cons]*,i1 ⇌  / _X*[+syll][1-3-5]
V304_kuun,_5 ⇌ i1_3 / _[+cons -syll -cg -lat -long][+syll]_[-lat]X+[-cons]*,5 ⇌ 3 / [+cons -syll -cg -lat -long][+syll]_[-lat]X+[-cons]*,i1 ⇌  / _X*[+syll][1-3-5]
V305_kisi,_5 ⇌ i1_3 / _[+cons -syll -cg -lat -long][+syll]_[-lat]X+[-cons]*,5 ⇌ 3 / [+cons -syll -cg -lat -long][+syll]_[-lat]X+[-cons]*,i1 ⇌  / _X*[+syll][1-3-5]
V306_kuya'vi,_3 ⇌ i1_1 / _[f-k-p-s-t-ɕ-ʃ-t͡ɕ-t͡ʃ-kʷ][a-e-i-o]_[-cg -strid -lat -long][-cons +son]X*[-cons +son]*,3 ⇌ 1 / X*[f-k-p-s-t-ɕ-ʃ-t͡ɕ-t͡ʃ-kʷ][a-e-o]_[-cg -strid -lat -long][-cons +son]X*[-cons +son]*,i1 ⇌  / _X*[+syll][1-3-5]
V307_kokonii,_5_5 ⇌ i1_3_3 / _ko_ko_n[a-e-i]5[e-i-o-ʔ][+son -syll][-cons +son]*,5_5 ⇌ 3_3 / ko_ko_n[a-e-i]5[e-i-o-ʔ][+son -syll][-cons +son]*,i1 ⇌  / _X*[+syll][1-3-5]
V308_kokona'na,_5_5 ⇌ i1_3_3 / _ko_ko_n[a-e-i]5[e-i-o-ʔ][+son -syll][-cons +son]*,5_5 ⇌ 3_3 / ko_ko_n[a-e-i]5[e-i-o-ʔ][+son -syll][-cons +son]*,i1 ⇌  / _X*[+syll][1-3-5]
V309_kuchuun,_5 ⇌ i1_3 / _[+cons -syll -cg -lat -long][+syll]_[-lat]X+[-cons]*,5 ⇌ 3 / [+cons -syll -cg -lat -long][+syll]_[-lat]X+[-cons]*,i1 ⇌  / _X*[+syll][1-3-5]
V310_sama,_5 ⇌ i1_1 / _[+cons -syll -cg -lat -long]?[+syll]_[-lat]X+,5 ⇌ 1 / [+cons -syll -cg -lat -long]?[+syll]_[-lat]X+5?,i1 ⇌  / _X*[+syll][1-3-5]
V311_ntasama,_3 ⇌ i1_1 / _ⁿda1sa_ma3,3 ⇌ 1 / X*[f-k-p-s-t-ɕ-ʃ-t͡ɕ-t͡ʃ-kʷ][a-e-o]_[-cg -strid -lat -long][-cons +son]X*[-cons +son]*,i1 ⇌  / _X*[+syll][1-3-5]
V312_nana,_5 ⇌ i1_3 / _[+cons -syll -cg -lat -long][+syll]_[-lat]X+[-cons]*,5 ⇌ 3 / [+cons -syll -cg -lat -long][+syll]_[-lat]X+[-cons]*,i1 ⇌  / _X*[+syll][1-3-5]
V313_nta'a, ⇌ i1 / _X*, ⇌  / X*[+syll][1-3-5],i1 ⇌  / _X*[+syll][1-3-5]
V314_xaxan,_5_5 ⇌ i1_3_3 / _X*[f-k-p-s-t-ɕ-ʃ-t͡ɕ-t͡ʃ-kʷ][a-e-i-ã-ĩ-ẽ]_[-lat]+_,5_5 ⇌ 3_3 / [+cons -son -syll -cg -lat -long][a-e-i-ã-ĩ-ẽ]_X+_,i1 ⇌  / _X*[+syll][1-3-5]
V315_ntxitxa,_5 ⇌ i1_3 / _[+cons -syll -cg -lat -long][+syll]_[-lat]X+[-cons]*,5 ⇌ 3 / [+cons -syll -cg -lat -long][+syll]_[-lat]X+[-cons]*,i1 ⇌  / _X*[+syll][1-3-5]
V316_sayaa,_5_3 ⇌ i1_3_1 / _[f-k-p-s-t-ɕ-ʃ-t͡ɕ-t͡ʃ-kʷ][a-e-o]_[s-ɕ-ʃ-ʒ][a-e-i]_[a-e-i]1[+son]*,5_3 ⇌ 3_1 / [f-k-p-s-t-ɕ-ʃ-t͡ɕ-t͡ʃ-kʷ][a-e-o]_[s-ɕ-ʃ-ʒ][a-e-i]_[a-e-i]1[+son]*,i1 ⇌  / _X*[+syll][1-3-5]
V317_ta'ni,_5 ⇌ i1_1 / _[+cons -syll -cg -lat -long]?[+syll]_[-lat]X+,5 ⇌ 1 / [+cons -syll -cg -lat -long]?[+syll]_[-lat]X+5?,i1 ⇌  / _X*[+syll][1-3-5]
V318_kuyatxi,_5 ⇌ i1_3 / _[+cons -syll -cg -lat -long][+syll]_[-lat]X+[-cons]*,5 ⇌ 3 / [+cons -syll -cg -lat -long][+syll]_[-lat]X+[-cons]*,i1 ⇌  / _X*[+syll][1-3-5]
V319_xo'o, ⇌ i1 / _X*, ⇌  / X*[+syll][1-3-5],i1 ⇌  / _X*[+syll][1-3-5]
V320_xini,_5 ⇌ i1_1 / _[+cons -syll -cg -lat -long]?[+syll]_[-lat]X+,5 ⇌ 1 / [+cons -syll -cg -lat -long]?[+syll]_[-lat]X+5?,i1 ⇌  / _X*[+syll][1-3-5]
V321_kasi,_5 ⇌ i1_3 / _[-dist][a-e-i]5[f-k-p-s-t-ɕ-ʃ-t͡ɕ-t͡ʃ-kʷ]i_X*,s_5 ⇌ k_3 / _a5si_,i1s ⇌ k / _[a-e-o][1-3-5]s[e-i-o][1-3]
V322_katxa,_5 ⇌ i1_3 / _[+cons -syll -cg -lat -long][+syll]_[-lat]X+[-cons]*,ɕ_5 ⇌ k_3 / _[a-e-o]_[-syll -strid -lat -long][a-e-i-m-n-o-r-w-ã-õ-ĩ-ɲ-ẽ][-cons +son][3-5]?,i1ɕ ⇌ k / _X*[-cons +son][-syll]*[a-e-i-o][1-3-5]
V323_kuchishi,_5 ⇌ i1_3 / _[+cons -syll -cg -lat -long][+syll]_[-lat]X+[-cons]*,5 ⇌ 3 / [+cons -syll -cg -lat -long][+syll]_[-lat]X+[-cons]*,i1 ⇌  / _X*[+syll][1-3-5]
V324_ntichishi,_5 ⇌ i1_3 / _[+cons -syll -cg -lat -long][+syll]_[-lat]X+[-cons]*,5 ⇌ 3 / [+cons -syll -cg -lat -long][+syll]_[-lat]X+[-cons]*,i1 ⇌  / _X*[+syll][1-3-5]
V325_ntxii, ⇌ i1 / _X*, ⇌  / X*[+syll][1-3-5],i1 ⇌  / _X*[+syll][1-3-5]
V326_kukiniini,_5 ⇌ i1_3 / _[+cons -syll -cg -lat -long][+syll]_[-lat]X+[-cons]*,5 ⇌ 3 / [+cons -syll -cg -lat -long][+syll]_[-lat]X+[-cons]*,i1 ⇌  / _X*[+syll][1-3-5]
V327_xi'in,_5 ⇌ i1_1 / _[+cons -syll -cg -lat -long]?[+syll]_[-lat]X+,5 ⇌ 1 / [+cons -syll -cg -lat -long]?[+syll]_[-lat]X+5?,i1 ⇌  / _X*[+syll][1-3-5]
V328_kuntaya,_5 ⇌ i1_3 / _[+cons -syll -cg -lat -long][+syll]_[-lat]X+[-cons]*,_5 ⇌ ko3_3 / _[+cons -syll -cg -strid -lat -long][a-e-o]_[-strid -lat -del.rel -long]X[-cons +son]?3?,i1 ⇌ ko3 / _ⁿda3ʔʒa3
V329_sakua'na, ⇌ i1 / _X*, ⇌  / X*[+syll][1-3-5],i1 ⇌  / _X*[+syll][1-3-5]
V330_xiti,_5 ⇌ i1_3 / _[+cons -syll -cg -lat -long][+syll]_[-lat]X+[-cons]*,ɕ_5 ⇌ kʷ_3 / _[a-e-i]_[g-k-p-t-ð-ʔ-kʷ][a-e-i-m-n-o-r-w-ã-õ-ĩ-ɲ-ẽ][-cons +son]3?,i1ɕ ⇌ kʷ / _[a-e-i][1-3][-syll -strid -lat -long]*[a-e-i-o][1-3]
V331_yoso,_5 ⇌ i1ko1_3 / _ʒo_so5,_5 ⇌ ko1_3 / _ʒo_so5,i1 ⇌  / _X*[+syll][1-3-5]
V332_kunii,_1 ⇌ i1ɕi3_3 / _ni_i3,_1 ⇌ ko3_3 / _ni_i3,i1ɕi ⇌ ko / _X*[-cons +son][-syll]*[+syll][1-3-5]
V333_kakanuu,_5_1_1 ⇌ i1_1_3_3 / _ɕi_ka3no_o_,ɕi5_1_1 ⇌ ka3_3_3 / _ka3no_o_,i1ɕi1 ⇌ ka3 / _X*[-syll][-highV][3-5]
V334_kuntxaka,_5 ⇌ i1ɕi1_3 / _[+cons -syll -cg -strid -lat -long][a-e-i-o]_[-lat][-cons +son][3-5]?,_5 ⇌ ko3_3 / _[+cons -syll -cg -strid -lat -long][a-e-o]_[-strid -lat -del.rel -long]X[-cons +son]?3?,i1ɕi1 ⇌ ko3 / _X*[+syll][1-3-5]
V335_ntxee,_5 ⇌ i1_1 / _[+cons -syll -cg -lat -long]?[+syll]_[-lat]X+,5 ⇌ 1 / [+cons -syll -cg -lat -long]?[+syll]_[-lat]X+5?,i1 ⇌  / _X*[+syll][1-3-5]
V336_shiko,_5 ⇌ i1_1 / _[+cons -syll -cg -lat -long]?[+syll]_[-lat]X+,5 ⇌ 1 / [+cons -syll -cg -lat -long]?[+syll]_[-lat]X+5?,i1 ⇌  / _X*[+syll][1-3-5]
