IDlist,GLOSS,VALUE,FORM,ID,NOTES,DOCULECT,SOURCE
3,"padre, papá",tata,,2964,,tlah11,oxnard2020
3,"padre, papá",tájtě,,2965,,pied12,oxnard2020
3,"padre, papá",táta,,2966,,flor12,oxnard2020
3,"padre, papá",tatá,,2967,,mont12,oxnard2020
3,"padre, papá",tatà ,,2968,,bate11,oxnard2020
5,hijo/hija,se'è,,2969,,tlah11,oxnard2020
5,hijo/hija,sè'e,,2970,,pied12,oxnard2020
5,hijo/hija,se'é,,2971,,flor12,oxnard2020
5,hijo/hija,jàya ,,2972,,mont12,oxnard2020
5,hijo/hija,sè'e,,2973,,bate11,oxnard2020
8,hermana/hermano de otro genero,kuva,,2974,,tlah11,oxnard2020
8,hermana/hermano de otro genero,kò'va,,2975,,pied12,oxnard2020
8,hermana/hermano de otro genero,kò'vì,,2976,,flor12,oxnard2020
8,hermana/hermano de otro genero,kìva,,2977,,mont12,oxnard2020
9,hermano de hombre,yani,,2978,,tlah11,oxnard2020
9,hermano de hombre,ñañî,,2979,,pied12,oxnard2020
9,hermano de hombre,ñanì,,2980,,flor12,oxnard2020
9,hermano de hombre,ñanì,,2981,,mont12,oxnard2020
9,hermano de hombre,ñanì,,2982,,bate11,oxnard2020
10,hermana de mujer,ku'vì,,2983,,tlah11,oxnard2020
10,hermana de mujer,ku'ù,,2984,,pied12,oxnard2020
10,hermana de mujer,ku'ì,,2985,,flor12,oxnard2020
10,hermana de mujer,kìvì,,2986,,mont12,oxnard2020
11,tía,xixi,,2987,,tlah11,oxnard2020
11,tía,xixi,,2988,,pied12,oxnard2020
11,tía,xíxi,,2989,,flor12,oxnard2020
12,tío,xito,,2990,,tlah11,oxnard2020
12,tío,xito,,2991,,pied12,oxnard2020
12,tío,xito,,2992,,flor12,oxnard2020
12,tío,xitò,,2993,,mont12,oxnard2020
13,hombre,tàa,,2994,,tlah11,oxnard2020
13,hombre,tsiàja ,,2995,,pied12,oxnard2020
13,hombre,tsiàja,,2996,,flor12,oxnard2020
13,hombre,tyàa,,2997,,mont12,oxnard2020
13,hombre,chàa,,2998,,bate11,oxnard2020
14,mujer,sí'i,,2999,,tlah11,oxnard2020
14,mujer,si'i,,3000,,flor12,oxnard2020
14,mujer,ñá'a,,3001,,tlah11,oxnard2020
15,dueño,xto'o,,3002,,tlah11,oxnard2020
15,dueño,xìto'ô,,3003,,pied12,oxnard2020
15,dueño,nà xi'ìn ña'à,,3004,,flor12,oxnard2020
15,dueño,sìtoò,,3005,,mont12,oxnard2020
15,dueño,sto'o,,3006,,bate11,oxnard2020
16,sacerdote,sùtu,,3007,,tlah11,oxnard2020
16,sacerdote,sujtù,,3008,,pied12,oxnard2020
16,sacerdote,sùjtù,,3009,,flor12,oxnard2020
16,sacerdote,jùtì,,3010,,mont12,oxnard2020
16,sacerdote,sùtù,,3011,,bate11,oxnard2020
17,sangre,nìín,,3012,,tlah11,oxnard2020
17,sangre,nìjǐ,,3013,,pied12,oxnard2020
17,sangre,nìjǐ,,3014,,flor12,oxnard2020
17,sangre,nììn,,3015,,mont12,oxnard2020
17,sangre,nìín,,3016,,bate11,oxnard2020
18,hueso,leké,,3017,,tlah11,oxnard2020
18,hueso,ìkin,,3018,,pied12,oxnard2020
18,hueso,ikǐ,,3019,,flor12,oxnard2020
18,hueso,lasa,,3020,,mont12,oxnard2020
18,hueso,íkí ché'é,,3021,,bate11,oxnard2020
19,pelo,ixin,,3022,,tlah11,oxnard2020
19,pelo,ixǐ,,3023,,pied12,oxnard2020
19,pelo,ijxǐ,,3024,,flor12,oxnard2020
19,pelo,ixì,,3025,,mont12,oxnard2020
19,pelo,ixî,,3026,,bate11,oxnard2020
20,cara,nùú,,3027,,tlah11,oxnard2020
20,cara,nùjǔ,,3028,,pied12,oxnard2020
20,cara,nùjǔn,,3029,,flor12,oxnard2020
20,cara,nòò,,3030,,mont12,oxnard2020
20,cara,nùún,,3031,,bate11,oxnard2020
21,lengua,yáǎ,,3032,,tlah11,oxnard2020
21,lengua,yajǎ,,3033,,pied12,oxnard2020
21,lengua,yajǎ,,3034,,flor12,oxnard2020
22,diente,ñù'un,,3035,,tlah11,oxnard2020
22,diente,nù'u,,3036,,pied12,oxnard2020
22,diente,nù'un,,3037,,flor12,oxnard2020
22,diente,nò'on,,3038,,mont12,oxnard2020
22,diente,nù'un,,3039,,bate11,oxnard2020
23,boca,yu'ú,,3040,,tlah11,oxnard2020
23,boca,yu'ǔ,,3041,,pied12,oxnard2020
23,boca,yu'ǔ,,3042,,flor12,oxnard2020
23,boca,yu'ù,,3043,,mont12,oxnard2020
23,boca,yu'ú,,3044,,bate11,oxnard2020
24,oreja,sò'o,,3045,,tlah11,oxnard2020
24,oreja,sò'o,,3046,,pied12,oxnard2020
24,oreja,sò'o,,3047,,flor12,oxnard2020
24,oreja,jò'o,,3048,,mont12,oxnard2020
24,oreja,só'o,,3049,,bate11,oxnard2020
25,nariz,xìtín,,3050,,tlah11,oxnard2020
25,nariz,xitsǐn,,3051,,pied12,oxnard2020
25,nariz,xijtsǐn,,3052,,flor12,oxnard2020
25,nariz,xìtì,,3053,,mont12,oxnard2020
25,nariz,xìchǐ,,3054,,bate11,oxnard2020
26,cuello ,sùkú,,3055,,tlah11,oxnard2020
26,cuello ,sokǔn,,3056,,pied12,oxnard2020
26,cuello ,sojkǔn,,3057,,flor12,oxnard2020
26,cuello ,jìkò,,3058,,mont12,oxnard2020
26,cuello ,sùkǔ,,3059,,bate11,oxnard2020
27,mano,nda'á,,3060,,tlah11,oxnard2020
27,mano,nta'ǎ,,3061,,pied12,oxnard2020
27,mano,nta'ǎ,,3062,,flor12,oxnard2020
27,mano,ndaà,,3063,,mont12,oxnard2020
27,mano,nda'á,,3064,,bate11,oxnard2020
28,uña,chiǐ,,3065,,tlah11,oxnard2020
28,uña,chíjǐn,,3066,,pied12,oxnard2020
28,uña,chíjǐn,,3067,,flor12,oxnard2020
28,uña,chiín,,3068,,mont12,oxnard2020
28,uña,chîín,,3069,,bate11,oxnard2020
29,espalda,sàtá,,3070,,tlah11,oxnard2020
29,espalda,sàjtǎ,,3071,,pied12,oxnard2020
29,espalda,sàtǎ,,3072,,flor12,oxnard2020
29,espalda,sàtà,,3073,,mont12,oxnard2020
29,espalda,sàta,,3074,,bate11,oxnard2020
30,estómago,tìxin,,3075,,tlah11,oxnard2020
30,estómago,nchìxìn,,3076,,pied12,oxnard2020
30,estómago,xìtsivà,,3077,,flor12,oxnard2020
30,estómago,tìsi,,3078,,mont12,oxnard2020
31,tripa,siti,,3079,,tlah11,oxnard2020
31,tripa,xitsîn,,3080,,pied12,oxnard2020
31,tripa,xitsi,,3081,,flor12,oxnard2020
31,tripa,sutì,,3082,,mont12,oxnard2020
31,tripa,tsitì,,3083,,bate11,oxnard2020
32,pie,xa'á,,3084,,tlah11,oxnard2020
32,pie,xà'ǎ,,3085,,pied12,oxnard2020
32,pie,xa'ǎ,,3086,,flor12,oxnard2020
32,pie,sà'à,,3087,,mont12,oxnard2020
32,pie,tsa'á,,3088,,bate11,oxnard2020
33,enfermedad,kuè'è,,3089,,tlah11,oxnard2020
33,enfermedad,kuè'è,,3090,,pied12,oxnard2020
33,enfermedad,kuè'è,,3091,,flor12,oxnard2020
33,enfermedad,kuè'è,,3092,,mont12,oxnard2020
33,enfermedad,kwè'è,,3093,,bate11,oxnard2020
34,medicina,tàtán,,3094,,tlah11,oxnard2020
34,medicina,tàjtǎn,,3095,,pied12,oxnard2020
34,medicina,tàjtǎn,,3096,,flor12,oxnard2020
35,hinchazón,kwiñu,,3097,,tlah11,oxnard2020
35,hinchazón,kuiñu,,3098,,pied12,oxnard2020
35,hinchazón,kuiñu,,3099,,flor12,oxnard2020
35,hinchazón,kuiñu,,3100,,mont12,oxnard2020
35,hinchazón,kwiñu,,3101,,bate11,oxnard2020
36,grano ,ndì'i,,3102,,tlah11,oxnard2020
36,grano ,ntsì'i,,3103,,pied12,oxnard2020
36,grano ,ntsi'í,,3104,,flor12,oxnard2020
36,grano ,ndì'i,,3105,,mont12,oxnard2020
36,grano ,ndì'in,,3106,,bate11,oxnard2020
37,pus,lakwá,,3107,,tlah11,oxnard2020
37,pus,ntajkuà,,3108,,pied12,oxnard2020
37,pus,ndajkua,,3109,,flor12,oxnard2020
37,pus,ndakuà,,3110,,mont12,oxnard2020
37,pus,ndakwà,,3111,,bate11,oxnard2020
38,orina,láxa,,3112,,tlah11,oxnard2020
38,orina,lǎxa,,3113,,pied12,oxnard2020
38,orina,láxa,,3114,,flor12,oxnard2020
38,orina,tìlàlá,,3115,,mont12,oxnard2020
38,orina,nché xàxà,,3116,,bate11,oxnard2020
39,ropa,samá,,3117,,tlah11,oxnard2020
39,ropa,tsiǎà,,3118,,pied12,oxnard2020
39,ropa,tsiǎà,,3119,,flor12,oxnard2020
39,ropa,jàmà,,3120,,mont12,oxnard2020
39,ropa,sa'mǎ,,3121,,bate11,oxnard2020
40,huarache,ndìxán,,3122,,tlah11,oxnard2020
40,huarache,nchìxǎn ,,3123,,pied12,oxnard2020
40,huarache,ntsìxǎn,,3124,,flor12,oxnard2020
40,huarache,ndìsà,,3125,,mont12,oxnard2020
40,huarache,ntsìtsǎ,,3126,,bate11,oxnard2020
41,pantalón,xatu,,3127,,tlah11,oxnard2020
41,pantalón,xajtû,,3128,,pied12,oxnard2020
41,pantalón,xajtû,,3129,,flor12,oxnard2020
41,pantalón,satì,,3130,,mont12,oxnard2020
41,pantalón,tsatù,,3131,,bate11,oxnard2020
42,huipil,sa'má ndá'vi,,3132,,tlah11,oxnard2020
42,huipil,sa'mǎ kwitsì,,3133,,bate11,oxnard2020
43,pueblo,ñuun,,3134,,tlah11,oxnard2020
43,pueblo,ñuù,,3135,,pied12,oxnard2020
43,pueblo,ñuù,,3136,,flor12,oxnard2020
43,pueblo,ñoò,,3137,,mont12,oxnard2020
43,pueblo,ñǔun,,3138,,bate11,oxnard2020
44,casa,ve'e,,3139,,tlah11,oxnard2020
44,casa,ve'e,,3140,,pied12,oxnard2020
44,casa,ve'e,,3141,,flor12,oxnard2020
44,casa,ve'e,,3142,,mont12,oxnard2020
44,casa,ve'e,,3143,,bate11,oxnard2020
45,camino,ichí,,3144,,tlah11,oxnard2020
45,camino,ichǐ,,3145,,pied12,oxnard2020
45,camino,ichǐ,,3146,,flor12,oxnard2020
45,camino,ichì,,3147,,mont12,oxnard2020
45,camino,ichǐ,,3148,,bate11,oxnard2020
46,horcón,si'ìn,,3149,,tlah11,oxnard2020
46,horcón,sì'ìn,,3150,,pied12,oxnard2020
46,horcón,si'ìn,,3151,,flor12,oxnard2020
46,horcón,tìjìn,,3152,,mont12,oxnard2020
47,petate,yuví,,3153,,tlah11,oxnard2020
47,petate,yivǐ,,3154,,pied12,oxnard2020
47,petate,yijvǐ,,3155,,flor12,oxnard2020
47,petate,yivì,,3156,,mont12,oxnard2020
47,petate,yuvǐ,,3157,,bate11,oxnard2020
48,cama,xìto,,3158,,tlah11,oxnard2020
48,cama,xìto,,3159,,pied12,oxnard2020
48,cama,xìjto,,3160,,flor12,oxnard2020
48,cama,sìto,,3161,,mont12,oxnard2020
48,cama,tsìto,,3162,,bate11,oxnard2020
49,silla,taì,,3163,,tlah11,oxnard2020
49,silla,tsiáyi,,3164,,pied12,oxnard2020
49,silla,tsiayì,,3165,,flor12,oxnard2020
49,silla,tyáyì,,3166,,mont12,oxnard2020
49,silla,chei,,3167,,bate11,oxnard2020
50,animal,kití,,3168,,tlah11,oxnard2020
50,animal,kitsǐ,,3169,,pied12,oxnard2020
50,animal,kijtsǐ,,3170,,flor12,oxnard2020
50,animal,kitì,,3171,,mont12,oxnard2020
50,animal,kitǐ,,3172,,bate11,oxnard2020
51,pájaro,sàà,,3173,,tlah11,oxnard2020
51,pájaro,saà,,3174,,pied12,oxnard2020
51,pájaro,saà,,3175,,flor12,oxnard2020
51,pájaro,laà,,3176,,mont12,oxnard2020
51,pájaro,saà,,3177,,bate11,oxnard2020
52,pescado,tyàká,,3178,,tlah11,oxnard2020
52,pescado,tsiàká,,3179,,pied12,oxnard2020
52,pescado,tsiàká,,3180,,flor12,oxnard2020
52,pescado,tiyàká,,3181,,mont12,oxnard2020
52,pescado,chakǎ,,3182,,bate11,oxnard2020
53,culebra,kòó,,3183,,tlah11,oxnard2020
53,culebra,kòjǒ,,3184,,pied12,oxnard2020
53,culebra,kòjǒ,,3185,,flor12,oxnard2020
53,culebra,kòò,,3186,,mont12,oxnard2020
53,culebra,kòó,,3187,,bate11,oxnard2020
54,rana,lá'và,,3188,,tlah11,oxnard2020
54,rana,sá'và,,3189,,pied12,oxnard2020
54,rana,sá'và,,3190,,flor12,oxnard2020
54,rana,lavà,,3191,,mont12,oxnard2020
54,rana,sa'và,,3192,,bate11,oxnard2020
55,gavilán,xí'ña,,3193,,tlah11,oxnard2020
55,gavilán,xi'ña,,3194,,pied12,oxnard2020
55,gavilán,xí'ña,,3195,,flor12,oxnard2020
55,gavilán,ndixíñá,,3196,,mont12,oxnard2020
55,gavilán,xí'an,,3197,,bate11,oxnard2020
56,alacrán,tísò'ma,,3198,,tlah11,oxnard2020
56,alacrán,tsìso'mà,,3199,,pied12,oxnard2020
56,alacrán,so'mà,,3200,,flor12,oxnard2020
56,alacrán,tìjimà,,3201,,mont12,oxnard2020
56,alacrán,tìsu'mà,,3202,,bate11,oxnard2020
57,cucaracha,tìtè'é,,3203,,tlah11,oxnard2020
57,cucaracha,tsìtsie'é,,3204,,pied12,oxnard2020
57,cucaracha,tsìtse'é,,3205,,flor12,oxnard2020
57,cucaracha,ndiché'é,,3206,,bate11,oxnard2020
58,chapulín,tìka,,3207,,tlah11,oxnard2020
58,chapulín,tsikâ,,3208,,pied12,oxnard2020
58,chapulín,tsikâ,,3209,,flor12,oxnard2020
58,chapulín,ndìtíì,,3210,,mont12,oxnard2020
58,chapulín,tìká,,3211,,bate11,oxnard2020
59,abeja,ñùñú,,3212,,tlah11,oxnard2020
59,abeja,ñùñǔ,,3213,,pied12,oxnard2020
59,abeja,ñùjñǔ,,3214,,flor12,oxnard2020
59,abeja,tíñoñò,,3215,,mont12,oxnard2020
59,abeja,ñùñǔ,,3216,,bate11,oxnard2020
60,ratón,ti'ín,,3217,,tlah11,oxnard2020
60,ratón,tsìín,,3218,,pied12,oxnard2020
60,ratón,tsìín,,3219,,flor12,oxnard2020
60,ratón,titìín,,3220,,mont12,oxnard2020
60,ratón,tǐ'in,,3221,,bate11,oxnard2020
61,venado,isu,,3222,,tlah11,oxnard2020
61,venado,usû,,3223,,pied12,oxnard2020
61,venado,usû,,3224,,flor12,oxnard2020
61,venado,sìkuaà,,3225,,mont12,oxnard2020
61,venado,isù,,3226,,bate11,oxnard2020
62,ardilla,ndigwáñu,,3227,,tlah11,oxnard2020
62,ardilla,tsìkuáñu,,3228,,pied12,oxnard2020
62,ardilla,ntsìkuáñu,,3229,,flor12,oxnard2020
62,ardilla,ndikuání,,3230,,mont12,oxnard2020
62,ardilla,ndikwáín,,3231,,bate11,oxnard2020
63,zorrillo,lílú,,3232,,tlah11,oxnard2020
63,zorrillo,léló,,3233,,pied12,oxnard2020
63,zorrillo,léló,,3234,,flor12,oxnard2020
63,zorrillo,tinìín,,3235,,mont12,oxnard2020
63,zorrillo,tí'inità,,3236,,bate11,oxnard2020
63,zorrillo,lírrú ka'a ye'è,,3237,,tlah11,oxnard2020
63,zorrillo,kòjo yuù,,3238,,mont12,oxnard2020
64,tlacuache,xàko,,3239,,tlah11,oxnard2020
64,tlacuache,xàko,,3240,,pied12,oxnard2020
64,tlacuache,xàjkó,,3241,,flor12,oxnard2020
64,tlacuache,sákua,,3242,,mont12,oxnard2020
64,tlacuache,tsóko,,3243,,bate11,oxnard2020
65,mapache,íin ,,3244,,tlah11,oxnard2020
65,mapache,má'a,,3245,,pied12,oxnard2020
65,mapache,má'à,,3246,,flor12,oxnard2020
65,mapache,maa,,3247,,mont12,oxnard2020
66,conejo,leso,,3248,,tlah11,oxnard2020
66,conejo,leso,,3249,,pied12,oxnard2020
66,conejo,lèso,,3250,,flor12,oxnard2020
66,conejo,isò,,3251,,mont12,oxnard2020
66,conejo,lésú,,3252,,bate11,oxnard2020
67,zopilote,pe'lo,,3253,,tlah11,oxnard2020
67,zopilote,tsìkǒxìjǐ,,3254,,pied12,oxnard2020
67,zopilote,tsìkòxìjǐ,,3255,,flor12,oxnard2020
67,zopilote,tì kàká,,3256,,mont12,oxnard2020
67,zopilote,lóchí,,3257,,bate11,oxnard2020
68,perro,tìna,,3258,,tlah11,oxnard2020
68,perro,tsìnâ,,3259,,pied12,oxnard2020
68,perro,tsǐnâ,,3260,,flor12,oxnard2020
68,perro,tìna,,3261,,mont12,oxnard2020
68,perro,tǐnà,,3262,,bate11,oxnard2020
69,gato,chítu,,3263,,tlah11,oxnard2020
69,gato,chújtu,,3264,,pied12,oxnard2020
69,gato,chútu,,3265,,flor12,oxnard2020
69,gato,chitó,,3266,,mont12,oxnard2020
69,gato,vílú,,3267,,bate11,oxnard2020
69,gato,vilú,,3268,,tlah11,oxnard2020
69,gato,{micho},,3269,,mont12,oxnard2020
70,gallo,chéle,,3270,,tlah11,oxnard2020
70,gallo,chéle,,3271,,pied12,oxnard2020
70,gallo,chéle,,3272,,flor12,oxnard2020
70,gallo,chéle,,3273,,mont12,oxnard2020
70,gallo,tó'lo,,3274,,bate11,oxnard2020
71,gallina,ndyuxí,,3275,,tlah11,oxnard2020
71,gallina,nchuxí,,3276,,pied12,oxnard2020
71,gallina,nchuxi,,3277,,flor12,oxnard2020
71,gallina,chùún,,3278,,bate11,oxnard2020
72,cerdo,kìnì,,3279,,tlah11,oxnard2020
72,cerdo,kinì,,3280,,pied12,oxnard2020
72,cerdo,kinì,,3281,,flor12,oxnard2020
72,cerdo,ndìkochí,,3282,,mont12,oxnard2020
72,cerdo,kinì,,3283,,bate11,oxnard2020
73,caballo,kwayì,,3284,,tlah11,oxnard2020
73,caballo,{kuayì},,3285,,pied12,oxnard2020
73,caballo,kuayì,,3286,,flor12,oxnard2020
73,caballo,kuáyì,,3287,,mont12,oxnard2020
73,caballo,kwa.ìì,,3288,,bate11,oxnard2020
74,borrego,levo,,3289,,tlah11,oxnard2020
74,borrego,lanchi,,3290,,pied12,oxnard2020
74,borrego,lanchi,,3291,,flor12,oxnard2020
74,borrego,lévo,,3292,,mont12,oxnard2020
74,borrego,ndikachi,,3293,,bate11,oxnard2020
75,hormiga,tyòkó,,3294,,tlah11,oxnard2020
75,hormiga,tsiòkó,,3295,,pied12,oxnard2020
75,hormiga,tsiòkó,,3296,,flor12,oxnard2020
75,hormiga,tìkù kuaá,,3297,,mont12,oxnard2020
75,hormiga,chokǒ,,3298,,bate11,oxnard2020
76,cuerno,ndikí,,3299,,tlah11,oxnard2020
76,cuerno,ntsikǐn,,3300,,pied12,oxnard2020
76,cuerno,ntsikǐ,,3301,,flor12,oxnard2020
76,cuerno,ndikì,,3302,,mont12,oxnard2020
76,cuerno,ndikǐ,,3303,,bate11,oxnard2020
77,pluma,tùmi,,3304,,tlah11,oxnard2020
77,pluma,tǒmî,,3305,,pied12,oxnard2020
77,pluma,tǒmî,,3306,,flor12,oxnard2020
77,pluma,tòmi,,3307,,mont12,oxnard2020
77,pluma,tùmì,,3308,,bate11,oxnard2020
78,ala,ndìxin,,3309,,tlah11,oxnard2020
78,ala,nchìxǐn,,3310,,pied12,oxnard2020
78,ala,nchìxǐn,,3311,,flor12,oxnard2020
78,ala,ndìsì,,3312,,mont12,oxnard2020
78,ala,ntsìtsǐ,,3313,,bate11,oxnard2020
79,cola,ndo'ó,,3314,,tlah11,oxnard2020
79,cola,nto'ǒ,,3315,,pied12,oxnard2020
79,cola,nto'ǒ,,3316,,flor12,oxnard2020
79,cola,ndo'ò,,3317,,mont12,oxnard2020
79,cola,ndo'ó,,3318,,bate11,oxnard2020
80,árbol,itú,,3319,,tlah11,oxnard2020
80,árbol,ijtǔ,,3320,,pied12,oxnard2020
80,árbol,ijtǔn,,3321,,flor12,oxnard2020
81,hierba,yùkù,,3322,,tlah11,oxnard2020
81,hierba,yùjkù,,3323,,pied12,oxnard2020
81,hierba,yùjkù,,3324,,flor12,oxnard2020
81,hierba,yùkù,,3325,,mont12,oxnard2020
81,hierba,yùkù,,3326,,bate11,oxnard2020
82,zacate/pasto,ità,,3327,,tlah11,oxnard2020
82,zacate/pasto,ijtsiâ,,3328,,pied12,oxnard2020
82,zacate/pasto,ijtsià,,3329,,flor12,oxnard2020
82,zacate/pasto,ityà,,3330,,mont12,oxnard2020
82,zacate/pasto,ichà,,3331,,bate11,oxnard2020
83,flor,ita,,3332,,tlah11,oxnard2020
83,flor,ijtâ,,3333,,pied12,oxnard2020
83,flor,ita,,3334,,flor12,oxnard2020
83,flor,ítà,,3335,,mont12,oxnard2020
83,flor,ità,,3336,,bate11,oxnard2020
84,maguey,yaví,,3337,,tlah11,oxnard2020
84,maguey,yavǐ,,3338,,pied12,oxnard2020
84,maguey,yajvǐ,,3339,,flor12,oxnard2020
84,maguey,yavì,,3340,,mont12,oxnard2020
84,maguey,yávi,,3341,,bate11,oxnard2020
84,maguey,viìntyà' víxin,,3342,,tlah11,oxnard2020
84,maguey,tsìkǔxin,,3343,,pied12,oxnard2020
84,maguey,yàjvǐ,,3344,,flor12,oxnard2020
85,raíz,tyò'o,,3345,,tlah11,oxnard2020
85,raíz,tsiò'o,,3346,,pied12,oxnard2020
85,raíz,tsiò'o,,3347,,flor12,oxnard2020
85,raíz,yò'ò,,3348,,mont12,oxnard2020
85,raíz,yo'ó,,3349,,bate11,oxnard2020
86,"espina, araña",iñú,,3350,,tlah11,oxnard2020
86,"espina, araña",ijñǔ,,3351,,pied12,oxnard2020
86,"espina, araña",ijñǔ,,3352,,flor12,oxnard2020
86,"espina, araña",iñò,,3353,,mont12,oxnard2020
86,"espina, araña",iñǔ,,3354,,bate11,oxnard2020
87,maíz,nùní,,3355,,tlah11,oxnard2020
87,maíz,nùnǐ,,3356,,pied12,oxnard2020
87,maíz,nùjnǐ,,3357,,flor12,oxnard2020
87,maíz,nònì,,3358,,mont12,oxnard2020
87,maíz,nùnǐ,,3359,,bate11,oxnard2020
88,milpa,itu,,3360,,tlah11,oxnard2020
88,milpa,utû,,3361,,pied12,oxnard2020
88,milpa,ujtû,,3362,,flor12,oxnard2020
88,milpa,itì,,3363,,mont12,oxnard2020
88,milpa,itù,,3364,,bate11,oxnard2020
89,"elote (no crudo, para comer)",ndixín,,3365,,tlah11,oxnard2020
89,"elote (no crudo, para comer)",nchixǐ,,3366,,pied12,oxnard2020
89,"elote (no crudo, para comer)",nchìxǐ,,3367,,flor12,oxnard2020
89,"elote (no crudo, para comer)",ndixì,,3368,,mont12,oxnard2020
89,"elote (no crudo, para comer)",ndixî,,3369,,bate11,oxnard2020
90,nixtamal,xá'a,,3370,,tlah11,oxnard2020
90,nixtamal,xá'a,,3371,,pied12,oxnard2020
90,nixtamal,xá'a,,3372,,flor12,oxnard2020
90,nixtamal,tsa'á,,3373,,bate11,oxnard2020
91,masa,yùxán,,3374,,tlah11,oxnard2020
91,masa,ixǎn,,3375,,pied12,oxnard2020
91,masa,ixǎn,,3376,,flor12,oxnard2020
91,masa,yusà,,3377,,mont12,oxnard2020
91,masa,yútsa,,3378,,bate11,oxnard2020
92,tortilla,xìtá,,3379,,tlah11,oxnard2020
92,tortilla,xìtǎ,,3380,,pied12,oxnard2020
92,tortilla,xìtǎ,,3381,,flor12,oxnard2020
92,tortilla,xìtà,,3382,,mont12,oxnard2020
92,tortilla,stàá,,3383,,bate11,oxnard2020
93,rastrojo,xe'è nùú ñu'ú,,3384,,tlah11,oxnard2020
93,rastrojo,xè'è,,3385,,pied12,oxnard2020
93,rastrojo,xè'è mii,,3386,,flor12,oxnard2020
93,rastrojo,ñàmà,,3387,,mont12,oxnard2020
93,rastrojo,tiàmá,,3388,,bate11,oxnard2020
94,surco,chìchi,,3389,,tlah11,oxnard2020
94,surco,í'tsin,,3390,,pied12,oxnard2020
94,surco,chìchi,,3391,,flor12,oxnard2020
94,surco,chìchi,,3392,,mont12,oxnard2020
94,surco,chìchi,,3393,,bate11,oxnard2020
94,surco,yikò,,3394,,mont12,oxnard2020
95,espiga de milpa (215? GRB),yokó itu,,3395,,tlah11,oxnard2020
95,espiga de milpa (215? GRB),yojkǒ,,3396,,pied12,oxnard2020
95,espiga de milpa (215? GRB),yojkǒ,,3397,,flor12,oxnard2020
96,frijol,nduchí,,3398,,tlah11,oxnard2020
96,frijol,ntuchǐ,,3399,,pied12,oxnard2020
96,frijol,ntujchǐ,,3400,,flor12,oxnard2020
96,frijol,nduchì,,3401,,mont12,oxnard2020
96,frijol,nduchǐ,,3402,,bate11,oxnard2020
97,ejote,ndìchi,,3403,,tlah11,oxnard2020
97,ejote,nchìchî,,3404,,pied12,oxnard2020
97,ejote,nchǐchî,,3405,,flor12,oxnard2020
97,ejote,ndìchi,,3406,,mont12,oxnard2020
97,ejote,nchichî,,3407,,bate11,oxnard2020
98,chile,ya'á,,3408,,tlah11,oxnard2020
98,chile,ya'ǎ,,3409,,pied12,oxnard2020
98,chile,ya'ǎ,,3410,,flor12,oxnard2020
98,chile,yá'à,,3411,,mont12,oxnard2020
98,chile,ya'á,,3412,,bate11,oxnard2020
99,sal,ìín,,3413,,tlah11,oxnard2020
99,sal,ìjǐn,,3414,,pied12,oxnard2020
99,sal,ììn,,3415,,flor12,oxnard2020
99,sal,nìì,,3416,,mont12,oxnard2020
99,sal,ìǐn,,3417,,bate11,oxnard2020
100,calabaza,ikín,,3418,,tlah11,oxnard2020
100,calabaza,ikǐn,,3419,,pied12,oxnard2020
100,calabaza,ijkǐn,,3420,,flor12,oxnard2020
100,calabaza,yikì,,3421,,mont12,oxnard2020
100,calabaza,íki,,3422,,bate11,oxnard2020
100,calabaza,ikín,,3423,,tlah11,oxnard2020
100,calabaza,kiá'mǐ,,3424,,pied12,oxnard2020
100,calabaza,ikǐn,,3425,,flor12,oxnard2020
100,calabaza,yikì,,3426,,mont12,oxnard2020
100,calabaza,ikǐ,,3427,,bate11,oxnard2020
101,chayote,nañá,,3428,,tlah11,oxnard2020
101,chayote,nañǎ,,3429,,pied12,oxnard2020
101,chayote,najñǎ,,3430,,flor12,oxnard2020
101,chayote,tináñà,,3431,,mont12,oxnard2020
101,chayote,nañǎ,,3432,,bate11,oxnard2020
102,caña,ndòó,,3433,,tlah11,oxnard2020
102,caña,ntòjǒ,,3434,,pied12,oxnard2020
102,caña,ntojǒ,,3435,,flor12,oxnard2020
102,caña,ndòò,,3436,,mont12,oxnard2020
102,caña,ndòó,,3437,,bate11,oxnard2020
103,miel,ñùñú,,3438,,tlah11,oxnard2020
103,miel,ntǔxi,,3439,,pied12,oxnard2020
103,miel,ntǔxi,,3440,,flor12,oxnard2020
103,miel,ñoñò,,3441,,mont12,oxnard2020
103,miel,ndǔxì,,3442,,bate11,oxnard2020
104,manteca,xà'an,,3443,,tlah11,oxnard2020
104,manteca,xǎ'ân,,3444,,pied12,oxnard2020
104,manteca,xǎ'ân,,3445,,flor12,oxnard2020
104,manteca,xà'án,,3446,,mont12,oxnard2020
104,manteca,xǎ'àn,,3447,,bate11,oxnard2020
105,huevo,ndìví,,3448,,tlah11,oxnard2020
105,huevo,ntsìvǐ,,3449,,pied12,oxnard2020
105,huevo,ntsìjvǐ,,3450,,flor12,oxnard2020
105,huevo,ndìvì,,3451,,mont12,oxnard2020
105,huevo,ndìvǐ,,3452,,bate11,oxnard2020
106,tomate,tnàná,,3453,,tlah11,oxnard2020
106,tomate,tsìnanǎ,,3454,,pied12,oxnard2020
106,tomate,tsìnanǎ,,3455,,flor12,oxnard2020
106,tomate,tìnanà,,3456,,mont12,oxnard2020
106,tomate,tinǎna,,3457,,bate11,oxnard2020
107,camote,ndya'mí,,3458,,tlah11,oxnard2020
107,camote,ña'mǐ,,3459,,pied12,oxnard2020
107,camote,ña'mì,,3460,,flor12,oxnard2020
107,camote,ñamìì,,3461,,mont12,oxnard2020
107,camote,ña'mǐ,,3462,,bate11,oxnard2020
108,aguacate,tìchi,,3463,,tlah11,oxnard2020
108,aguacate,chìjchí,,3464,,pied12,oxnard2020
108,aguacate,chìjchí,,3465,,flor12,oxnard2020
108,aguacate,tìchí,,3466,,mont12,oxnard2020
108,aguacate,tǐchi,,3467,,bate11,oxnard2020
109,plátano,ndiká,,3468,,tlah11,oxnard2020
109,plátano,ntsijkǎ,,3469,,pied12,oxnard2020
109,plátano,ntsijkǎ,,3470,,flor12,oxnard2020
109,plátano,ndikà,,3471,,mont12,oxnard2020
109,plátano,nchikǎ,,3472,,bate11,oxnard2020
110,nopal,vì'tá,,3473,,tlah11,oxnard2020
110,nopal,vi'ntsiǎ,,3474,,pied12,oxnard2020
110,nopal,vi'ntsiǎ,,3475,,flor12,oxnard2020
110,nopal,mindyà,,3476,,mont12,oxnard2020
110,nopal,mì'nchǎ,,3477,,bate11,oxnard2020
111,mamey,ndiká kwá'a,,3478,,tlah11,oxnard2020
111,mamey,ntsiká kuá'a,,3479,,pied12,oxnard2020
111,mamey,ntsiká kuá'a,,3480,,flor12,oxnard2020
111,mamey,ndokò kuaá,,3481,,mont12,oxnard2020
111,zapote,ndokó,,3482,,tlah11,oxnard2020
111,zapote,ntòkǒ,,3483,,pied12,oxnard2020
111,zapote,ntsìká kuá'a,,3484,,flor12,oxnard2020
111,zapote,ndokò,,3485,,mont12,oxnard2020
112,chirimoya,ndokó tyá'tàn,,3486,,tlah11,oxnard2020
112,chirimoya,ntokǒ,,3487,,pied12,oxnard2020
112,chirimoya,ntojkǒ,,3488,,flor12,oxnard2020
113,hongo,xì'í,,3489,,tlah11,oxnard2020
113,hongo,xi'ǐ,,3490,,pied12,oxnard2020
113,hongo,xi'ǐ,,3491,,flor12,oxnard2020
113,hongo,sì'ì,,3492,,mont12,oxnard2020
113,hongo,tsì'ǐ,,3493,,bate11,oxnard2020
114,carne,kùñu,,3494,,tlah11,oxnard2020
114,carne,koñû,,3495,,pied12,oxnard2020
114,carne,koñô,,3496,,flor12,oxnard2020
114,carne,kòño,,3497,,mont12,oxnard2020
114,carne,kǔñù,,3498,,bate11,oxnard2020
115,comal,xìyó,,3499,,tlah11,oxnard2020
115,comal,xìyǒ,,3500,,pied12,oxnard2020
115,comal,xìjyǒ,,3501,,flor12,oxnard2020
115,comal,tsiòó,,3502,,bate11,oxnard2020
116,olla,kìsi,,3503,,tlah11,oxnard2020
116,olla,kìsi,,3504,,pied12,oxnard2020
116,olla,kìsi,,3505,,flor12,oxnard2020
116,olla,kìji,,3506,,mont12,oxnard2020
116,olla,kìsi,,3507,,bate11,oxnard2020
117,horno,xitùn,,3508,,tlah11,oxnard2020
117,horno,xìtùn,,3509,,pied12,oxnard2020
117,horno,sìtò,,3510,,mont12,oxnard2020
117,horno,tsìtù,,3511,,bate11,oxnard2020
118,"fuego, lumbre",ñu'ùn,,3512,,tlah11,oxnard2020
118,"fuego, lumbre",ñu'ù,,3513,,pied12,oxnard2020
118,"fuego, lumbre",ñu'ù,,3514,,flor12,oxnard2020
118,"fuego, lumbre",ñoò,,3515,,mont12,oxnard2020
118,"fuego, lumbre",ñu'ù,,3516,,bate11,oxnard2020
119,ceniza,yàá,,3517,,tlah11,oxnard2020
119,ceniza,yàjǎ,,3518,,pied12,oxnard2020
119,ceniza,yàjǎ,,3519,,flor12,oxnard2020
119,ceniza,ya'à,,3520,,mont12,oxnard2020
119,ceniza,yàá,,3521,,bate11,oxnard2020
120,carbón,tùún,,3522,,tlah11,oxnard2020
120,carbón,tùún,,3523,,pied12,oxnard2020
120,carbón,tòjǔn,,3524,,flor12,oxnard2020
120,carbón,tò'òn,,3525,,mont12,oxnard2020
120,carbón,tùǔn,,3526,,bate11,oxnard2020
120,carbón,tùún,,3527,,tlah11,oxnard2020
120,carbón,tsìkàyì,,3528,,pied12,oxnard2020
120,carbón,tùjun,,3529,,flor12,oxnard2020
120,carbón,to'on,,3530,,mont12,oxnard2020
121,humo,yu'mà,,3531,,tlah11,oxnard2020
121,humo,i'màn,,3532,,pied12,oxnard2020
121,humo,ì'mân,,3533,,flor12,oxnard2020
121,humo,ñìmà,,3534,,mont12,oxnard2020
121,humo,ñu'ma`,,3535,,bate11,oxnard2020
122,basura,xe'è,,3536,,tlah11,oxnard2020
122,basura,xè'è,,3537,,pied12,oxnard2020
122,basura,xè'è,,3538,,flor12,oxnard2020
122,basura,sè'è,,3539,,mont12,oxnard2020
122,basura,mǐ'in ,,3540,,bate11,oxnard2020
124,jícara,yaxín  te'é,,3541,,tlah11,oxnard2020
124,jícara,yaxǐn tsié'é,,3542,,pied12,oxnard2020
124,jícara,yaxǐn,,3543,,flor12,oxnard2020
124,jícara,yasì,,3544,,mont12,oxnard2020
124,jícara,yátsǐ,,3545,,bate11,oxnard2020
125,tenate,ndò'ó,,3546,,tlah11,oxnard2020
125,tenate,ntò'ǒ,,3547,,pied12,oxnard2020
125,tenate,ntò'ǒ,,3548,,flor12,oxnard2020
125,tenate,ndò'ò,,3549,,mont12,oxnard2020
125,tenate,ndoò tsítí,,3550,,bate11,oxnard2020
125,canasta,tòká,,3551,,tlah11,oxnard2020
125,canasta,kanàsta,,3552,,pied12,oxnard2020
125,canasta,tìká,,3553,,flor12,oxnard2020
127,hilo,yù'và,,3554,,tlah11,oxnard2020
127,hilo,yi'và,,3555,,pied12,oxnard2020
127,hilo,yi'và,,3556,,flor12,oxnard2020
127,hilo,yìvà,,3557,,mont12,oxnard2020
127,hilo,yù'à,,3558,,bate11,oxnard2020
128,peine,kwikà,,3559,,tlah11,oxnard2020
128,peine,kuijkà,,3560,,pied12,oxnard2020
128,peine,kuikà,,3561,,flor12,oxnard2020
128,peine,kuìkà,,3562,,mont12,oxnard2020
128,peine,kwìkà,,3563,,bate11,oxnard2020
129,mecate,yo'ó,,3564,,tlah11,oxnard2020
129,mecate,yo'ǒ,,3565,,pied12,oxnard2020
129,mecate,yo'ǒ,,3566,,flor12,oxnard2020
129,mecate,yo'ò,,3567,,mont12,oxnard2020
129,mecate,yo'ó,,3568,,bate11,oxnard2020
130,agujero,yàvì,,3569,,tlah11,oxnard2020
130,agujero,yavì,,3570,,pied12,oxnard2020
130,agujero,yavì,,3571,,flor12,oxnard2020
130,agujero,yavì,,3572,,mont12,oxnard2020
130,agujero,yavì,,3573,,bate11,oxnard2020
131,red,yáti,,3574,,tlah11,oxnard2020
131,red,yujñǔ,,3575,,pied12,oxnard2020
131,red,tiyivá,,3576,,mont12,oxnard2020
131,red,ñunǔ,,3577,,bate11,oxnard2020
132,jabón,nàma,,3578,,tlah11,oxnard2020
132,jabón,nǎjma,,3579,,flor12,oxnard2020
133,anillo,xé'é,,3580,,tlah11,oxnard2020
134,luna,yóǒ,,3581,,tlah11,oxnard2020
134,luna,yòjǒ,,3582,,pied12,oxnard2020
134,luna,yòjǒ,,3583,,flor12,oxnard2020
134,luna,yòò,,3584,,mont12,oxnard2020
134,luna,yòó,,3585,,bate11,oxnard2020
135,nube,vìkó,,3586,,tlah11,oxnard2020
135,nube,vìkǒ,,3587,,pied12,oxnard2020
135,nube,vìjkǒ,,3588,,flor12,oxnard2020
135,nube,vìkò,,3589,,mont12,oxnard2020
135,nube,vìkǒ,,3590,,bate11,oxnard2020
136,relámpago,taxan sàví,,3591,,tlah11,oxnard2020
136,relámpago,taxa,,3592,,pied12,oxnard2020
136,relámpago,kááni sàjvǐ / taxa,,3593,,flor12,oxnard2020
136,relámpago,ntsá nduchǎ,,3594,,bate11,oxnard2020
136,rayo,kaxan,,3595,,tlah11,oxnard2020
136,rayo,taxa,,3596,,pied12,oxnard2020
136,rayo,taxa,,3597,,flor12,oxnard2020
136,rayo,ndasa,,3598,,mont12,oxnard2020
136,rayo,tatsa,,3599,,bate11,oxnard2020
137,agua,tìkwíi,,3600,,tlah11,oxnard2020
137,agua,tsìkuǐi,,3601,,pied12,oxnard2020
137,agua,tsìkuǐi,,3602,,flor12,oxnard2020
137,agua,tikuií,,3603,,mont12,oxnard2020
137,agua,chukwíi,,3604,,bate11,oxnard2020
138,lluvia,sàví,,3605,,tlah11,oxnard2020
138,lluvia,sàvǐ,,3606,,pied12,oxnard2020
138,lluvia,sàjvǐ,,3607,,flor12,oxnard2020
138,lluvia,jàvì,,3608,,mont12,oxnard2020
138,lluvia,sàvǐ,,3609,,bate11,oxnard2020
139,río,ìta,,3610,,tlah11,oxnard2020
139,río,ìtsia,,3611,,pied12,oxnard2020
139,río,ìjtsia,,3612,,flor12,oxnard2020
139,río,yùtya,,3613,,mont12,oxnard2020
139,río,yùcha,,3614,,bate11,oxnard2020
140,rocío,kaxin,,3615,,tlah11,oxnard2020
140,rocío,yúyú,,3616,,pied12,oxnard2020
140,rocío,yúyú es brisa / yìva cuando hace mucho frio como,,3617,,flor12,oxnard2020
140,rocío,yúyú,,3618,,mont12,oxnard2020
140,rocío,yúyú,,3619,,bate11,oxnard2020
141,cerro,ko'nto,,3620,,tlah11,oxnard2020
141,cerro,ko'nto,,3621,,pied12,oxnard2020
141,cerro,ko'nto,,3622,,flor12,oxnard2020
141,cerro,yukù,,3623,,mont12,oxnard2020
141,cerro,yùkǔ,,3624,,bate11,oxnard2020
142,llano,yosó,,3625,,tlah11,oxnard2020
142,llano,yosǒ ,,3626,,pied12,oxnard2020
142,llano,yosǒ ,,3627,,flor12,oxnard2020
142,llano,yojò,,3628,,mont12,oxnard2020
142,llano,yosǒ,,3629,,bate11,oxnard2020
143,piedra,yùú,,3630,,tlah11,oxnard2020
143,piedra,yùjǔ,,3631,,pied12,oxnard2020
143,piedra,yùjǔ,,3632,,flor12,oxnard2020
143,piedra,yùù,,3633,,mont12,oxnard2020
143,piedra,yùú,,3634,,bate11,oxnard2020
144,algodón,kàchí,,3635,,tlah11,oxnard2020
144,algodón,kàchǐ,,3636,,pied12,oxnard2020
144,algodón,kàjchǐ,,3637,,flor12,oxnard2020
144,algodón,kàchì,,3638,,mont12,oxnard2020
144,algodón,kàchǐ,,3639,,bate11,oxnard2020
145,fierro,kàà,,3640,,tlah11,oxnard2020
145,fierro,kǎà,,3641,,pied12,oxnard2020
145,fierro,kàa,,3642,,flor12,oxnard2020
145,fierro,kà'a,,3643,,mont12,oxnard2020
145,fierro,kàa,,3644,,bate11,oxnard2020
146,papel,tutu,,3645,,tlah11,oxnard2020
146,papel,tujtû,,3646,,pied12,oxnard2020
146,papel,tutu,,3647,,flor12,oxnard2020
146,papel,tutì,,3648,,mont12,oxnard2020
147,cal,kaka,,3649,,tlah11,oxnard2020
147,cal,kajkâ,,3650,,pied12,oxnard2020
147,cal,kajka,,3651,,flor12,oxnard2020
147,cal,kakà,,3652,,mont12,oxnard2020
147,cal,kakà,,3653,,bate11,oxnard2020
148,cera,yùmá,,3654,,tlah11,oxnard2020
148,cera,ìmǎ,,3655,,pied12,oxnard2020
148,cera,ìjmǎ,,3656,,flor12,oxnard2020
148,cera,nìmà,,3657,,mont12,oxnard2020
148,cera,ñùmǎ,,3658,,bate11,oxnard2020
149,lodo,ndà'ì,,3659,,tlah11,oxnard2020
149,lodo,ntsia'yì,,3660,,pied12,oxnard2020
149,lodo,ntsia'yì,,3661,,flor12,oxnard2020
149,lodo,ndyàyì,,3662,,mont12,oxnard2020
149,lodo,nchà'ì,,3663,,bate11,oxnard2020
150,espuma,ñùñùn,,3664,,tlah11,oxnard2020
150,espuma,chìkìñù,,3665,,pied12,oxnard2020
150,espuma,chìkìñù,,3666,,flor12,oxnard2020
150,espuma,chi'ìñò,,3667,,mont12,oxnard2020
150,espuma,tiñun`,,3668,,bate11,oxnard2020
150,espuma,chiñùn,,3669,,tlah11,oxnard2020
151,polvo,yáka,,3670,,tlah11,oxnard2020
151,polvo,yájkǎ,,3671,,pied12,oxnard2020
151,polvo,yakǎ,,3672,,flor12,oxnard2020
151,polvo,yàká,,3673,,mont12,oxnard2020
151,polvo,yǎka,,3674,,bate11,oxnard2020
152,rojo,kwá'a,,3675,,tlah11,oxnard2020
152,rojo,kuá'a,,3676,,pied12,oxnard2020
152,rojo,kuá'a,,3677,,flor12,oxnard2020
152,rojo,kua'á,,3678,,mont12,oxnard2020
152,rojo,kwaá o kwá'à ,,3679,,bate11,oxnard2020
153,verde,kwí'ǐ,,3680,,tlah11,oxnard2020
153,verde,kuijǐ,,3681,,pied12,oxnard2020
153,verde,kuijǐ,,3682,,flor12,oxnard2020
153,verde,kuíì,,3683,,mont12,oxnard2020
153,verde,kwíìí  (o) kwíǐ,,3684,,bate11,oxnard2020
154,amarillo,kwáan,,3685,,tlah11,oxnard2020
154,amarillo,kuáan,,3686,,pied12,oxnard2020
154,amarillo,kuáan,,3687,,flor12,oxnard2020
154,amarillo,kuaán,,3688,,mont12,oxnard2020
154,amarillo,kwáan,,3689,,bate11,oxnard2020
155,negro,ndáá/tùú,,3690,,tlah11,oxnard2020
155,negro,tùjǔn,,3691,,pied12,oxnard2020
155,negro,tòjǒn,,3692,,flor12,oxnard2020
155,negro,tòón,,3693,,mont12,oxnard2020
155,negro,nché'ì,,3694,,bate11,oxnard2020
155,negro,ndaá/tùú,,3695,,tlah11,oxnard2020
155,negro,ntsiayì,,3696,,pied12,oxnard2020
155,negro,nché'ì,,3697,,bate11,oxnard2020
156,blanco,yaa,,3698,,tlah11,oxnard2020
156,blanco,yaa,,3699,,pied12,oxnard2020
156,blanco,yaa,,3700,,flor12,oxnard2020
156,blanco,yaa,,3701,,mont12,oxnard2020
156,blanco,yaa,,3702,,bate11,oxnard2020
157,uno,iin,,3703,,tlah11,oxnard2020
157,uno,iin,,3704,,pied12,oxnard2020
157,uno,iin,,3705,,flor12,oxnard2020
157,uno,iin,,3706,,mont12,oxnard2020
157,uno,iin,,3707,,bate11,oxnard2020
158,dos,ùvì,,3708,,tlah11,oxnard2020
158,dos,ìvì,,3709,,pied12,oxnard2020
158,dos,ìvì,,3710,,flor12,oxnard2020
158,dos,ìvì,,3711,,mont12,oxnard2020
158,dos,ùvì,,3712,,bate11,oxnard2020
159,tres,ùnì,,3713,,tlah11,oxnard2020
159,tres,ònì,,3714,,pied12,oxnard2020
159,tres,ònì,,3715,,flor12,oxnard2020
159,tres,ònì,,3716,,mont12,oxnard2020
159,tres,ùnì,,3717,,bate11,oxnard2020
160,cuatro,kòmí,,3718,,tlah11,oxnard2020
160,cuatro,kòmǐ,,3719,,pied12,oxnard2020
160,cuatro,kòjmǐ,,3720,,flor12,oxnard2020
160,cuatro,kòmì,,3721,,mont12,oxnard2020
160,cuatro,kùmǐ,,3722,,bate11,oxnard2020
161,cinco,ù'ùn,,3723,,tlah11,oxnard2020
161,cinco,ù'ùn,,3724,,pied12,oxnard2020
161,cinco,ù'ùn,,3725,,flor12,oxnard2020
161,cinco,ò'òn,,3726,,mont12,oxnard2020
161,cinco,ù'ùn,,3727,,bate11,oxnard2020
162,seis,ìñù,,3728,,tlah11,oxnard2020
162,seis,ìñù,,3729,,pied12,oxnard2020
162,seis,ìñù,,3730,,flor12,oxnard2020
162,seis,ìñò,,3731,,mont12,oxnard2020
162,seis,ìñù,,3732,,bate11,oxnard2020
163,siete,ùxà,,3733,,tlah11,oxnard2020
163,siete,ùxà,,3734,,pied12,oxnard2020
163,siete,ùxà,,3735,,flor12,oxnard2020
163,siete,ùsà,,3736,,mont12,oxnard2020
163,siete,ùtsà,,3737,,bate11,oxnard2020
164,ocho,ùnà,,3738,,tlah11,oxnard2020
164,ocho,ònà,,3739,,pied12,oxnard2020
164,ocho,ònà,,3740,,flor12,oxnard2020
164,ocho,ònà,,3741,,mont12,oxnard2020
164,ocho,ùnà,,3742,,bate11,oxnard2020
165,nueve,iìn,,3743,,tlah11,oxnard2020
165,nueve,ììn,,3744,,pied12,oxnard2020
165,nueve,ììn,,3745,,flor12,oxnard2020
165,nueve,ììn,,3746,,mont12,oxnard2020
165,nueve,ììn,,3747,,bate11,oxnard2020
166,diez,uxì,,3748,,tlah11,oxnard2020
166,diez,ùxì,,3749,,pied12,oxnard2020
166,diez,ùxì,,3750,,flor12,oxnard2020
166,diez,ùsì,,3751,,mont12,oxnard2020
166,diez,ùtsì,,3752,,bate11,oxnard2020
167,quince,xa'ùn,,3753,,tlah11,oxnard2020
167,quince,xa'ùn,,3754,,pied12,oxnard2020
167,quince,xa'ùn,,3755,,flor12,oxnard2020
167,quince,sà'òn,,3756,,mont12,oxnard2020
167,quince,tsà'ùn,,3757,,bate11,oxnard2020
168,veinte,oko,,3758,,tlah11,oxnard2020
168,veinte,òjkò,,3759,,pied12,oxnard2020
168,veinte,òkò,,3760,,flor12,oxnard2020
168,veinte,òkò,,3761,,mont12,oxnard2020
169,pobre,ndá'vi,,3762,,tlah11,oxnard2020
169,pobre,ntá'vi,,3763,,pied12,oxnard2020
169,pobre,ntá'vi,,3764,,flor12,oxnard2020
169,pobre,ndaví,,3765,,mont12,oxnard2020
169,pobre,ndávì,,3766,,bate11,oxnard2020
170,rico ,kwíká,,3767,,tlah11,oxnard2020
170,rico ,kuíjka,,3768,,pied12,oxnard2020
170,rico ,kuíka,,3769,,flor12,oxnard2020
170,rico ,kuíká,,3770,,mont12,oxnard2020
170,rico ,kwíka,,3771,,bate11,oxnard2020
171,frío,vìxin,,3772,,tlah11,oxnard2020
171,frío,vìxin,,3773,,pied12,oxnard2020
171,frío,vìxin,,3774,,flor12,oxnard2020
171,frío,vìsi,,3775,,mont12,oxnard2020
171,frío,vìtsi,,3776,,bate11,oxnard2020
172,caliente,i'ní,,3777,,tlah11,oxnard2020
172,caliente,i'ní,,3778,,pied12,oxnard2020
172,caliente,i'ní,,3779,,flor12,oxnard2020
172,caliente,iní,,3780,,mont12,oxnard2020
172,caliente,i'ní,,3781,,bate11,oxnard2020
173,grande.SG,ká'nu,,3782,,tlah11,oxnard2020
173,grande.SG,ká'nu,,3783,,pied12,oxnard2020
173,grande.SG,ka'nu,,3784,,flor12,oxnard2020
173,grande.SG,káno,,3785,,mont12,oxnard2020
173,grande.SG,ká'nu,,3786,,bate11,oxnard2020
175,pequeño.SG,lo'o,,3787,,tlah11,oxnard2020
175,pequeño.SG,lo'o,,3788,,pied12,oxnard2020
175,pequeño.SG,lo'o,,3789,,flor12,oxnard2020
175,pequeño.SG,ló'ò,,3790,,mont12,oxnard2020
175,pequeño.SG,kwáchi,,3791,,bate11,oxnard2020
176,pequeño.PL,válí,,3792,,tlah11,oxnard2020
176,pequeño.PL,lo'o,,3793,,flor12,oxnard2020
176,pequeño.PL,loò,,3794,,mont12,oxnard2020
176,pequeño.PL,kwáchi,,3795,,bate11,oxnard2020
176,pequeño (en pedazos?),sava vali,,3796,,tlah11,oxnard2020
176,pequeño (en pedazos?),litsín,,3797,,flor12,oxnard2020
176,pequeño (en pedazos?),kwáchi,,3798,,bate11,oxnard2020
177,largo.SG,kâni,,3799,,tlah11,oxnard2020
177,largo.SG,kajnǐ,,3800,,pied12,oxnard2020
177,largo.SG,kajnǐ,,3801,,flor12,oxnard2020
177,largo.SG,kánìì,,3802,,mont12,oxnard2020
177,largo.SG,kanǐ,,3803,,bate11,oxnard2020
179,bueno,và'a,,3804,,tlah11,oxnard2020
179,bueno,và'a,,3805,,pied12,oxnard2020
179,bueno,và'a,,3806,,flor12,oxnard2020
179,bueno,và'a,,3807,,mont12,oxnard2020
179,bueno,và'a,,3808,,bate11,oxnard2020
180,dulce,vìxì,,3809,,tlah11,oxnard2020
180,dulce,vìxì,,3810,,pied12,oxnard2020
180,dulce,vìxì,,3811,,flor12,oxnard2020
180,dulce,vìxì,,3812,,mont12,oxnard2020
180,dulce,vìxì,,3813,,bate11,oxnard2020
181,salado,u'và,,3814,,tlah11,oxnard2020
181,salado,ò'và,,3815,,pied12,oxnard2020
181,salado,ò'vâ,,3816,,flor12,oxnard2020
181,salado,ìvà,,3817,,mont12,oxnard2020
181,salado,ù'và,,3818,,bate11,oxnard2020
182,amargo,ùvà,,3819,,tlah11,oxnard2020
182,amargo,òvà,,3820,,pied12,oxnard2020
182,amargo,òvà,,3821,,flor12,oxnard2020
182,amargo,ìvà,,3822,,mont12,oxnard2020
182,amargo,ùvà,,3823,,bate11,oxnard2020
182,amargo,ajtu,,3824,,pied12,oxnard2020
182,amargo,òvà,,3825,,flor12,oxnard2020
183,sabroso,yàsí,,3826,,tlah11,oxnard2020
183,sabroso,àsǐn,,3827,,pied12,oxnard2020
183,sabroso,àsǐn,,3828,,flor12,oxnard2020
183,sabroso,ànjìn,,3829,,mont12,oxnard2020
183,sabroso,àsǐ,,3830,,bate11,oxnard2020
184,ancho,ndìkà,,3831,,tlah11,oxnard2020
184,ancho,ntsíjkà,,3832,,pied12,oxnard2020
184,ancho,ntsíjkà,,3833,,flor12,oxnard2020
184,ancho,ndika,,3834,,mont12,oxnard2020
185,nuevo,xàá,,3835,,tlah11,oxnard2020
185,nuevo,xàá,,3836,,pied12,oxnard2020
185,nuevo,xàá,,3837,,flor12,oxnard2020
185,nuevo,sàá,,3838,,mont12,oxnard2020
185,nuevo,tsaa (MAM),,3839,,bate11,oxnard2020
186,flojo,xúxan,,3840,,tlah11,oxnard2020
186,flojo,xúxan,,3841,,pied12,oxnard2020
186,flojo,xúxan,,3842,,flor12,oxnard2020
186,flojo,júsá,,3843,,mont12,oxnard2020
186,flojo,kukuxà,,3844,,bate11,oxnard2020
187,feo,kini,,3845,,tlah11,oxnard2020
187,feo,kini,,3846,,pied12,oxnard2020
187,feo,kini,,3847,,flor12,oxnard2020
187,feo,kini,,3848,,mont12,oxnard2020
187,feo,kini,,3849,,bate11,oxnard2020
188,celoso,kwiñu,,3850,,tlah11,oxnard2020
188,celoso,kuíñun,,3851,,pied12,oxnard2020
188,celoso,kuíñû,,3852,,flor12,oxnard2020
189,"cerca, próximo",yachi,,3853,,tlah11,oxnard2020
189,"cerca, próximo",yatsin,,3854,,pied12,oxnard2020
189,"cerca, próximo",yajtsin,,3855,,flor12,oxnard2020
189,"cerca, próximo",yati,,3856,,mont12,oxnard2020
189,"cerca, próximo",yachi,,3857,,bate11,oxnard2020
190,lejos,xíka,,3858,,tlah11,oxnard2020
190,lejos,xìka,,3859,,pied12,oxnard2020
190,lejos,xíka,,3860,,flor12,oxnard2020
191,pesado,vèe,,3861,,tlah11,oxnard2020
191,pesado,vèje,,3862,,pied12,oxnard2020
191,pesado,vèje,,3863,,flor12,oxnard2020
191,pesado,vè'e,,3864,,mont12,oxnard2020
191,pesado,vèe,,3865,,bate11,oxnard2020
192,crudo,ì'i,,3866,,tlah11,oxnard2020
192,crudo,í'i,,3867,,pied12,oxnard2020
192,crudo,í'i,,3868,,flor12,oxnard2020
192,crudo,yíí,,3869,,mont12,oxnard2020
193,liso,kaní,,3870,,tlah11,oxnard2020
193,liso,kaní,,3871,,pied12,oxnard2020
193,liso,kaní,,3872,,flor12,oxnard2020
193,liso,vilá,,3873,,mont12,oxnard2020
193,liso,ndiìí,,3874,,bate11,oxnard2020
194,despacio,kwe,,3875,,tlah11,oxnard2020
194,despacio,kuée,,3876,,pied12,oxnard2020
194,despacio,kuée,,3877,,flor12,oxnard2020
194,despacio,kueé,,3878,,mont12,oxnard2020
194,despacio,kwée,,3879,,bate11,oxnard2020
194,despacio,kuee,,3880,,tlah11,oxnard2020
194,despacio,yàà,,3881,,pied12,oxnard2020
194,despacio,kuée,,3882,,flor12,oxnard2020
195,ayer,kùni,,3883,,tlah11,oxnard2020
195,ayer,kojni,,3884,,pied12,oxnard2020
195,ayer,koni,,3885,,flor12,oxnard2020
195,ayer,koni,,3886,,mont12,oxnard2020
195,ayer,kuni,,3887,,bate11,oxnard2020
196,año,kwiyà,,3888,,tlah11,oxnard2020
196,año,kuiyà,,3889,,pied12,oxnard2020
196,año,kuìyà,,3890,,flor12,oxnard2020
196,año,kuìyà,,3891,,mont12,oxnard2020
196,año,kwìyà,,3892,,bate11,oxnard2020
197,"ahora, hoy",viti,,3893,,tlah11,oxnard2020
197,"ahora, hoy",vitsin,,3894,,pied12,oxnard2020
197,"ahora, hoy",vitsin,,3895,,flor12,oxnard2020
197,"ahora, hoy",viti,,3896,,mont12,oxnard2020
197,"ahora, hoy",vichi,,3897,,bate11,oxnard2020
198,noche,ñuûn,,3898,,tlah11,oxnard2020
198,noche,ñǔu,,3899,,pied12,oxnard2020
198,noche,ñǔu,,3900,,flor12,oxnard2020
198,noche,ñoó,,3901,,mont12,oxnard2020
198,noche,tsi kwaǎ,,3902,,bate11,oxnard2020
200,"día, fecha",kìví,,3903,,tlah11,oxnard2020
200,"día, fecha",kìjǐ,,3904,,pied12,oxnard2020
200,"día, fecha",kìjǐ,,3905,,flor12,oxnard2020
200,"día, fecha",kìvì,,3906,,mont12,oxnard2020
200,"día, fecha",kìí,,3907,,bate11,oxnard2020
201,de día,nduví,,3908,,tlah11,oxnard2020
201,de día,ntiví,,3909,,pied12,oxnard2020
201,de día,ntiví,,3910,,flor12,oxnard2020
201,de día,ndiví,,3911,,mont12,oxnard2020
201,de día,nduú,,3912,,bate11,oxnard2020
202,mitad,ña'ñu,,3913,,tlah11,oxnard2020
202,mitad,mà'ñú,,3914,,pied12,oxnard2020
202,mitad,mà'ñú,,3915,,flor12,oxnard2020
202,mitad,java,,3916,,mont12,oxnard2020
202,mitad,mǎ'in,,3917,,bate11,oxnard2020
203,dinero,xù'ún,,3918,,tlah11,oxnard2020
203,dinero,xù'ún,,3919,,pied12,oxnard2020
203,dinero,xù'ún,,3920,,flor12,oxnard2020
203,dinero,xò'ón,,3921,,mont12,oxnard2020
203,dinero,xǔ'un,,3922,,bate11,oxnard2020
204,trabajo,chiñu,,3923,,tlah11,oxnard2020
204,trabajo,chiñu,,3924,,pied12,oxnard2020
204,trabajo,chiñu,,3925,,flor12,oxnard2020
204,trabajo,chiño,,3926,,mont12,oxnard2020
204,trabajo,chuun,,3927,,bate11,oxnard2020
204,trabajo,chuun,,3928,,pied12,oxnard2020
204,trabajo,chuun,,3929,,flor12,oxnard2020
205,palabra,tù'un,,3930,,tlah11,oxnard2020
205,palabra,tù'un,,3931,,pied12,oxnard2020
205,palabra,tò'on,,3932,,flor12,oxnard2020
205,palabra,tò'on,,3933,,mont12,oxnard2020
205,palabra,tù'un,,3934,,bate11,oxnard2020
206,culpa,kwàchi,,3935,,tlah11,oxnard2020
206,culpa,kuachi,,3936,,pied12,oxnard2020
206,culpa,kuàjchi,,3937,,flor12,oxnard2020
206,culpa,kuàchi,,3938,,mont12,oxnard2020
206,culpa,kwàchi,,3939,,bate11,oxnard2020
207,sueño,xàni,,3940,,tlah11,oxnard2020
207,sueño,xànì,,3941,,pied12,oxnard2020
207,sueño,xànì,,3942,,flor12,oxnard2020
209,canción,yaa,,3943,,tlah11,oxnard2020
209,canción,yaà,,3944,,pied12,oxnard2020
209,canción,yaà,,3945,,flor12,oxnard2020
