LEXEME,microclasses,IMPF,PFV,IRR,SegClass,ToneClass
V003_kuunsavi,1,ku5u3nsa1βi1,i1ku3u3nsa1βi1,ku3u3nsa1βi1,A,1
V011_ntxiko,1,ⁿd͡ʑi5ko3,i1ⁿd͡ʑi3ko3,ⁿd͡ʑi3ko3,A,1
V012_ntaka'vi,1,ⁿda5ka3ʔβi3,i1ⁿda3ka3ʔβi3,ⁿda3ka3ʔβi3,A,1
V014_kana,1,ka5na3,i1ka3na3,ka3na3,A,1
V015_kaki,1,ka5ki3,i1ka3ki3,ka3ki3,A,1
V017_ntixan,1,ⁿdi5ɕã3,i1ⁿdi3ɕã3,ⁿdi3ɕã3,A,1
V018_kayi,1,ka5ʒi5,i1ka3ʒi5,ka3ʒi5,A,1
V022_kasha,1,ka5ʃa5,i1ka3ʃa5,ka3ʃa5,A,1
V024_yi'i,1,ʒi5ʔi5,i1ʒi3ʔi5,ʒi3ʔi5,A,1
V031_chi'i,1,t͡ʃi5ʔi3,i1t͡ʃi3ʔi3,t͡ʃi3ʔi3,A,1
V032_ntachi,1,ⁿda5t͡ʃi5,i1ⁿda3t͡ʃi5,ⁿda3t͡ʃi5,A,1
V038_chiti,1,t͡ʃi5ti5,i1t͡ʃi3ti5,t͡ʃi3ti5,A,1
V039_kaita'an,1,ka5i3ta5ʔã3,i1ka3i3ta5ʔã3,ka3i3ta5ʔã3,A,1
V040_ntikani,1,ⁿdi5ka3ni3,i1ⁿdi3ka3ni3,ⁿdi3ka3ni3,A,1
V041_ki'vi,1,ki5ʔβi1,i1ki3ʔβi1,ki3ʔβi1,A,1
V048_kunii,1,ku5ni1i1,i1ku3ni1i1,ku3ni1i1,A,1
V051_tu'un,1,tu5ʔũ3,i1tu3ʔũ3,tu3ʔũ3,A,1
V054_ntikoo,1,ⁿdi5ko1o3,i1ⁿdi3ko1o3,ⁿdi3ko1o3,A,1
V062_chikaa,1,t͡ʃi5ka1a1,i1t͡ʃi3ka1a1,t͡ʃi3ka1a1,A,1
V065_ntikatxa,1,ⁿdi5ka3t͡ɕa3,i1ⁿdi3ka3t͡ɕa3,ⁿdi3ka3t͡ɕa3,A,1
V066_koxoo,1,ko5ɕo3o3,i1ko3ɕo3o3,ko3ɕo3o3,A,1
V074_ntantoso,1,ⁿda5ⁿdo5so5,i1ⁿda3ⁿdo5so5,ⁿda3ⁿdo5so5,A,1
V075_kuntxi'i,1,ku5ⁿd͡ʑi1ʔi1,i1ku3ⁿd͡ʑi1ʔi1,ku3ⁿd͡ʑi1ʔi1,A,1
V077_kumani,1,ku5ma3ni1,i1ku3ma3ni1,ku3ma3ni1,A,1
V085_ntataka,1,ⁿda5ta3ka3,i1ⁿda3ta3ka3,ⁿda3ta3ka3,A,1
V088_ntiki,1,ⁿdi5ki5,i1ⁿdi3ki5,ⁿdi3ki5,A,1
V090_ntika'nu,1,ⁿdi5ka5ʔnu3,i1ⁿdi3ka5ʔnu3,ⁿdi3ka5ʔnu3,A,1
V096_txitxiin,1,t͡ɕi5t͡ɕĩ1ĩ3,i1t͡ɕi3t͡ɕĩ1ĩ3,t͡ɕi3t͡ɕĩ1ĩ3,A,1
V104_ntxi'i,1,ⁿd͡ʑi5ʔi3,i1ⁿd͡ʑi3ʔi3,ⁿd͡ʑi3ʔi3,A,1
V110_ke'e,1,ke5ʔe5,i1ke3ʔe5,ke3ʔe5,A,1
V115_nto'o,1,ⁿdo5ʔo3,i1ⁿdo3ʔo3,ⁿdo3ʔo3,A,1
V118_ntakan,1,ⁿda5kã1,i1ⁿda3kã1,ⁿda3kã1,A,1
V119_ntakatu'un,1,ⁿda5ka3tu1ʔũ5,i1ⁿda3ka3tu1ʔũ5,ⁿda3ka3tu1ʔũ5,A,1
V120_kana,1,ka5na3,i1ka3na3,ka3na3,A,1
V124_nuu,1,nu5u3,i1nu3u3,nu3u3,A,1
V125_nuuse'e,1,nu5u3se3ʔe3,i1nu3u3se3ʔe3,nu3u3se3ʔe3,A,1
V127_koyo,1,ko5ʒo3,i1ko3ʒo3,ko3ʒo3,A,1
V130_kini,1,ki5ni5,i1ki3ni5,ki3ni5,A,1
V131_ntashita,1,ⁿda5ʃi1ta5,i1ⁿda3ʃi1ta5,ⁿda3ʃi1ta5,A,1
V134_tavi,1,ta5βi3,i1ta3βi3,ta3βi3,A,1
V135_si'vi,1,si5ʔβi5,i1si3ʔβi5,si3ʔβi5,A,1
V136_ntava,1,ⁿda5βa3,i1ⁿda3βa3,ⁿda3βa3,A,1
V137_kani'i,1,ka5ni3ʔi3,i1ka3ni3ʔi3,ka3ni3ʔi3,A,1
V142_ntakatxa,1,ⁿda5ka3t͡ɕa3,i1ⁿda3ka3t͡ɕa3,ⁿda3ka3t͡ɕa3,A,1
V144_ntikaxi,1,ⁿdi5ka5ɕi5,i1ⁿdi3ka5ɕi5,ⁿdi3ka5ɕi5,A,1
V145_txivintxaa,1,t͡ɕi5βi3ⁿd͡ʑa3a3,i1t͡ɕi3βi3ⁿd͡ʑa3a3,t͡ɕi3βi3ⁿd͡ʑa3a3,A,1
V146_ntakoto,1,ⁿda5ko3to3,i1ⁿda3ko3to3,ⁿda3ko3to3,A,1
V148_chinii,1,t͡ʃi5ni3i3,i1t͡ʃi3ni3i3,t͡ʃi3ni3i3,A,1
V150_kataka,1,ka5ta3ka3,i1ka3ta3ka3,ka3ta3ka3,A,1
V151_ntata,1,ⁿda5ta5,i1ⁿda3ta5,ⁿda3ta5,A,1
V155_soo,1,so5o3,i1so3o3,so3o3,A,1
V157_kantxaa,1,ka5ⁿd͡ʑa3a3,i1ka3ⁿd͡ʑa3a3,ka3ⁿd͡ʑa3a3,A,1
V158_ya'a,1,ʒa5ʔa3,i1ʒa3ʔa3,ʒa3ʔa3,A,1
V159_ntixaa,1,ⁿdi5ɕa1a5,i1ⁿdi3ɕa1a5,ⁿdi3ɕa1a5,A,1
V160_txaso'o,1,t͡ɕa5so1ʔo3,i1t͡ɕa3so1ʔo3,t͡ɕa3so1ʔo3,A,1
V161_ntuta'an,1,ⁿdu5ta3ʔã3,i1ⁿdu3ta3ʔã3,ⁿdu3ta3ʔã3,A,1
V163_chintoo,1,t͡ʃi5ⁿdo3o3,i1t͡ʃi3ⁿdo3o3,t͡ʃi3ⁿdo3o3,A,1
V167_tanta'a,1,ta5ⁿda3ʔa1,i1ta3ⁿda3ʔa1,ta3ⁿda3ʔa1,A,1
V168_ka'an,1,ka5ʔã5,i1ka3ʔã5,ka3ʔã5,A,1
V170_kanii,1,ka5ni3i3,i1ka3ni3i3,ka3ni3i3,A,1
V174_tivi,1,ti5βi5,i1ti3βi5,ti3βi5,A,1
V176_ntxikoni'i,1,ⁿd͡ʑi5ko5ni3ʔi3,i1ⁿd͡ʑi3ko5ni3ʔi3,ⁿd͡ʑi3ko5ni3ʔi3,A,1
V177_chinuu,1,t͡ʃi5nu5u3,i1t͡ʃi3nu5u3,t͡ʃi3nu5u3,A,1
V180_kantakava,1,ka5ⁿda3ka3βa3,i1ka3ⁿda3ka3βa3,ka3ⁿda3ka3βa3,A,1
V181_kanta,1,ka5ⁿda5,i1ka3ⁿda5,ka3ⁿda5,A,1
V183_ntani'i,1,ⁿda5ni3ʔi3,i1ⁿda3ni3ʔi3,ⁿda3ni3ʔi3,A,1
V184_ntativi,1,ⁿda5ti3βi3,i1ⁿda3ti3βi3,ⁿda3ti3βi3,A,1
V189_ntoo,1,ⁿdo5o3,i1ⁿdo3o3,ⁿdo3o3,A,1
V190_ntaki'in,1,ⁿda5ki3ʔĩ3,i1ⁿda3ki3ʔĩ3,ⁿda3ki3ʔĩ3,A,1
V191_ni'i,1,ni5ʔi3,i1ni3ʔi3,ni3ʔi3,A,1
V195_tivi,1,ti5βi3,i1ti3βi3,ti3βi3,A,1
V198_kaa,1,ka5a3,i1ka3a3,ka3a3,A,1
V201_ntañuu,1,ⁿda5ɲu3u3,i1ⁿda3ɲu3u3,ⁿda3ɲu3u3,A,1
V206_yakun,1,ʒa5kũ5,i1ʒa3kũ5,ʒa3kũ5,A,1
V208_nañu,1,na5ɲu3,i1na3ɲu3,na3ɲu3,A,1
V209_nuntxa'a,1,nu5ⁿd͡ʑa3ʔa3,i1nu3ⁿd͡ʑa3ʔa3,nu3ⁿd͡ʑa3ʔa3,A,1
V210_ntiku'unini,1,ⁿdi5ku3ʔu3ni3ni3,i1ⁿdi3ku3ʔu3ni3ni3,ⁿdi3ku3ʔu3ni3ni3,A,1
V214_yata,1,ʒa5ta3,i1ʒa3ta3,ʒa3ta3,A,1
V218_chikava'a,1,t͡ʃi5ka1βa1ʔa3,i1t͡ʃi3ka1βa1ʔa3,t͡ʃi3ka1βa1ʔa3,A,1
V222_chikili,1,t͡ʃi5ki1li5,i1t͡ʃi3ki1li5,t͡ʃi3ki1li5,A,1
V227_kuva'a,1,ku5βa1ʔa3,i1ku3βa1ʔa3,ku3βa1ʔa3,A,1
V230_ka'a,1,ka5ʔa3,i1ka3ʔa3,ka3ʔa3,A,1
V233_ntakaxi,1,ⁿda5ka1ɕi3,i1ⁿda3ka1ɕi3,ⁿda3ka1ɕi3,A,1
V234_txaa,1,t͡ɕa5a3,i1t͡ɕa3a3,t͡ɕa3a3,A,1
V244_kavanuu,1,ka5βa3nu5u5,i1ka3βa3nu5u5,ka3βa3nu5u5,A,1
V245_ntisaka,1,ⁿdi5sa3ka3,i1ⁿdi3sa3ka3,ⁿdi3sa3ka3,A,1
V248_ntxikokoo,1,ⁿd͡ʑi5ko3ko1o3,i1ⁿd͡ʑi3ko3ko1o3,ⁿd͡ʑi3ko3ko1o3,A,1
V252_kuita,1,kʷi5ta5,i1kʷi3ta5,kʷi3ta5,A,1
V255_sana,1,sa5na3,i1sa3na3,sa3na3,A,1
V256_ntatava,1,ⁿda5ta3βa3,i1ⁿda3ta3βa3,ⁿda3ta3βa3,A,1
V257_chintxaa,1,t͡ʃi5ⁿd͡ʑa3a3,i1t͡ʃi3ⁿd͡ʑa3a3,t͡ʃi3ⁿd͡ʑa3a3,A,1
V258_xixin,1,ɕi5ɕĩ3,i1ɕi3ɕĩ3,ɕi3ɕĩ3,A,1
V262_kuntxitxa,1,ku5ⁿd͡ʑi3t͡ɕa1,i1ku3ⁿd͡ʑi3t͡ɕa1,ku3ⁿd͡ʑi3t͡ɕa1,A,1
V263_numi,1,nu5mi3,i1nu3mi3,nu3mi3,A,1
V266_ntasaa,1,ⁿda5sa1a1,i1ⁿda3sa1a1,ⁿda3sa1a1,A,1
V268_tana,1,ta5na3,i1ta3na3,ta3na3,A,1
V269_txañu,1,t͡ɕa5ɲu3,i1t͡ɕa3ɲu3,t͡ɕa3ɲu3,A,1
V272_ntakasi,1,ⁿda5ka3si3,i1ⁿda3ka3si3,ⁿda3ka3si3,A,1
V275_ntiko'o,1,ⁿdi5ko3ʔo3,i1ⁿdi3ko3ʔo3,ⁿdi3ko3ʔo3,A,1
V281_ntachikaa,1,ⁿda5t͡ʃi3ka1a1,i1ⁿda3t͡ʃi3ka1a1,ⁿda3t͡ʃi3ka1a1,A,1
V282_nta'ava,1,ⁿda5ʔa3βa3,i1ⁿda3ʔa3βa3,ⁿda3ʔa3βa3,A,1
V284_ntikua'a,1,ⁿdi5kʷa1ʔa3,i1ⁿdi3kʷa1ʔa3,ⁿdi3kʷa1ʔa3,A,1
V285_kunaa,1,ku5na3a3,i1ku3na3a3,ku3na3a3,A,1
V286_ñani,1,ɲa5ni5,i1ɲa3ni5,ɲa3ni5,A,1
V289_titi,1,ti5ti5,i1ti3ti5,ti3ti5,A,1
V294_shatxa,1,ʃa5t͡ɕa5,i1ʃa3t͡ɕa5,ʃa3t͡ɕa5,A,1
V295_chichi,1,t͡ʃi5t͡ʃi5,i1t͡ʃi3t͡ʃi5,t͡ʃi3t͡ʃi5,A,1
V296_ntaxin,1,ⁿda5ɕĩ3,i1ⁿda3ɕĩ3,ⁿda3ɕĩ3,A,1
V302_ka'vi,1,ka5ʔβi3,i1ka3ʔβi3,ka3ʔβi3,A,1
V303_kata,1,ka5ta5,i1ka3ta5,ka3ta5,A,1
V304_kuun,1,kũ5ũ3,i1kũ3ũ3,kũ3ũ3,A,1
V305_kisi,1,ki5si3,i1ki3si3,ki3si3,A,1
V309_kuchuun,1,ku5t͡ʃũ3ũ3,i1ku3t͡ʃũ3ũ3,ku3t͡ʃũ3ũ3,A,1
V312_nana,1,na5na3,i1na3na3,na3na3,A,1
V315_ntxitxa,1,ⁿd͡ʑi5t͡ɕa3,i1ⁿd͡ʑi3t͡ɕa3,ⁿd͡ʑi3t͡ɕa3,A,1
V318_kuyatxi,1,ku5ʒa3t͡ɕi3,i1ku3ʒa3t͡ɕi3,ku3ʒa3t͡ɕi3,A,1
V323_kuchishi,1,ku5t͡ʃi5ʃi5,i1ku3t͡ʃi5ʃi5,ku3t͡ʃi5ʃi5,A,1
V324_ntichishi,1,ⁿdi5t͡ʃi5ʃi5,i1ⁿdi3t͡ʃi5ʃi5,ⁿdi3t͡ʃi5ʃi5,A,1
V326_kukiniini,1,ku5ki3ni3i3ni3,i1ku3ki3ni3i3ni3,ku3ki3ni3i3ni3,A,1
V004_ka'an,2,ka5ʔã1,i1ka1ʔã1,ka1ʔã1,A,1
V006_txiin,2,t͡ɕĩ5ĩ3,i1t͡ɕĩ1ĩ3,t͡ɕĩ1ĩ3,A,1
V009_kikin,2,ki5kĩ3,i1ki1kĩ3,ki1kĩ3,A,1
V025_kitxi,2,ki5t͡ɕi1,i1ki1t͡ɕi1,ki1t͡ɕi1,A,1
V035_nte'e,2,ⁿde5ʔe1,i1ⁿde1ʔe1,ⁿde1ʔe1,A,1
V042_kukuachiini,2,ku5kʷa1t͡ʃi5i3ni3,i1ku1kʷa1t͡ʃi5i3ni3,ku1kʷa1t͡ʃi5i3ni3,A,1
V050_ichi,2,i5t͡ʃi1,i1i1t͡ʃi1,i1t͡ʃi1,A,1
V057_tashi,2,ta5ʃi1,i1ta1ʃi1,ta1ʃi1,A,1
V067_taan,2,tã5ã3,i1tã1ã3,tã1ã3,A,1
V068_ntova,2,ⁿdo5βa1,i1ⁿdo1βa1,ⁿdo1βa1,A,1
V070_yakua,2,ʒa5kʷa1,i1ʒa1kʷa1,ʒa1kʷa1,A,1
V084_kagua,2,ka5wa1,i1ka1wa1,ka1wa1,A,1
V095_ntiyaa,2,ⁿdi5ʒa1a1,i1ⁿdi1ʒa1a1,ⁿdi1ʒa1a1,A,1
V097_txiin,2,t͡ɕĩ5ĩ3,i1t͡ɕĩ1ĩ3,t͡ɕĩ1ĩ3,A,1
V105_tivi,2,ti5βi3,i1ti1βi3,ti1βi3,A,1
V106_ka'mu,2,ka5ʔmu3,i1ka1ʔmu3,ka1ʔmu3,A,1
V111_xani,2,ɕa5ni5,i1ɕa1ni5,ɕa1ni5,A,1
V121_chintxee,2,t͡ʃi5ⁿd͡ʑe3e5,i1t͡ʃi1ⁿd͡ʑe3e5,t͡ʃi1ⁿd͡ʑe3e5,A,1
V126_keta,2,ke5ta3,i1ke1ta3,ke1ta3,A,1
V128_xaa,2,ɕa5a1,i1ɕa1a1,ɕa1a1,A,1
V140_ki'vi,2,ki5ʔβi3,i1ki1ʔβi3,ki1ʔβi3,A,1
V143_katun,2,ka5tũ1,i1ka1tũ1,ka1tũ1,A,1
V203_xinu,2,ɕi5nu3,i1ɕi1nu3,ɕi1nu3,A,1
V216_xuun,2,ɕũ5ũ5,i1ɕũ1ũ5,ɕũ1ũ5,A,1
V217_tuun,2,tũ5ũ1,i1tũ1ũ1,tũ1ũ1,A,1
V226_cho'o,2,t͡ʃo5ʔo1,i1t͡ʃo1ʔo1,t͡ʃo1ʔo1,A,1
V228_kee,2,ke5e3,i1ke1e3,ke1e3,A,1
V232_shita,2,ʃi5ta5,i1ʃi1ta5,ʃi1ta5,A,1
V237_saka,2,sa5ka1,i1sa1ka1,sa1ka1,A,1
V246_saa,2,sa5a1,i1sa1a1,sa1a1,A,1
V254_shu'un,2,ʃu5ʔũ5,i1ʃu1ʔũ5,ʃu1ʔũ5,A,1
V270_txian,2,t͡ɕi5ã3,i1t͡ɕi1ã3,t͡ɕi1ã3,A,1
V277_ni'i,2,ni5ʔi1,i1ni1ʔi1,ni1ʔi1,A,1
V279_ntxiko,2,ⁿd͡ʑi5ko3,i1ⁿd͡ʑi1ko3,ⁿd͡ʑi1ko3,A,1
V287_ntaka'nu,2,ⁿda5ka1ʔnu1,i1ⁿda1ka1ʔnu1,ⁿda1ka1ʔnu1,A,1
V299_kaan,2,kã5ã3,i1kã1ã3,kã1ã3,A,1
V310_sama,2,sa5ma3,i1sa1ma3,sa1ma3,A,1
V317_ta'ni,2,ta5ʔni1,i1ta1ʔni1,ta1ʔni1,A,1
V320_xini,2,ɕi5ni1,i1ɕi1ni1,ɕi1ni1,A,1
V327_xi'in,2,ɕi5ʔĩ3,i1ɕi1ʔĩ3,ɕi1ʔĩ3,A,1
V335_ntxee,2,ⁿd͡ʑe5e3,i1ⁿd͡ʑe1e3,ⁿd͡ʑe1e3,A,1
V336_shiko,2,ʃi5ko5,i1ʃi1ko5,ʃi1ko5,A,1
V112_kusiiini,re-assign,ku5si3i1i3ni3,i1ku3si1i1i3ni3,ku3si1i1i3ni3,A,1
V172_ntikintxee,V172_ntikintxee,ⁿdi5ki5ⁿd͡ʑe3e5,i1ⁿdi5ki3ⁿd͡ʑe3e5,ⁿdi5ki3ⁿd͡ʑe3e5,A,1
V291_kutatxi,V291_kutatxi,ku3ta1t͡ɕi5i3ni3,i1ku3ta1t͡ɕi5i3ni3,ku3ta5t͡ɕi5i3ni3,A,1
V292_takue'e,V292_takue'e,ta3kʷe1ʔe1,i1ta3kʷe1ʔe1,ta3kʷe3ʔe1,A,1
V307_kokonii,4,ko5ko5ni5i5,i1ko3ko3ni5i5,ko3ko3ni5i5,A,2
V308_kokona'na,4,ko5ko5na5ʔna5,i1ko3ko3na5ʔna5,ko3ko3na5ʔna5,A,2
V016_txivi,4,t͡ɕi5βi5,i1t͡ɕi3βi3,t͡ɕi3βi3,A,2
V061_saka,4,sa5ka5,i1sa3ka3,sa3ka3,A,2
V064_tava,4,ta5βa5,i1ta3βa3,ta3βa3,A,2
V079_kasun,4,ka5sũ5,i1ka3sũ3,ka3sũ3,A,2
V091_kachi,4,ka5t͡ʃi5,i1ka3t͡ʃi3,ka3t͡ʃi3,A,2
V101_taan,4,tã5ã5,i1tã3ã3,tã3ã3,A,2
V213_kaan,4,kã5ã5,i1kã3ã3,kã3ã3,A,2
V215_ka'ntxi,4,ka5ʔⁿd͡ʑi5,i1ka3ʔⁿd͡ʑi3,ka3ʔⁿd͡ʑi3,A,2
V314_xaxan,4,ɕa5ɕã5,i1ɕa3ɕã3,ɕa3ɕã3,A,2
V071_nuna,7,nu5na5,i1nu1na1,nu1na1,A,2
V083_txe'i,7,t͡ɕe5ʔi5,i1t͡ɕe1ʔi1,t͡ɕe1ʔi1,A,2
V223_txa'ntxa,7,t͡ɕa5ʔⁿd͡ʑa5,i1t͡ɕa1ʔⁿd͡ʑa1,t͡ɕa1ʔⁿd͡ʑa1,A,2
V243_ta'vi,7,ta5ʔβi5,i1ta1ʔβi1,ta1ʔβi1,A,2
V297_ñu'ma,7,ɲu5ʔma5,i1ɲu1ʔma1,ɲu1ʔma1,A,2
V021_lala,22,la5la5,i1la1la3,la1la3,A,2
V123_txatxa,22,t͡ɕa5t͡ɕa5,i1t͡ɕa1t͡ɕa3,t͡ɕa1t͡ɕa3,A,2
V188_koto'va,13,ko5to1ʔβa3,i1ko1to1ʔβa3,ko3to1ʔβa3,A,3
V236_ntuva'a,13,ⁿdu5βa1ʔa3,i1ⁿdu1βa1ʔa3,ⁿdu3βa1ʔa3,A,3
V238_chita'an,13,t͡ʃi5ta5ʔã3,i1t͡ʃi1ta5ʔã3,t͡ʃi3ta5ʔã3,A,3
V239_ntakuni,13,ⁿda5ku3ni3,i1ⁿda1ku3ni3,ⁿda3ku3ni3,A,3
V086_santuvi,V086_santuvi,sa5ⁿdu3βi3,i1sa3ⁿdu3βi3,sa5ⁿdu3βi3,A,3
V169_sa'antxiva'a,V169_sa'antxiva'a,sa5ʔa3ⁿd͡ʑi5βa3ʔa1,i1sa5ʔa3ⁿd͡ʑi5βa3ʔa1,sa5ʔa3ⁿd͡ʑi5βa3ʔa3,A,3
V023_sayo'va,3,sa5ʒo1ʔβa1,i1sa5ʒo1ʔβa1,sa5ʒo1ʔβa1,A,4
V037_sakana,3,sa5ka3na3,i1sa5ka3na3,sa5ka3na3,A,4
V043_sa'a,3,sa5ʔa3,i1sa5ʔa3,sa5ʔa3,A,4
V053_suva'a,3,su5βa1ʔa3,i1su5βa1ʔa3,su5βa1ʔa3,A,4
V058_sakuchi,3,sa5ku3t͡ʃi3,i1sa5ku3t͡ʃi3,sa5ku3t͡ʃi3,A,4
V080_sakasun,3,sa5ka3sũ3,i1sa5ka3sũ3,sa5ka3sũ3,A,4
V087_kuchuun,3,ku3t͡ʃũ5ũ3,i1ku3t͡ʃũ5ũ3,ku3t͡ʃũ5ũ3,A,4
V093_santoko,3,sa5ⁿdo3ko3,i1sa5ⁿdo3ko3,sa5ⁿdo3ko3,A,4
V099_nu'un,3,nu1ʔũ1,i1nu1ʔũ1,nu1ʔũ1,A,4
V116_ntikua'a,3,ⁿdi3kʷa1ʔa1,i1ⁿdi3kʷa1ʔa1,ⁿdi3kʷa1ʔa1,A,4
V122_ki'in,3,ki3ʔĩ3,i1ki3ʔĩ3,ki3ʔĩ3,A,4
V129_satatan,3,sa5ta5tã5,i1sa5ta5tã5,sa5ta5tã5,A,4
V138_chiñu'u,3,t͡ʃi3ɲu5ʔũ5,i1t͡ʃi3ɲu5ʔũ5,t͡ʃi3ɲu5ʔũ5,A,4
V179_sakua'a,3,sa5kʷa3ʔa3,i1sa5kʷa3ʔa3,sa5kʷa3ʔa3,A,4
V182_xaa,3,ɕa1a1,i1ɕa1a1,ɕa1a1,A,4
V186_sakutxiya'a,3,sa5ku3t͡ɕi5ʒa5ʔa5,i1sa5ku3t͡ɕi5ʒa5ʔa5,sa5ku3t͡ɕi5ʒa5ʔa5,A,4
V187_sakukunuo,3,sa3ku3ku3nu3o3,i1sa3ku3ku3nu3o3,sa3ku3ku3nu3o3,A,4
V196_santxi'i,3,sa5ⁿd͡ʑi3ʔi3,i1sa5ⁿd͡ʑi3ʔi3,sa5ⁿd͡ʑi3ʔi3,A,4
V197_tase'e,3,ta3se3ʔe3,i1ta3se3ʔe3,ta3se3ʔe3,A,4
V199_santoo,3,sa5ⁿdo3o3,i1sa5ⁿdo3o3,sa5ⁿdo3o3,A,4
V220_chikanii,3,t͡ʃi5ka3ni3i3,i1t͡ʃi5ka3ni3i3,t͡ʃi5ka3ni3i3,A,4
V231_sakuachi,3,sa5kʷa3t͡ʃi3,i1sa5kʷa3t͡ʃi3,sa5kʷa3t͡ʃi3,A,4
V235_sana'a,3,sa5na1ʔa1,i1sa5na1ʔa1,sa5na1ʔa1,A,4
V240_sanuntxa'a,3,sa5nu3ⁿd͡ʑa3ʔa3,i1sa5nu3ⁿd͡ʑa3ʔa3,sa5nu3ⁿd͡ʑa3ʔa3,A,4
V247_kuntaa,3,ku3ⁿda1a1i3ni3,i1ku3ⁿda1a1i3ni3,ku3ⁿda1a1i3ni3,A,4
V253_kuntxee,3,ku3ⁿd͡ʑe3e5,i1ku3ⁿd͡ʑe3e5,ku3ⁿd͡ʑe3e5,A,4
V260_sakee,3,sa5ke3e3,i1sa5ke3e3,sa5ke3e3,A,4
V261_sakoyo,3,sa5ko3ʒo5,i1sa5ko3ʒo5,sa5ko3ʒo5,A,4
V265_sante'i,3,sa5ⁿde3ʔi3,i1sa5ⁿde3ʔi3,sa5ⁿde3ʔi3,A,4
V273_sakitxi,3,sa5ki1t͡ɕi1,i1sa5ki1t͡ɕi1,sa5ki1t͡ɕi1,A,4
V274_saketa,3,sa5ke3ta3,i1sa5ke3ta3,sa5ke3ta3,A,4
V280_santxiko,3,sa5ⁿd͡ʑi1ko3,i1sa5ⁿd͡ʑi1ko3,sa5ⁿd͡ʑi1ko3,A,4
V313_nta'a,3,ⁿda3ʔa3,i1ⁿda3ʔa3,ⁿda3ʔa3,A,4
V319_xo'o,3,ɕo3ʔo3,i1ɕo3ʔo3,ɕo3ʔo3,A,4
V325_ntxii,3,ⁿd͡ʑi3i3,i1ⁿd͡ʑi3i3,ⁿd͡ʑi3i3,A,4
V329_sakua'na,3,sa5kʷa3ʔna3,i1sa5kʷa3ʔna3,sa5kʷa3ʔna3,A,4
V207_katei,V207_katei,ka3te3i1,i1ka1te1i1,ka1te1i1,A,4
V311_ntasama,V311_ntasama,ⁿda1sa3ma3,i1ⁿda1sa1ma3,ⁿda1sa1ma3,A,4
V089_saka'a,6,sa3ka3ʔa3,i1sa1ka3ʔa3,sa1ka3ʔa3,A,5
V171_kontoo,6,ko3ⁿdo1o3,i1ko1ⁿdo1o3,ko1ⁿdo1o3,A,5
V224_kuntasi,6,ku3ⁿda3si5,i1ku1ⁿda3si5,ku1ⁿda3si5,A,5
V229_kai,6,ka3i1,i1ka1i1,ka1i1,A,5
V301_kantxaa,6,ka3ⁿd͡ʑa5a5,i1ka1ⁿd͡ʑa5a5,ka1ⁿd͡ʑa5a5,A,5
V306_kuya'vi,6,ku3ʒa1ʔβi3,i1ku1ʒa1ʔβi3,ku1ʒa1ʔβi3,A,5
V298_kava,17,ka5βa3,i1ka1βa1,ka1βa1,A,6
V300_kaya,17,ka5ʒa3,i1ka1ʒa1,ka1ʒa1,A,6
V078_kotoo,18,ko3to3o5,i1ko3to5o5,ko3to5o5,A,6
V193_xaa,18,ɕa5a3,i1ɕa5a5,ɕa5a5,A,6
V316_sayaa,re-check,sa5ʒa3a1,i1sa3ʒa1a1,sa3ʒa1a1,A,6
V092_ntachinuu,15,ⁿda5t͡ʃi3nu5u5,i1ⁿda3t͡ʃi3nu5u3,ⁿda3t͡ʃi3nu5u3,A,0
V100_ntake'e,15,ⁿda5ke3ʔe5,i1ⁿda3ke3ʔe3,ⁿda3ke3ʔe3,A,0
V264_ntantiki,15,ⁿda5ⁿdi3ki5,i1ⁿda3ⁿdi3ki3,ⁿda3ⁿdi3ki3,A,0
V033_sakusivi,V033_sakusivi,sa5ku3si5βi5,i1sa5ku3si3βi3,sa5ku3si5βi5,A,0
V259_chiko'va,V259_chiko'va,t͡ʃi5ko3ʔβa5,i1t͡ʃi3ko3ʔβa3,t͡ʃi3ko1ʔβa3,A,0
V073_kixa'a,V073_kixa'a,ki3ɕa3ʔa5,i1ki1ɕa3ʔa5,ki3ɕa5ʔa5,A,0
V164_chitivintxaa,V164_chitivintxaa,t͡ʃi3ti3βi1ⁿd͡ʑa3a3,i1t͡ʃi3ti3βi3ⁿd͡ʑa3a3,t͡ʃi3ti3βi3ⁿd͡ʑa3a3,A,0
V221_yivintxaa,V221_yivintxaa,ʒi1βi3ⁿd͡ʑa3a3,i1ʒi3βi3ⁿd͡ʑa3a3,ʒi3βi3ⁿd͡ʑa3a3,A,0
V293_kutatan,V293_kutatan,ku3ta5tã5,i1ku3ta5tã1,ku3ta5tã5,A,0
V008_ka'ntxa,5,ɕa5ʔⁿd͡ʑa5,i1ɕa3ʔⁿd͡ʑa3,ka3ʔⁿd͡ʑa3,B,1
V013_kaki,5,ɕa5ki5,i1ɕa3ki3,ka3ki3,B,1
V045_ka'ni,5,ɕa5ʔni5,i1ɕa3ʔni3,ka3ʔni3,B,1
V108_kaxi,5,ɕa5ɕi5,i1ɕa3ɕi3,ka3ɕi3,B,1
V109_kee,5,ɕe5e5,i1ɕe3e3,ke3e3,B,1
V204_katxa,5,ɕa5t͡ɕa5,i1ɕa3t͡ɕa3,ka3t͡ɕa3,B,1
V034_ka'mi,12,ɕa5ʔmi3,i1ɕa3ʔmi3,ka3ʔmi3,B,1
V072_kuna,12,ɕu5na5,i1ɕu3na5,ku3na5,B,1
V212_ku'ni,12,ɕu5ʔni5,i1ɕu3ʔni5,ku3ʔni5,B,1
V322_katxa,12,ɕa5t͡ɕa3,i1ɕa3t͡ɕa3,ka3t͡ɕa3,B,1
V132_kuna,20,ɕu5na1,i1ɕu1na1,ku1na1,B,1
V290_ka'nu,20,ɕa5ʔnu1,i1ɕa1ʔnu1,ka1ʔnu1,B,1
V056_kashi,V056_kashi,ʃa5ʃi1,i1ʃa1ʃi1,ka1ʃi1,B,1
V288_koso,V288_koso,so5so1,i1so1so1,ko1so1,B,1
V321_kasi,V321_kasi,sa5si5,i1sa5si3,ka5si3,B,1
V002_kaka,re-assign,ɕi5ka3,i1ɕi1ka3,ka3ka3,B,3
V242_kakintxaa,V242_kakintxaa,ɕa3ki3ⁿd͡ʑa3a3,i1ɕa3ki3ⁿd͡ʑa3a3,ka3ki3ⁿd͡ʑa3a3,B,4
V001_kaxa'an,re-assign,ɕi5ɕa5ʔã3,i1ɕi1ɕa5ʔã3,ka3ɕa5ʔã3,B,3
V026_kuati,11,ɕa5ti3,i1ɕa3ti3,kʷa3ti3,C,1
V028_kua'a,11,ɕa5ʔa3,i1ɕa3ʔa3,kʷa3ʔa3,C,1
V047_kua'nu,11,ɕa5ʔnu3,i1ɕa3ʔnu3,kʷa3ʔnu3,C,1
V330_xiti,11,ɕi5ti3,i1ɕi3ti3,kʷi3ti3,C,1
V019_kuaki,16,ɕa5ki1,i1ɕa1ki1,kʷa1ki1,C,1
V107_kuixa,16,ɕi5ɕa3,i1ɕi1ɕa3,kʷi1ɕa3,C,1
V205_kuitxa,16,ɕi5t͡ɕa1,i1ɕi1t͡ɕa1,kʷi1t͡ɕa1,C,1
V036_kuiin,V036_kuiin,ɕĩ5ĩ3,i1ɕĩ3ĩ3,ku3ĩ3ĩ3,C,1
V113_kotoini,10,ɕi5to3i3ni3,i1ɕi3to3i3ni3,ko3to3i3ni3,D,1
V114_koto,10,ɕi5to3,i1ɕi3to3,ko3to3,D,1
V147_kunu,10,ɕi5nu3,i1ɕi3nu3,ku3nu3,D,1
V194_koko,10,ɕi5ko5,i1ɕi3ko5,ko3ko5,D,1
V027_kakan,V027_kakan,ɕi5kã1,i1ɕi1kã1,ka1kã1,D,1
V030_ko'o,V030_ko'o,ɕi5ʔi3,i1ɕi3ʔi3,ko3ʔo3,D,1
V059_kuchi,V059_kuchi,ʃi5t͡ʃi3,i1ʃi3t͡ʃi3,ku3t͡ʃi3,D,1
V117_kotoni'ni,V117_kotoni'ni,ɕi5to3ni3ʔni3,i1ɕi1to1ni3ʔni3,ko1to1ni3ʔni3,D,1
V165_koso,V165_koso,si5so3,i1ɕi3so3,ko3so3,D,1
V175_kata,V175_kata,ɕi5ta3,i1ɕi3ta3,ka3ta3,D,1
V241_kununu,V241_kununu,ɕi5ka3nu3,i1ɕi1ka3nu3,ku3nu3nu3,D,1
V076_kotontoso,V076_kotontoso,ɕi5to3ⁿdo3so3,i1ɕi1to3ⁿdo3so3,ko3to3ⁿdo3so3,D,3
V271_kukuiin,V271_kukuiin,ɕi3ku3ĩ1ĩ1,i1ɕi3ku3ĩ1ĩ1,ku3ku3ĩ1ĩ1,D,4
V333_kakanuu,V333_kakanuu,ɕi5ka3nu1u1,i1ɕi1ka3nu3u3,ka3ka3nu3u3,D,0
V139_kataxa'a,V139_kataxa'a,ɕi3ta3ɕa5ʔa5,i1ɕi1ta3ɕa5ʔa5,ka3ta3ɕa5ʔa5,D,0
V162_kutuntxe'e,V162_kutuntxe'e,ɕi3tu3ⁿd͡ʑe3ʔe5,i1ɕi1tu3ⁿd͡ʑe3ʔe5,ku3tu3ⁿd͡ʑe3ʔe3,D,0
V010_kuntxati,8,ⁿd͡ʑa5ti3,i1ɕi1ⁿd͡ʑa3ti3,ku3ⁿd͡ʑa3ti3,E,1
V069_kuñu'un,8,ɲu5ʔũ3,i1ɕi1ɲu3ʔũ3,ku3ɲu3ʔũ3,E,1
V133_kukumi,8,ku5mi5,i1ɕi1ku3mi5,ku3ku3mi5,E,1
V200_kontoo,8,ⁿdo5o3,i1ɕi1ⁿdo3o3,ko3ⁿdo3o3,E,1
V334_kuntxaka,8,ⁿd͡ʑa5ka3,i1ɕi1ⁿd͡ʑa3ka3,ku3ⁿd͡ʑa3ka3,E,1
V156_kuntaa,19,ⁿda5a3,i1ɕi1ⁿda1a3,ku3ⁿda1a3,E,1
V283_kuna'a,19,na5ʔa1,i1ɕi1na1ʔa1,ku3na1ʔa1,E,1
V094_kotuntxe'e,V094_kotuntxe'e,ⁿd͡ʑe5ʔe5,i1ɕi1tu3ⁿd͡ʑe3ʔe5,ko3tu3ⁿd͡ʑe3ʔe5,E,1
V178_,V178_,ʒi5ʔβi1,i1ɕi3ʒi1ʔβi1,ku3ʒi1ʔβi1,E,1
V173_kuxini,,ɕi5ni1,#DEF#,ku3ɕi3ni1,E,1
V044_kuntxaa,9,ⁿd͡ʑa5a5,i1ɕi1ⁿd͡ʑa3a3,ku3ⁿd͡ʑa3a3,E,2
V081_kutxaki,9,t͡ɕa5ki5,i1ɕi1t͡ɕa3ki3,ku3t͡ɕa3ki3,E,2
V141_kukii,9,ki5i5,i1ɕi1ki3i3,ku3ki3i3,E,2
V154_ntasi,9,ⁿda5si5,i1ɕi1ⁿda3si3,ku3ⁿda3si3,E,2
V060_kunani,V060_kunani,na3ni5,i1ɕi1na3ni5,ku3na3ni5,E,4
V098_kunti'i,V098_kunti'i,i5ⁿdi3ʔi1,i1ɕi1ⁿdi3ʔi1,ku3ⁿdi3ʔi1,E,4
V225_kuntakaa,V225_kuntakaa,ⁿda5ka3a3,i1ɕi1ⁿda3ka1a1,ku3ⁿda3ka1a1,E,6
V332_kunii,V332_kunii,ni1i3,i1ɕi3ni3i3,ku3ni3i3,E,7
V331_yoso,V331_yoso,ʒo5so5,i1ko1ʒo3so5,ko1ʒo3so5,F,1
V152_kuya'a,14,ʒa5ʔa5,i1ku3ʒa5ʔa5,ku3ʒa5ʔa5,F,4
V249_kukuaan,14,ku3ã3ã5,i1ku3ku3ã3ã5,ku3ku3ã3ã5,F,4
V251_kukuii,14,kʷi5i5,i1ku3kʷi5i5,ku3kʷi5i5,F,4
V267_kunte'i,14,ⁿde5ʔi5,i1ku3ⁿde5ʔi5,ku3ⁿde5ʔi5,F,4
V103_ntikue'e,21,kʷe1ʔe1,i1ⁿdi3kʷe1ʔe1,ⁿdi3kʷe1ʔe1,G,4
V153_ntikua'a,21,kʷa5ʔa5,i1ⁿdi3kʷa5ʔa5,ⁿdi3kʷa5ʔa5,G,4
V219_ntakaa,re-assign,sa5ⁿda3ka1a1,i1sa5ⁿda3ka1a1,ⁿda3ka1a1,G,4
V211_saya'a,re-check,sa5ʒa3ʔa3,i1sa5ʒa3ʔa3,ʒa3ʔa3,G,4
V007_koso,V007_koso,ⁿd͡ʑi5so3,i1ɕi1ⁿd͡ʑi3so3,ko3so3,H,1
V020_kusiki,V020_kusiki,si5si5ki5,i1si3si5ki5,ku3si5ki5,I,1
V046_kuniñu'u,V046_kuniñu'u,ɕi5ni5ɲu5ʔu5,i1ɕi1ni5ɲu5ʔu5,ku5ni5ɲu5ʔu5,I,1
V052_kasini,V052_kasini,si5sĩ3,i1si5si3ni1,ka5si3ni1,I,4
V063_kutxiya'a,V063_kutxiya'a,ku3t͡ɕi5ʒa5ʔa5,i1ɕi1ku1t͡ɕi5ʒa5ʔa5,ku3t͡ɕi5ʒa5ʔa5,J,4
V192_kuka'nu,V192_kuka'nu,ku3ka5ʔnu3,i1ɕi1ka5ʔnu3,ku3ka5ʔnu3,J,4
V149_kutaka,V149_kutaka,i5ta3ka3,i1ɕi3ta3ka3,ku3ta3ka3,K,1
V185_kukuiti,V185_kukuiti,sa5kʷi3ti5,i1sa5kʷi3ti5,ku3kʷi3ti5,L,0
V202_ntaa,V202_ntaa,kʷa3ⁿda3a3,i1ⁿda3a3,ⁿda3a3,M,4
V250_kuxiva'a,V250_kuxiva'a,ɕu1βa1ʔa3,i1ku1ɕi1βa1ʔa3,ku1ɕi1βa1ʔa3,N,4
V276_kuxiva'a,V276_kuxiva'a,ɕi1βa1ʔa3,i1ki3ɕi1βa1ʔa3,ki3ɕi1βa1ʔa3,N,4
V278_kuntxita,V278_kuntxita,t͡ʃi5ⁿd͡ʑi3ta3,i1t͡ʃi3ⁿd͡ʑi3ta3,ku3ⁿd͡ʑi3ta3,O,1
V328_kuntaya,V328_kuntaya,ⁿda5ʔʒa3,i1ⁿda3ʔʒa3,ku3ⁿda3ʔʒa3,P,1
V005_kusi,V005_kusi,ki5ʃi1,i1ki1ʃi1,ku1si1,S,1
V029_kivi,V029_kivi,ɕi5ʔi1,i1ɕi1ʔi1,ki3βi3,S,3
V049_koan,V049_koan,ki3βi3,i1ki3βi3,ko3ã3,S,4
V166_vaxi,V166_vaxi,βa1ɕi3,i1ki3ɕi3,ki3ɕi3,S,7
V082_koo,V082_koo,ĩ5ĩ3,i1ɕo1o3,ko3o3,T,3
V102_ku'un,V102_ku'un,kʷa1ʔã1,i1ɕa1ʔã1,ku1ʔũ1,T,4
V055_kuni,V055_kuni,ɕi3tu3ⁿd͡ʑe3ʔe3,i1ɕi1ni3,ku3ni3,T,0
