TITLE,AUTHOR,YEAR,LANGUAGES,BRANCH,DOCTYPE,TOPIC,TONES,ENTRYEST,OrthProfile,CompList,Verbs,Pronouns,CITEKEY,gl_language_note,link,STATUS
Proto-Mixtec phonology,"Mak, Cornelia and Robert Longacre",1960,,Mixtec,reconstruction,historical,,pending,,?,?,?,,Atatláhuca Mixtec [mib],,
Vocabulario Básico Tu'un Savi-Castellano,"Galindo Sánchez, Bernardo",2009,abas11,Mixtec,dictionary,,yes,1000,done,done,yes,?,galindo-sanchez2009vocabulario,"Considerando los resultados de la investigación del grupo mixteco de Abasolo del Valle-Municipio de Playa Vicente-estado de Veracruz se afirma que fue en la década de los treinta en que ocurrió la migración de algunos mixtecos originarios de San Juan Mixtepec-Distrito de Santiago Juxtlahuaca-Oaxaca-en búsqueda de mejores condiciones de vida. Uno de esos grupos arribó al estado de Veracruz en el municipio de Córdoba donde se emplearon en la zafra (Galindo Sánchez, B. 2009) = Mixtepec Mixtec [mix]",,
A syntactic sketch of Alacatlatzala Mixtec,"Zylstra, Carol F.",1991,alac11,Mixtec,grammar_sketch,syntax,yes,0,done,done,no,no,zylstra1991syntactic,Alacatlatzala Mixtec [mim],,
Preliminary reconstruction of the Proto-Mixtec Tonal system,"Dürr, Michael",1987,alac11~atat11~ayut11~caca11~cahu11~chay11~coat11~diux11~gran11~jica11~metl11~mixt11~moli11~ocot11~peno11~prog12~prom01~xaya11,Mixtec,reconstruction,tone,yes,110,done,done,no,no,durr1987preliminary,,,
A syntactic sketch of Ayutla Mixtec,"Hills, Robert A.",1990,ayut11,Mixtec,grammar_sketch,syntax,yes,0,done,done,no,no,hills1990syntactic,Ayutla Mixtec [miy],,
Ensayo sobre la lengua Trike,"Belmar, Francisco ",1897,chic02,Triqui,"grammar_sketch, vocabulary",,no,1600,in progress,done,?,?,belmar1897ensayo,Chicahuaxtla Triqui [trs],,
A syntactic sketch of Coatzospan Mixtec,"Small, Priscilla C.",1990,coat11,Mixtec,grammar_sketch,,yes,0,done,done,no,no,small1990syntactic,Coatzospan Mixtec [miz],,
A preliminary syntactic sketch of Concepción Pápalo Cuicatec,"Bradley, David P.",1991,conc11,Cuicatec,grammar_sketch,syntax,yes,,done,done,no,?,,,,
A syntactic sketch of Copala Trique,"Hollenbach, Barbara E.",1992,copa11,Triqui,grammar_sketch,syntax,yes,0,done,done,no,no,hollenbach1992syntactic,Copala Triqui [trc],,
A syntactic sketch of Diuxi-Tilantongo Mixtec,"Kuiper, Albertha and Oram, Joy",1991,diux11,Mixtec,grammar_sketch,syntax,,,done,done,no,y?,,,,
A syntactic sketch of Jamiltepec Mixtec,"Johnson, Audrey F.",1988,jami11,Mixtec,grammar_sketch,,yes,0,done,done,no,no,johnson1988syntactic,Jamiltepec Mixtec [mxt],,
A syntactic sketch of Ocotepec Mixtec,"Alexander, Ruth Mary",1988,ocot11,Mixtec,grammar_sketch,syntax,yes,0,done,done,no,no,alexander1988syntactic,Ocotepec Mixtec [mie],,
A syntactic sketch of Silacayoapan Mixtec,"Shields, Jäna K.",1988,prog12,Mixtec,grammar_sketch,,yes,0,done,done,no,no,shields1988syntactic,Silacayoapan Mixtec [mks],,
Vocabulario en lengua misteca,"de Alvarado, Francisco",1593,tepo01,Mixtec,dictionary,,no,8000,need help,done,no,no,alvarado1593vocabulario,Mainly Teposcolula perhaps Diuxi-Tilantongo Mixtec [xtd],,
Yoloxochitl dictionariy,"Amith, Jonathan",2020,yolo11,Mixtec,dictionary,,yes,2500,in progress,done,no,no,amith2020yoloxochitl,,,
A syntactic sketch of Yosondúa Mixtec,"Farris, Edwin R.",1992,yoso11,Mixtec,grammar_sketch,,yes,0,done,done,no,no,farris1992syntactic,Yosondúa Mixtec [mpm],,
Mixtec dialect history,"Josserand, Judy Kathryn",1983,acat11~achi11~adeq11~agua11~ahue11~alac11~alco11~amat11~apas11~apoa11~atat11~aten11~atoy11~ayut11~brav11~caca11~cahu11~chal11~chay11~chay12~chaz11~chic11~chig11~coic11~colo11~coso11~coxc11~cuat11~cuau11~cuil11~cuya11~diux11~dura11~esta11~este11~flor11~gran11~guad11~huaz11~huit11~itun11~ixpa11~ixta11~ixta12~ixta13~jami11~jate11~jica11~jica12~joco11~juxt11~lore11~mech11~metl11~mica11~mixt11~moli11~mont12~mont13~mont14~more11~ndua11~nuch11~numi11~nund11~nund13~nuti11~nuxa11~nuxi11~nuyo11~ocot11~pena12~peno11~pera11~pied11~pino11~pino12~prog11~prog12~prom01~reye11~sayu11~sind11~sini11~soso11~soya11~tama11~tama12~tata11~teco11~teit11~tejo11~tepe11~tepe12~tepo01~tepo11~tida11~tila11~tlac11~tlac12~tlal11~tlaz11~tona11~toto12~tutu11~xaya11~xaya12~yolo11~yolo12~yoso11~yucu11~yucu12~yucu13~yucu14~yucu15~yucu16~yuta11~yuta12~zaca11~zapo11,Mixtec,reconstruction,"historical, comparative",partially,188,in progress,in progress,no,no,josserand1983mixtec,Coatzospan Mixtec [miz],,
A linguistic sketch of Jicaltepec Mixtec,"Bradley, C. Henry",1970,jica11,Mixtec,grammar_sketch,,yes,0,done,maybe,no,no,bradley1970a-linguistic,Pinotepa Nacional Mixtec [mio],,
"Vocabulario de los verbos de movimiento y de carga – Mixteco-Español – Alacatlatzala, Guerrero","Anderson, Lynn",2001,alac11,Mixtec,dictionary_minimal,verbs,yes,70,,no,yes,no,anderson2001vocabulario,Alacatlatzala Mixtec [mim],,
"Gramática del Tu'un Savi (la lengua mixteca) de Alacatlatzala, Guerrero",Carol Zylstra,2012,alac11,Mixtec,pedagogical_grammar,,yes,0,,no,no,yes,zylstra2012gramatica,Mixteco Alacatlatzala [mim],,
Aprendamos a leer en mixteco: Tomo I,"Penner, Laurel ",2011,atat11,Mixtec,pedagogical_material,,,0,,no,no,no,,Ixtayutla Mixtec [vmj],,
Otomanguean Inflectional Class database,Feist & Palancar,2015,colo11,Mixtec,paradigms,,yes,237,,no,yes,no,feist2015colorado,,,
Choosing a tone orthography for Copala Trique,"Hollenbach, Barbara E.",1978,copa11,Triqui,pedagogical_material,literacy,,0,,no,no,no,,Copala Triqui [trc],,
SMD verbs,Hernández & Auderset,2020,dura11,Mixtec,paradigms,,yes,337,done,no,yes,no,hernandez2020verb,,,
SMF verbs,Moisés,2020,flor12,Mixtec,paradigms,,yes,89,,no,yes,no,pending,,,
Breve gramática: una introducción a los términos y conceptos gramaticales del mixteco del norte de Tlaxiaco,,2007,GROUP,Mixtec,grammar_sketch,,,0,,n,n,n,,Northern Tlaxiaco Mixtec [xtn],,unavailable
SSM verbs,"Solano, Juvenal",2020,mont12,Mixtec,paradigms,,yes,280,,no,yes,no,pending,,,
OICD Cuicatec,Feist,2015,papa11,Cuicatec,paradigms,,yes,619,,no,yes,no,feist2015tepeuxila,,,
Peters verbs,"Peters, Simon",2020,pied12,Mixtec,paradigms,,yes,289,,no,yes,yes,peters2020verbal,,,
Gramática popular del mixteco: Mixteco de Silacayoapan,"North, Joanne and Juliana Shields",1976,sila11,Mixtec,pedagogical_grammar_sketch,,yes,0,,no,no,no,north1976gramatica,"Silacayoapan Mixtec [mks] (computerized assignment from ""silacayoapan"")",,
TLH verbs,"Reyes Basurto, Griselda",2020,tlah11,Mixtec,paradigms,,yes,318,,no,yes,no,pending,,,
OICD Xochapa,Feist,2015,xoch11,Mixtec,paradigms,,yes,142,,no,yes,no,feist2015xochapa,,,
OICD Yoloxochitl,Feist,2015,yolo11,Mixtec,paradigms,,yes,606,,no,yes,no,feist2015yoloxochitl,,,
Concordancia del idioma mixteco de San Agustín Chayuco,Instituto Lingüístico de Verano,,chay11,Mixtec,dictionary,,,0,,NA,NA,NA,,"Chayuco Mixtec [mih] (computerized assignment from ""chayuco"")",,unavailable
Concordancia del idioma mixteco de Coatzospan,Instituto Lingüístico de Verano,,coat11,Mixtec,dictionary,,,0,,NA,NA,NA,,"Coatzospan Mixtec [miz] (computerized assignment from ""coatzospan"")",,unavailable
Concordancia del idioma mixteco de Diuxi,Instituto Lingüístico de Verano,,diux11,Mixtec,dictionary,,,0,,NA,NA,NA,,"Diuxi-Tilantongo Mixtec [xtd] (computerized assignment from ""diuxi"")",,unavailable
Concordancia del idioma mixteco de Silacayoapan,Instituto Lingüístico de Verano,,sila11,Mixtec,dictionary,,,0,,NA,NA,NA,,"Silacayoapan Mixtec [mks] (computerized assignment from ""silacayoapan"")",,unavailable
Concordancia del idioma mixteco de Yosondúa,Instituto Lingüístico de Verano,,yoso11,Mixtec,dictionary,,,0,,NA,NA,NA,,"Yosondúa Mixtec [mpm] (computerized assignment from ""yosondua"")",,unavailable
The phonology and morphology of tone and laryngeals in Copala Trique,"Hollenbach, Barbara E.",1984,copa11,Triqui,grammar_sketch,"tone, laryngeals",yes,0,,no,no,no,,Copala Triqui [trc],,
"Tonal Association, Prominence and Prosodic Structure in South-eastern Nochixtlán Mixtec","McKendry, Inga",2013,gran11~sout3002,Mixtec,"grammar_sketch, specific_topic",tone,yes,0,,no,no,no,mckendry2013tonal,Southeastern Nochixtlán Mixtec [mxy],,
A preliminary syntactic sketch of Concepción Pápalo Cuicatec,"Bradley, David P.",1991,papa11,Cuicatec,grammar_sketch,syntax,yes,0,,no,no,no,bradley1991preliminary,Tepeuxila Cuicatec [cux],,
Esbozo Gramatical del Cuicateco de Tepeuxila,"Davis, Marjorie and Javier Bravo",1960,tepe13,Cuicatec,specific_topic,draft of a very small grammar sketch,yes?,0,,no,no,no,,Tepeuxila Cuicatec [cux],,
A syntactic sketch of Diuxi-Tilantongo Mixtec,"Kuiper, Albertha and Oram, Joy",1991,tila11~diux11,Mixtec,grammar_sketch,,yes,0,,no,no,no,kuiper1991syntactic,Diuxi-Tilantongo Mixtec [xtd],,
"Vocabulario de palabras que se relacionan con el maíz en Mixteco de Alacatlatzala, Guerrero","Anderson, Lynn",2006,alac11,Mixtec,dictionary_minimal,corn,yes,750,,yes,no,no,anderson2006vocabulario,Alacatlatzala Mixtec [mim],,
SMA lexical database,"Carrasco, Honorina",2020,asun11,Mixtec,dictionary,,yes,86,,yes,no,no,carrasco2020santa,,,
Gramática mixteca de Atatláhuca (Gramática yuhu sasau jee cahan ñayuu San Esteban Atatláhuca),"Alexander, Ruth Mary",1980,atat11,Mixtec,"pedagogical_grammar, vocabulary",,yes,600,done,yes,no,yes,alexander1980gramatica,Atatláhuca Mixtec [mib],,
Pequeño diccionario ilustrado en el mixteco de Ayutla,"Hills, Robert A.",2004,ayut11,Mixtec,dictionary,,yes,120,,yes,no,?,campos2004diccionario,Ayutla Mixtec [miy],,
"Bei den Azteken, Mixteken und Tlapaneken der Sierra Madre del Sur von Mexico","Schultze-Jena, Leonhard",1938,cahu11,Mixtec,dictionary_minimal,,yes,?,done,yes,maybe,maybe,schultze-jena1938azteken,,,
"Diccionario mixteco-español, español-mixteco (Mixteco del este de Jamiltepec, Pueblo de Chayuco)","Pensinger, Brenda J.",1974,chay11,Mixtec,dictionary,,no,1200,done,yes,yes,no,pensinger1974diccionario,Chayuco Mixtec [mih],,
Diccionario Trique de Chicahuaxtla,"Good, Claude",1979,chic12,Triqui,dictionary,,yes,1500,done,yes,yes,?,good1978diccionario,Chicahuaxtla Triqui [trs],,
Diccionario mixteco de San Juan Colorado,"Johnson, Audrey F. and Lorenzo C., Filiberto and Stark, Sharon",1986,colo11,Mixtec,dictionary,,no,1300,,yes,yes,no,campbell1986diccionario,San Juan Colorado Mixtec [mjc],,
"Diccionario ilustrado: mixteco de San Juan Colorado, distrito de Jamiltepec",,2005,colo11,Mixtec,dictionary_minimal,,no,120,,yes,no,no,,San Juan Colorado Mixtec [mjc],,
Pequeño diccionario ilustrado en el triqui de Copala,,2004,copa11,Triqui,dictionary_minimal,,no,120,,yes,no,no,,Copala Triqui [trc],,
Gramática popular del triqui de copala,"Hollenbach, Barbara E.",2008,copa11,Triqui,pedagogical_grammar,,yes,0,,yes,no,no,hollenbach2008gramatica,Copala Triqui [trc],,
SMD lexical database,Hernández & Auderset,2020,dura11,Mixtec,dictionary,,yes,834,done,yes,no,yes,hernandez2020san-martin,,,
SMF lexical database,Moisés,2020,flor12,Mixtec,dictionary,,yes,826,,yes,no,no,pending,,,
Vocabulario mixteco de San Miguel el Grande,"Dyk, Anne and Stoudt, Betty",1951,gran11,Mixtec,dictionary,,yes,3400,done,yes,yes,no,dyk1951vocabulario,San Miguel El Grande Mixtec [mig],,
SSM lexical database,"Solano, Juvenal",2020,mont12,Mixtec,dictionary,,yes,436,,yes,no,no,solano2020san-sebastian,,,
Pequeño Diccionario Ilustrado: Mixteco de Santa Lucía Monteverde,"Eberle Leuch, Martin and Vivian Eberle-Cruz",2011,mont13,Mixtec,dictionary_minimal,,no,120,,yes,no,no,solano2020verbs,Santa Lucía Monteverde Mixtec [mdv],,
Gramática popular: Mixteco del norte de Tlaxiaco,"Gittlen, Laura",2016,numi11,Mixtec,pedagogical_grammar_sketch,,no,0,,yes,no,no,gittlen2016gramatica,Northern Tlaxiaco Mixtec [xtn],,
"Diccionario cuicateco: español-cuicateco, cuicateco-español","Anderson, E. Richard and Concepción R., Hilario",1983,papa11,Cuicatec,dictionary,,yes,4400,,yes,yes,no,anderson1983diccionario,Santa María Pápalo Cuicatec = Tepeuxila Cuicatec [cux],,
Pequeño diccionario ilustrado en el mixteco de Magdalena Peñasco,,2004,pena11,Mixtec,dictionary_minimal,,no,120,,yes,no,no,,Magdalena Peñasco Mixtec [xtm],,
Mendoza dictionary,"Mendoza, Gabriel",2020,pied12,Mixtec,dictionary,,yes,716,,yes,no,no,mendoza2020piedra,,,
observaciones,Swanton & Mendoza Ruiz,2020,prom01~alco11,Mixtec,reconstruction,tone,yes,86,,yes,no,no,swanton2020observaciones,,,
Proto-Mixtecan,"Longacre, Robert E.",1957,prot01~prom01,"Triqui, Mixtec, Cuicatec",reconstruction,"reconstruction, historical",no,pending,,yes,?,?,longacre1957proto-mixtecan,Chicahuaxtla Triqui [trs],,
TLH dictionary,"Reyes Basurto, Griselda",2020,tlah11,Mixtec,dictionary,,yes,905,,yes,no,no,reyes-basurto2020tlahuapa,,,
"Diccionario básico del Mixteco de Xochapa, Guerrero","Johnson, Audrey F. and González de Guzmán, Benita and Stark, Sharon",2013,xoch11,Mixtec,dictionary,,yes,1000,,yes,?,no,gonzalez-de-guzman2013diccionario,Alcozauca Mixtec [xta],,
"Diccionario ilustrado: Mixteco de Xochapa, Mpio. de Alcozauca, Gro.",,2004,xoch11,Mixtec,dictionary_minimal,,no,120,,yes,no,no,,Alcozauca Mixtec [xta],,
"Diccionario básico del mixteco de Yosondúa, Oaxaca","Farris, Kathryn",2002,yoso11,Mixtec,dictionary,,no,1100,,yes,yes,no,farris2012diccionario,Yosondúa Mixtec [mpm],,
"Diccionario mixteco de San Andrés Yutatio, Tezoatlán, Oaxaca, volumen 1: A-M","Williams, Judith and Torres Benavides, Liborio and Ojeda M., Gerardo",2003,yuta13,Mixtec,dictionary,,yes,4400,,yes,yes,no,williams2017diccionario,Tezoatlán Mixtec [mxb],,
"Gramática popular del mixteco del municipio de Tezoatlán, San Andrés Yutatío, Oaxaca","Ferguson de Williams, Judith",2007,yuta13,Mixtec,pedagogical_grammar,,yes,0,,yes,no,yes,williams2007gramatica,Tezoatlán Mixtec [mxb],,
"Gramática popular del tacuate (mixteco) de Santa María Zacatepec, Oaxaca",Douglas Towne,2011,zaca11,Mixtec,pedagogical_grammar,,no,0,,yes,no,no,towne2011gramatica,Mixteco de Zacatepec-Oaxaca [mza],,
A Grammar of Chalcatongo Mixtec,"Macaulay, Monica Ann",1996,chal11,Mixtec,grammar,,yes,1400,,yes,yes,yes,macaulay1990grammar,"San Miguel El Grande Mixtec [mig] (computerized assignment from ""chalcatongo"")",,
"Trique: San Juan Copala, Oaxaca","Hollenbach, Bruce E. and Hollenbach, Barbara E.",1975,copa11,Triqui,grammar_sketch,,yes,500,,yes,no,no,,Copala Triqui [trc],,
Gramática del mixteco de Magdalena Peñasco (Sa'an Ñuu Savi),Elena Erickson de Hollenbach,2013,pena11,Mixtec,grammar/pedagogical grammar,,no,0,,yes,no,no,hollenbach2013gramatica,Mixteco de Magdalena Peñasco = Mixtec-Magdalena Peñasco [xtm],,
"Mixteco: Santa María Peñoles, Oaxaca","Daly, John P. and Daly, Margaret H.",1977,peno11,Mixtec,grammar_sketch,,yes,250,done,yes,?,?,daly1977mixteco,Peñoles Mixtec [mil],,
Grammatical Patterns of Silocayoapan Mixtec through Sentence Level (Includes Noun Phrases),"Shields, Jäna K.",1970,sila11,Mixtec,grammar_sketch,,?,pending,,yes,no,?,\citelalt{shields1970grammatical},Silacayoapan Mixtec [mks],,unavailable
El Cuicateco,"Belmar, Francisco ",1902,tepe03,Cuicatec,"grammar_sketch, vocabulary",,no,pending,,yes,?,?,belmar1902el-cuicateco,Tepeuxila Cuicatec [cux],,
Arte en lengua Mixteca,"de los Reyes, Antonio",1593,tepo01,Mixtec,grammar_sketch,,no,?,,yes,no,no,reyes1890arte,Mainly Teposcolula perhaps Diuxi-Tilantongo Mixtec [xtd],,
Dr. Swadesh=s LISTA DIArchivo General de la NaciónOSTICA in the San Andrés Teotilalpam dialect of Cuicateco,"Anderson, E. Richard",1958,?,Cuicatec,dictionary_minimal,,,0,,,,,,"Tepeuxila Cuicatec [cux] (computerized assignment from ""cuicateco"")",,unavailable
Two studies of Mixtec languages,"McKendry, Inga",2001,?,Mixtec,grammar_sketch,"nasalization, text",,0,,,,,,"Mitlatongo Mixtec [vmm], Southeastern Nochixtlán Mixtec [mxy]",,unavailable
Translating nouns into the Cuicateco language,"Davis, Marjorie",1952,?,Cuicatec,pedagogical_material,,,0,,,,,,Tepeuxila Cuicatec [cux],https://archive.org/stream/arteenlenguamixt00reye/arteenlenguamixt00reye_djvu.txt,
A tone orthography for Trique,"Longacre, Robert E.",1953,?,Triqui,pedagogical_material,literacy,,0,,,,,,Chicahuaxtla Triqui [trs],,
Translating from FL Cuicateco to TL English,"Davis, Marjorie",1954,?,Cuicatec,pedagogical_material,,,0,,,,,,Tepeuxila Cuicatec [cux],,
The importance of naturalness in literacy materials,"Hollenbach, Barbara E.",1972,?,Triqui,pedagogical_material,literacy,,0,,,,,,Copala Triqui [trc],,
Five phonemic pitch levels in Trique,"Longacre, Robert E.",1952,?,Triqui,specific_topic,tone,,0,,,,,,Chicahuaxtla Triqui [trs],NA,
Rejoinder to Hamp's 'Componential restatement of syllable structure in Trique',"Longacre, Robert E.",1955,?,Triqui,specific_topic,syllable structure,,0,,,,,,Chicahuaxtla Triqui [trs],,
Trique tone morphemics,"Longacre, Robert E.",1959,?,Triqui,specific_topic,tone,,0,,,,,,Chicahuaxtla Triqui [trs],,
From parallel-nominal to patronominal: changing Cuicatec personal names,"Hunt, Robert and Eva Hunt and Roberto Weitlaner",1966,?,Cuicatec,specific_topic,names,,0,,,,,,"Tepeuxila Cuicatec [cux] (computerized assignment from ""cuicatec"")",,
Kinship and territorial fission in the Cuicatec highlands,"Hunt, Eva",1976,?,Cuicatec,specific_topic,kinship,,0,,,,,,"Tepeuxila Cuicatec [cux] (computerized assignment from ""cuicatec"")",,
Some Trique grammatico-lexical characteristics: a world view?,"Longacre, Robert E.",1991,?,Triqui,specific_topic,,,0,,,,,,Chicahuaxtla Triqui [trs],,
Left shifts in strongly VSO languages,"Longacre, Robert E. ",1995,?,Triqui,specific_topic,syntax,,0,,,,,,"Chicahuaxtla Triqui [trs], Jur Luwo = Luwo [lwo]",,
Cue weight in the perception of Trique glottal consonants,"DiCanio, Christian T.",2014,?,Triqui,specific_topic,phonetics,,0,,,,,,San Martín Itunyoso Triqui [trq],,
Tracing the emergence of inflectional tone in Cuicatec,Timothy Feist and Enrique L. Palancar,2016,?,Cuicatec,specific_topic,tone,,0,,,,,,Santa María Pápalo Cuicatec = Tepeuxila Cuicatec [cux],,
Familia >mixteco-zapotecana=; cuicatecos,"Basauri, Carlos",1940,?,Cuicatec,,,,0,,,,,,"Tepeuxila Cuicatec [cux] (computerized assignment from ""cuicatecos"")",,unavailable
"Phonology and morphophonemics of the Mixtec of Alacatlazala, Guerrero","Zylstra, Carol F.",1980,alac11,Mixtec,specific_topic,"phonology, tone",,0,done,,,,zylstra1980phonology,Alacatlatzala Mixtec [mim],,
You can say that again: Repetition in Alacatlatzala Mixtec,"Anderson, Lynn",1993,alac11,Mixtec,specific_topic,discourse?,,0,,,,,,Alacatlatzala Mixtec [mim],,
Los pronombres honoríficos del mixteco: reflejo de la historia social del pueblo mixteco,"Hollenbach, Barbara E.",2003,amol11~mont13~atat11~ocot11~gran11~chay11~alac11~pino13~caca11~ayut11~coat11~colo11~sila11~yoso11~tezo11~jami11~metl11~alco11~teit11~pena11~,Mixtec,specific_topic,pronouns,,0,,,,,,Magdalena Peñasco Mixtec [xtm],,
Paradigma del verbo 'correr' en el mixteco de San Cristóbal Amoltepec,"Hollenbach, Barbara E.",2006,amol12,Mixtec,specific_topic,verbs,,0,,,,,,Magdalena Peñasco Mixtec [xtm],,
Concordancia del idioma mixteco de Atatlahuca,Instituto Lingüístico de Verano,1972,atat11,Mixtec,dictionary,,,0,,,,,,"Atatláhuca Mixtec [mib] (computerized assignment from ""atatlahuca"")",,unavailable
A comparison of two Mixtec tonemic systems,"Mak, Cornelia",1953,atat11~gran11,Mixtec,specific_topic,tone,,0,done,,,,,"Metlatónoc Mixtec [mxv] (computerized assignment from ""tonemic""), Atatláhuca Mixtec [mib], San Miguel El Grande Mixtec [mig]",,
Estudio comparativo de dos dialectos mixtecos,"Mak, Cornelia",1961,atat11~gran11,Mixtec,specific_topic,historical,,0,,,,,,"Atatláhuca Mixtec [mib], San Miguel El Grande Mixtec [mig]",,
Mixtec medical beliefs and practices,"Mak, Cornelia",1959,atat11~ocot11~gran11,Mixtec,specific_topic,ethnographic,,0,,,,,,"Atatláhuca Mixtec [mib], Ocotepec Mixtec [mie], San Miguel El Grande Mixtec [mig]",,
Phonology and Morphophonemics of Ayutla Mixtec,"Pankraz, Leo and Eunice V. Pike",1967,ayut11,Mixtec,specific_topic,"phonology, tone",,0,done,,,,,Ayutla Mixtec [miy],,
"Ayutla Mixtec, just in case","Hills, Robert A. and William R. Merrifield",1974,ayut11,Mixtec,specific_topic,case,,0,,,,,,Ayutla Mixtec [miy],,
Ayutla Mixtec kinship terms,"Pankratz, Leo",1981,ayut11,Mixtec,specific_topic,kinship,,0,,,,,,"Ayutla Mixtec [miy] (computerized assignment from ""ayutla"")",,
Focus in Mixtecan languages,Barbara E. Hollenbach,1991,ayut11~ocot11~jica11~peno11~gran11~yoso11~jami11~chal11~diux11~tila11~moli11~sila11~coat11~tezo11~alac11,Mixtec~Triqui~Cuicatec,specific_topic,"discourse, focus",,0,,,,,,"Ayutla Mixtec = Ayutla Mixtec [miy], Copala Trique = Copala Triqui [trc], Yosondúa = Yosondúa Mixtec [mpm], San Miguel el Grande = San Miguel El Grande Mixtec [mig], Diuxi = Diuxi-Tilantongo Mixtec [xtd], Ocotepec = Ocotepec Mixtec [mie], Atatlahuca = Atatláhuca Mixtec [mib], Coatzospan = Coatzospan Mixtec [miz], Jamiltepec = Jamiltepec Mixtec [mxt], Chicahuaxtla Trique = Chicahuaxtla Triqui [trs], Cuicatec Concepción Pápalo = Tepeuxila Cuicatec [cux], Peñoles = Peñoles Mixtec [mil], Alacatzala = Alacatlatzala Mixtec [mim], Chalcatongo = Mixtec-San Miguel el Grande [mig], Molinos = Mixtec-San Miguel el Grande [mig], Silacayoapan = Silacayoapan Mixtec [mks], San Rafael = Mixtec-Metlatónoc [mxv], Jicaltepec",,
Sain Sau: Introducción al Mixteco de Chalcatongo,"Pérez Jiménez, Gabina Aurora",1988,chal11,Mixtec,specific_topic,overview,,0,,,,,\citealt{perez-jimenez1988sain},"San Miguel El Grande Mixtec [mig] (computerized assignment from ""chalcatongo"")",,unavailable
Preliminaries to tonemic and tonomechanical analysis for the Chalcatongo dialect of Mixtec,"Faraclas, Nicholas",1983,chal11,Mixtec,specific_topic,tone,,0,,,,,,"Metlatónoc Mixtec [mxv] (computerized assignment from ""tonemic"")",,
The use of body-part terms as locatives in Chalcatongo Mixtec,"Brugman, Claudia",1983,chal11,Mixtec,specific_topic,body parts,,0,,,,,,"San Miguel El Grande Mixtec [mig] (computerized assignment from ""chalcatongo"")",,
Aspects of Chalcatongo Mixtec Tonal Sandhi,"Brugman, Claudia",1986,chal11,Mixtec,specific_topic,tone,,0,,,,,,"San Miguel El Grande Mixtec [mig] (computerized assignment from ""chalcatongo"")",,
Morphology and Cliticization in Chalcatongo Mixtec,"Macaulay, Monica Ann",1987,chal11,Mixtec,specific_topic,morphosyntax,,0,,,,,,Mixtec San Miguel el Grande [mig],,
The plural word in Chalcatongo Mixtec,"Macaulay, Monica Ann",1989,chal11,Mixtec,specific_topic,plural,,0,,,,,,"San Miguel El Grande Mixtec [mig] (computerized assignment from ""chalcatongo"")",,
A Summary of Chalcatongo Mixtec Tone in Nominal Compounds,"Meacham, Michael",1990,chal11,Mixtec,specific_topic,tone,,0,,,,,,"San Miguel El Grande Mixtec [mig] (computerized assignment from ""chalcatongo"")",,
Negation and Mood in Mixtec: Evidence from Chalcatongo,"Macaulay, Monica Ann",1990,chal11,Mixtec,specific_topic,verbs,,0,,,,,,"San Miguel El Grande Mixtec [mig] (computerized assignment from ""chalcatongo"")",,
Argument Status and Constituent Structure in Chalcatongo Mixtec,"Macaulay, Monica Ann",1993,chal11,Mixtec,specific_topic,morphosyntax,,0,,,,,,"San Miguel El Grande Mixtec [mig] (computerized assignment from ""chalcatongo"")",,
Some eastern Jamiltepec Mixtec phrase constructions,"Pensinger, Brenda and Larry Lyman",1975,chay11,Mixtec,specific_topic,phrase structure,,0,,,,,,Chayuco Mixtec [mih],,
"Trique clause and sentence: a study in contrast, variation, and distribution","Longacre, Robert E.",1966,chic12,Triqui,specific_topic,clause structure,,0,,,,,,Chicahuaxtla Triqui [trs],,
Los tonos del trique en el dialecto de San Andrés Chicahuaxtla,Instituto Lingüístico de Verano,1968,chic12,Triqui,specific_topic,tone,,0,,,,,,"Chicahuaxtla Triqui [trs] (computerized assignment from ""chicahuaxtla"")",,
Chicahuaxtla Trique kinship terms,"Longacre, Robert E.",1981,chic12,Triqui,specific_topic,kinship,,0,,,,,,"Chicahuaxtla Triqui [trs] (computerized assignment from ""chicahuaxtla"")",,
Spanish loans in Chicahuaxtla Trique,"Longacre, Robert E.",2004,chic12,Triqui,specific_topic,loans,,0,,,,,,Chicahuaxtla Triqui [trs],,
Phonetics and phonology of Chicahuaxtla Triqui tones,"Matsukawa, Kosuke",2012,chic12,Triqui,specific_topic,tone,,0,,,,,,Triqui-Chicahuaxtla [trs],,
Tono y fonología segmental en el Triqui de Chicahuaxtla,"Hernández Mendoza, Fidel",2017,chic12,Triqui,specific_topic,"tone, phonology",,0,,,,,,Chicahuaxtla Triqui [trs],,
Phonetic vs. phonemic correspondence in two Trique dialects,"Hollenbach, Barbara E.",1977,chic12~copa11,Triqui,specific_topic,"phonology, historical",,0,,,,,,"Chicahuaxtla Triqui [trs], Copala Triqui [trc]",,
Coatzospan Mixtec pronouns,"Small, Priscilla",1974,coat11,Mixtec,specific_topic,pronouns,,0,,,,,,Coatzospan Mixtec [miz],,
Downstepping terrace tone in Coatzospan Mixtec,"Small, Priscilla and Eunice V. Pike",1974,coat11,Mixtec,specific_topic,tone,,0,,,,,,Coatzospan Mixtec [miz],,
Prominence and dominance in Coatzospan Mixtec narrative,"Small, Priscilla",1979,coat11,Mixtec,specific_topic,discourse,,0,,,,,,Coatzospan Mixtec [miz],,
Coatzospan Mixtec kinship terms,"Turner, Janet and Priscilla Small",1981,coat11,Mixtec,specific_topic,kinship,,0,,,,,,"Coatzospan Mixtec [miz] (computerized assignment from ""coatzospan"")",,
Topics in the Phonology and Phonetics of Coatzospan Mixtec,"Gerfen, Henry James",1996,coat11,Mixtec,specific_topic,phonology,,0,,,,,,Coatzospan Mixtec [miz],,
Phonology and Phonetics of Coatzospan Mixtec,"Gerfen, Chip",1999,coat11,Mixtec,specific_topic,phonology,,0,,,,,,Coatzospan Mixtec [miz],,
Nasalized Fricatives in Coatzospan Mixtec,"Gerfen, Chip",2001,coat11,Mixtec,specific_topic,phonology,,0,,,,,,Mixtec (Coatzospan) (autotyp: 2012 miz coat1241) = Coatzospan Mixtec [miz],,
"Análisis sintáctico del mixteco de Coatzoquitengo, Gro. Ethnolingüística, 11","Casiano Franco, Vicente Paulino",1982,coat12,Mixtec,specific_topic,syntax,,0,,,,,,"Alacatlatzala Mixtec [mim] (computerized assignment from ""coatzoquitengo""), Coatzoquitengo Mixtec = Mixtec-Alacatlatzala [mim]",,
Noun and numeral classifiers in Mixtec and Tzotzil: a referential view,"De León Pasquel, Maria de Lourdes",1988,coat12,Mixtec,specific_topic,"classifier, comparative",,0,,,,,leon-pasquel1988noun,"16th cent Mixtec of Guerrero, Coatzoquitengo Mixtec = Mixtec-Alacatlatzala [mim], Tzotzil [tzo]",,
"Fonología, morfología y sintaxis de la lengua snazia trique de San Juan de Copala","Cervantes Feria, Ivo",1970,copa11,Triqui,grammar_sketch,,,0,,,,,,"Copala Triqui [trc] (computerized assignment from ""copala"")",,unavailable
"Discourse structure, interpropositional relations, and translation","Hollenbach, Bruce E.",1975,copa11,Triqui,specific_topic,discourse,,0,,,,,,Copala Triqui [trc],,unavailable
Reduplication and anomalous rule ordering in Copala Trique,"Hollenbach, Barbara E.",1974,copa11,Triqui,specific_topic,phonology,,0,,,,,,Copala Triqui [trc],,
Tense-negation interplay in Copala Trique,"Hollenbach, Barbara E.",1976,copa11,Triqui,specific_topic,"tense, negation",,0,,,,,,Copala Triqui [trc],,
Two Copala Trique adverbs for much,"Hollenbach, Barbara E.",1976,copa11,Triqui,specific_topic,adverbials,,0,,,,,,"Copala Triqui [trc] (computerized assignment from ""copala"")",,
Reversals of Copala Trique temporal metaphors through language contact,"Hollenbach, Barbara E.",1977,copa11,Triqui,specific_topic,semantics,,0,,,,,,Copala Triqui [trc],,
nthropological Linguisticsa incorporación a la frase verbal del trique de Copala,"Hollenbach, Barbara E.",1979,copa11,Triqui,specific_topic,verbs,,0,,,,,,"Copala Triqui [trc] (computerized assignment from ""copala"")",,
A note on Copala Trique insect-bird homonyms,"Hollenbach, Barbara E.",1980,copa11,Triqui,specific_topic,vocabulary,,0,,,,,,Copala Triqui [trc],,
Copala Trique kinship terms,"Hollenbach, Barbara E.",1981,copa11,Triqui,specific_topic,kinship,,0,,,,,,"Copala Triqui [trc] (computerized assignment from ""copala"")",,
Reflexives and Reciprocals in Copala Trique,"Hollenbach, Barbara E.",1984,copa11,Triqui,specific_topic,reflexives,,0,,,,,,Trique (Copala) (autotyp: 2607 trc copa1237) = Copala Triqui [trc],,
Copala Trique tone and universal tone features,"Hollenbach, Barbara E.",1985,copa11,Triqui,specific_topic,tone,,0,,,,,,"Copala Triqui [trc] (computerized assignment from ""copala"")",,
Vowel length in Copala Trique: an abstract laryngeal analysis,"Hollenbach, Barbara E.",1985,copa11,Triqui,specific_topic,phonology,,0,,,,,,Copala Triqui [trc],,
The Asymmetrical Distribution of Tone in Copala Trique,"Hollenbach, Barbara E.",1988,copa11,Triqui,specific_topic,tone,,0,,,,,,Copala Triqui [trc],,
Semantic and syntactic extensions of Copala Trique body-part nouns,"Hollenbach, Barbara E.",1990,copa11,Triqui,specific_topic,semantics,,0,,,,,,Copala Triqui [trc],,
Covert transitive-intransitive verb pairs in Copala Trique,"Hollenbach, Barbara E.",1997,copa11,Triqui,specific_topic,verbs,,0,,,,,,Copala Triqui [trc],,
La descripción fonológica de la lengua Mixteca de San Juan Dikiyú y sus implicaciones para la escritura,"Santos Reyes, Jovito",2011,diqu11,Mixtec,specific_topic,phonology,,0,,,,,,Mixtec San Jan Dikiyú = Mixtec San Juan Diquiyú = Mixtec-Tezoatlán [mxb],,
Verbos de movimiento en el mixteco de Diuxi,"Kuiper, Albertha and William R. Merrifield",1973,diux11,Mixtec,specific_topic,verbs semantics,,0,,,,,,Diuxi-Tilantongo Mixtec [xtd],,
Personal pronouns in Diuxi Mixtec,"Kuiper, Albertha and Velma Pickett",1974,diux11,Mixtec,specific_topic,pronouns,,0,,,,,,Diuxi-Tilantongo Mixtec [xtd],,
Diuxi Mixtec Verbs of Motion and Arrival,"Kuiper, Albertha and William R. Merrifield",1975,diux11,Mixtec,specific_topic,verbs semantics,,0,,,,,,Diuxi-Tilantongo Mixtec [xtd],,
Stress and tone in the phonology of Diuxi Mixtec,"Pike, Eunice V. and Joy Oram",1976,diux11,Mixtec,specific_topic,tone,,0,done,,,,,Diuxi-Tilantongo Mixtec [xtd],,
Notes on Diuxi Mixtec tone,"Daly, John P.",1978,diux11,Mixtec,specific_topic,tone,,0,,,,,,Diuxi-Tilantongo Mixtec [xtd],,
Diuxi Mixtec kinship terms,"Oram, Joy",1981,diux11,Mixtec,specific_topic,kinship,,0,,,,,,"Diuxi-Tilantongo Mixtec [xtd] (computerized assignment from ""diuxi"")",,
A sketch of Mixtec grammar,"Oram, Joy",1970,diux11~tila11,Mixtec,grammar_sketch,,,0,,,,,,Diuwi [xtd],,unavailable
"Leamos mixteco, cartilla de transición, Mixteco de San Juan Diuxi y Santiago Tilantongo","Oram, Joy",1979,diux11~tila11,Mixtec,pedagogical_material,,,0,,,,,,"Diuxi-Tilantongo Mixtec [xtd] (computerized assignment from ""tilantongo;diuxi"")",,
La inteligibilidad interdialectal en México: resultados de algunos sondeos,Steven Egland and Doris Bartholomew and Saúl Cruz Ramos,1983,general,Mixtec,specific_topic,comparative,,0,,,,,,"Western Sola de Vega = Amoltepec Mixtec [mbz], Yololtepec geographically matches Tacahua Mixtec [xtt]",,
El estado actual de los estudios de las lenguas Mixtecanas y Zapotecanas,Thomas C. Smith Stark,1994,general,Mixtec,specific_topic,comparative,,0,,,,,,"Tlazoyaltepec Mixtec [mqh], Juxtlahuaca Mixtec [vmc], Tamazola Mixtec [vmx], Soyaltepec Mixtec [vmq], Chigmecatitlán Mixtec [mii], Cuyamecalco Mixtec [xtu], Santa Marla Yolotepec geographically matches Tacahua Mixtec [xtt], Sindihui Mixtec [xts], San Miguel Piedras Mixtec [xtp], Yoloxochitl Mixtec [xty], Chazumba Mixtec [xtb], Apasco-Apoala Mixtec [mip], Tijaltepec Mixtec [xtl], Sinicahua Mixtec [xti], Western Juxtlahuaca Mixtec [jmx], Yutanduchi Mixtec [mab], Santa María Zacatepec Mixtec [mza], Tidaá Mixtec [mtx], Tututepec Mixtec [mtu], Yucuañe Mixtec [mvg], Huitepec Mixtec [mxs], Eastern Highland Chatino [cly], San Agustín Mixtepec Zapotec [ztm], Lapaguía-Guivini Zapotec [ztl], Santa Catarina Albarradas Zapotec [ztn], Southern Rincon Zapotec [zsr], El Alto Zapotec [zpp], Lachiguiri Zapotec [zpa], Zaniza Zapotec [zpw], Asunción Mixtepec Zapotec [zoo], Zaachila Zapotec [ztx], Xadani Zapotec [zax], Santa Inés Yatzechi Zapotec [zpn], Tejalapan Zapotec [ztt], Tabaa Zapotec [zat], Yautepec Zapotec [zpb], Petapa Zapotec [zpe], Mazaltepec Zapotec [zpy]",,
Cambios en la forma y el significado debidos a la posicion de los morfemas en la frase: analisis de un texto mixteco,"Pike, Kenneth L.",1944,gran11,Mixtec,specific_topic,morphosyntax,,0,,,,,,San Miguel El Grande Mixtec [mig],,
A problem in morphology-syntax division,"Pike, Kenneth L.",1945,gran11,Mixtec,specific_topic,morphosyntax,,0,,,,,,San Miguel El Grande Mixtec [mig],,
Tone puns in Mixteco,"Pike, Kenneth L.",1945,gran11,Mixtec,specific_topic,tone,,0,,,,,,San Miguel El Grande Mixtec [mig],,
Another Mixteco tone pun,"Pike, Kenneth L.",1946,gran11,Mixtec,specific_topic,tone,,0,,,,,,San Miguel El Grande Mixtec [mig],,
The flea: melody types and perturbations in a Mixteco song,"Pike, Kenneth L.",1946,gran11,Mixtec,specific_topic,music,,0,,,,,,San Miguel El Grande Mixtec [mig],,
Mixteco: Complex Phonemes,"Stark, Donald S.",1947,gran11,Mixtec,specific_topic,phonology,,0,,,,,,San Miguel El Grande Mixtec [mig],,
A unique tone perturbation in Mixteco,"Mak, Cornelia",1950,gran11,Mixtec,specific_topic,tone,,0,,,,,,San Miguel El Grande Mixtec [mig],,
A Mixtec lime oven,"Pike, Kenneth L.",1980,gran11,Mixtec,specific_topic,ethnographic,,0,,,,,,San Miguel El Grande Mixtec [mig],,
The floating tone in San Miguel el Grande Mixtec,"Brown, Becky",1985,gran11,Mixtec,specific_topic,tone,,0,,,,,,"San Miguel El Grande Mixtec [mig] (computerized assignment from ""grande and miguel"")",,
"Contrastive paragraph types in a procedural discourse of the Mixtec of San Miguel el Grande, Oax., Mexico","Pike, Evelyn G.",1991,gran11,Mixtec,specific_topic,discourse,,0,,,,,,San Miguel El Grande Mixtec [mig],,
"Variant orders of nuclear and marginal clause constituents in Mixtec of San Miguel el Grande, Mexico","Pike, Evelyn G.",1995,gran11,Mixtec,specific_topic,discourse,,0,,,,,,San Miguel El Grande Mixtec [mig],,
"Quotation formulas of San Miguel el Grande Mixtec: Their structure, distribution and function","Pike, Evelyn G.",1996,gran11,Mixtec,specific_topic,discourse,,0,,,,,,San Miguel El Grande Mixtec [mig],,
The amplification clause root in San Miguel El Grande Mixtec,"Pike, Evelyn G.",2001,gran11,Mixtec,specific_topic,morphosyntax,,0,,,,,,San Miguel El Grande Mixtec [mig],,
The historical source of an irregular Mixtec tone-sandhi pattern,"Hollenbach, Barbara E.",2003,gran11~pena11,Mixtec,specific_topic,"tone, historical",,0,,,,,,"Magdalena Peñasco Mixtec [xtm], San Miguel El Grande Mixtec [mig]",,
Gramática popular de la lengua mixteca del sur de Puebla,"Vásquez Peralta, Rodrigo",1997,GROUP,Mixtec,pedagogical_grammar,,,0,,,,,,,,unavailable
"Manual para la enseñanza de la lecto-escritura en lengua mixteca, Tlaxiaco oeste, Oaxaca","Guzmán, Pablo Hipólito, Luis A. López Chávez and Albertano Guzmán Guzmán",1985,GROUP,Mixtec,pedagogical_material,,,0,,,,,,"Northern Tlaxiaco Mixtec [xtn] (computerized assignment from ""tlaxiaco"")",,
"Manual para la enseñanza de la lecto-escritura en lengua mixteca, Tlaxiaco Sur, Oaxaca","Cruz, Juan de Dios and Juan de Dios Ortiz Cruz",1985,GROUP,Mixtec,pedagogical_material,,,0,,,,,,"Northern Tlaxiaco Mixtec [xtn] (computerized assignment from ""tlaxiaco"")",,
"Manual para la enseñanza de lecto-escritura en lengua mixteca, Tlaxiaco Este, Oaxaca","Reyes Bautista, Gabina and Paula Feria Barrios",1985,GROUP,Mixtec,pedagogical_material,,,0,,,,,,"Northern Tlaxiaco Mixtec [xtn] (computerized assignment from ""tlaxiaco"")",,
"Tutu sa=an nuu savi: mi libro mixteco: primer grado, Tlaxiaco Oeste, Oaxaca","Guzmán, Pablo Hipólito, Luis A. López Chávez and Albertano Guzmán Guzmán",1985,GROUP,Mixtec,pedagogical_material,,,0,,,,,,"Mixtepec Mixtec [mix] (computerized assignment from ""nuu and savi"")",,
"Tutu sa=an nuu savi: Mi libro mixteco: primer grado, Tlaxiaco Este, Oaxaca","Reyes Bautista, Gabina and Paula Feria Barrios",1985,GROUP,Mixtec,pedagogical_material,,,0,,,,,,"Mixtepec Mixtec [mix] (computerized assignment from ""nuu and savi"")",,
"Cómo escribimos en el mixteco del norte de Tlaxiaco, volumen 1: sonidos y letras",,2005,GROUP,Mixtec,pedagogical_material,,,0,,,,,,Northern Tlaxiaco Mixtec [xtn],,
Juguemos con las letras y sonidos del mixteco del norte de Tlaxiaco,,2005,GROUP,Mixtec,pedagogical_material,,,0,,,,,,Northern Tlaxiaco Mixtec [xtn],,
Cómo escribimos en el mixteco del norte de Tlaxiaco: Volumen 1: Sonidos y letras,Peter Gittlen and Laura Gittlen,2008,GROUP,Mixtec,pedagogical_material,,,0,,,,,,Northern Tlaxiaco Mixtec [xtn],,
The Indian Linguistic Stocks of Oaxaca,William H. Mechling,1912,GROUP,"Triqui, Mixtec, Cuicatec",specific_topic,comparative,,0,,,,,,"Zapoteco, San Miguel Sola (Zimatlán) = Solteco = Soltec [NOCODE_Soltec], Chatino, Mixteco, Cuicateco, San Pedro Amusgos, Chuchon, Popoloco, San Juan Copala Trike = Copala Triqui [trc], Ixcateco = Ixcatec [ixc]",,
"Dialect variations of the Mixtec and Cuicatec areas of Oaxaca, Mexico","Holland, William R.",1959,GROUP,"Cuicatec, Mixtec",specific_topic,comparative,,0,,,,,,"Tepeuxila Cuicatec [cux] (computerized assignment from ""cuicatec"")",,
"Un estudio fonológico del mixteco de Santo Domingo Huendio, Oaxaca","Becerra Roldán, Braulio",2015,heun11,Mixtec,specific_topic,phonology,,0,,,,,,Mixteco de Santo Domingo Huendio = Mixtec-Magdalena Peñasco [xtm],,
Huajuapan Mixtec phonology and morphophonemics,"Pike, Eunice V. and Cowan, John",1967,huaj11,Mixtec,specific_topic,phonology,,0,done,,,,,Cacaloxtepec Mixtec [miu],,
Nasalization in Huajuapan Mixtec,"Marlett, Stephen A.",1994,huaj11,Mixtec,specific_topic,phonology,,0,,,,,,Cacaloxtepec Mixtec [miu],,
"Clases sociales y grupos étnicos en San Antonio Huitepec, Oaxaca","Caballero Morales, Gabriel",1962,huit11,Mixtec,specific_topic,ethnographic,,0,,,,,,Huitepec Mixtec [mxs],,
"El papel del maestro en el etnocidio en San Antonio Huitepec, Oax. Etnolingüística, 20","Caballero, Juan Julian",1982,huit11,Mixtec,specific_topic,ethnographic,,0,,,,,,"Huitepec Mixtec [mxs] (computerized assignment from ""huitepec"")",,
The Phonetics and Phonology of San Martín Itunyoso Trique,"DiCanio, Christian Thomas",2008,itun12,Triqui,specific_topic,"phonology, phonetics",,0,,,,,,San Martín Itunyoso Triqui [trq],,
Illustrations of the IPA: San Martín Itunyoso Trique,"DiCanio, Christian T.",2010,itun12,Triqui,specific_topic,phonology,,0,,,,,,San Martín Itunyoso Triqui [trq],,
Coarticulation between Tone and Glottal Consonants in Itunyoso Trique,"DiCanio, Christian T.",2012,itun12,Triqui,specific_topic,tone,,0,,,,,,San Martín Itunyoso Triqui [trq],,
Cross-linguistic perception of Itunyoso Trique tone,"DiCanio, Christian T.",2012,itun12,Triqui,specific_topic,tone,,0,,,,,,San Martín Itunyoso Triqui [trq],,
Tonal classes in Itunyoso Trique person morphology,"DiCanio, Christian Thomas",2016,itun12,Triqui,specific_topic,"tone, person marking",,0,,,,,,San Martín Itunyoso Triqui [trq],,
Narrative strategies in Ixpantepec-Nieves Mixtec,"Bowen, Michael Andrew Villas Boas",2010,ixpa11,Mixtec,specific_topic,discourse,,0,,,,,,Ixpantepex-Nieves = Silacayoapan [mks],,
Aspect and mood in Jicaltepec Mixtec,Rachael A. Costello,2014,jica11,Mixtec,specific_topic,verbs,,0,,,,,,Pinotepa Nacional Mixtec [mio],,
"Las cláusulas de complemento en el tu'un²³ sa²bi³ de San Pedro Jicayán, Oaxaca","García Mejía, Griselda",2012,jica12,Mixtec,specific_topic,clause combining,,0,,,,,,Mixtec San Pedro Jicayan = Mixtec-Pinotepa Nacional [mio],,
The tonemic system of Guerrero Mixteco,"Overholt, Edward",1961,metl11,Mixtec,specific_topic,tone,,0,done,,,,,Metlatónoc Mixtec [mxv],,
The phonology of the Mixtepec dialect of Mixtec,"Pike, Eunice V. and Ibach, Thomas",1978,mixt11,Mixtec,specific_topic,phonology,,0,done,,,,,Mixtepec Mixtec [mix],,
A Phonological Sketch of the Yucunany Dialect of Mixtepec Mixtec,"Mary Paster and Beam de Azcona, Rosemary",2004,mixt11,Mixtec,specific_topic,phonology,,0,,,,,,Mixtepec Mixtec [mix],,
El parangón en San Juan Mixtepec,"Nieves, Millie",2012,mixt11,Mixtec,specific_topic,?,,0,,,,,,Mixtepec Mixtec [mix],,
Molinos Mixtec Clause Structure,"Merrifield, William R. and Stoudt, Betty J.",1967,moli11,Mixtec,specific_topic,clause structure,,0,,,,,,San Miguel El Grande Mixtec [mig],,
The Phonology And Tone Sandhi Of Molinos Mixtec,"Hunter, Georgia G. and Pike, Eunice V.",1969,moli11,Mixtec,specific_topic,"phonology, tone",,0,,,,,,San Miguel El Grande Mixtec [mig],,
The Interaction of Tone and Stress in Molinos Mixtec,"Yip, Moira",1981,moli11,Mixtec,specific_topic,tone,,0,,,,,,"San Miguel El Grande Mixtec [mig] (computerized assignment from ""molinos"")",,
Ñumí Mixtec syllable structure and morphology,"Marlett, Stephen A. and Gittlen, Laura",1985,numi11,Mixtec,specific_topic,phonology,,0,,,,,,Northern Tlaxiaco Mixtec [xtn],,
Some features of narrative discourse in Santiago Nuyoo Mixtec,"Harris, Larry R.",1995,nuyo11,Mixtec,specific_topic,discourse,,0,,,,,,Southwestern Tlaxiaco Mixtec [meh],,
The semantics and morphology of Mixtec mood and aspect,"Marlett, Stephen A. and Bickford, J. Albert",1988,nuyo11~nuxa11~tezo11,Mixtec,specific_topic,verbs semantics,,0,,,,,,"Southeastern Nochixtlán Mixtec [mxy], Southwestern Tlaxiaco Mixtec [meh], Tezoatlán Mixtec [mxb]",,
The tonal system of a third Mixtec dialect,"Mak, Cornelia",1958,ocot11,Mixtec,specific_topic,tone,,0,done,,,,,Ocotepec Mixtec [mie],,
Questions and inversion in Ocotepec Mixtec,"Eberhardt, Roy",1999,ocot11,Mixtec,specific_topic,morphosyntax,,0,,,,,,Ocotepec Mixtec [mie],,
Concordancia del idioma mixteco de Ocotepec,Instituto Lingüístico de Verano,1966,ocot11,Mixtec,dictionary,,,0,,,,,,"Ocotepec Mixtec [mie] (computerized assignment from ""ocotepec"")",,unavailable
Cuicateco phonology,"Needham, Doris and Marjorie Davis",1946,papa11,Cuicatec,specific_topic,phonology,,0,,,,,,Tepeuxila Cuicatec [cux],,
"The segmental phonology of Cuicateco of Santa María Pápalo Oaxaca, Mexico","Prewett, Joanne and Omer E. Prewett",1974,papa11,Cuicatec,specific_topic,phonology,,0,,,,,,"Tepeuxila Cuicatec [cux] (computerized assignment from ""papalo;cuicateco"")",,
El alfabeto del Mixteco de Magdalena Peñasco,"Hollenbach, Bruce and Barbara Hollenbach",2000,pena11,Mixtec,pedagogical_material,,,0,,,,,,Magdalena Peñasco Mixtec [xtm],,
El alfabeto del Mixteco de Magdalena Peñasco,"Pike, Kenneth L.",1986,pena11,Mixtec,specific_topic,ethnographic,,0,,,,,,San Miguel El Grande Mixtec [mig],,
Los números del Mixteco antiguo: Mixteco de Magdalena Peñasco,"Hollenbach, Bruce and Barbara Hollenbach",2000,pena11,Mixtec,specific_topic,numerals,,0,,,,,,Magdalena Peñasco Mixtec [xtm],,
Los pronombres del Mixteco de Magdalena Peñasco,"Hollenbach, Bruce and Barbara Hollenbach",2000,pena11,Mixtec,specific_topic,numerals,,0,,,,,,Magdalena Peñasco Mixtec [xtm],,
Los términos de parentesco en el Mixteco de Magdalena Peñasco,"Hollenbach, Bruce and Barbara Hollenbach",2000,pena11,Mixtec,specific_topic,kinship,,0,,,,,,Magdalena Peñasco Mixtec [xtm],,
Los tonos del mixteco de Magdalena Peñasco,"Hollenbach, Elena Erickson de",2004,pena11,Mixtec,specific_topic,tone,,0,,,,,,Magdalena Peñasco Mixtec [xtm],,
Paradigma del verbo 'correr' en el mixteco de Magdalena Peñasco,"Hollenbach, Barbara E.",2006,pena11,Mixtec,specific_topic,verbs,,0,,,,,,Magdalena Peñasco Mixtec [xtm],,
Paradigmas de los pronombres enclíticos del mixteco de Magdalena Peñasco,"Hollenbach, Barbara E.",2006,pena11,Mixtec,specific_topic,pronouns,,0,,,,,,Magdalena Peñasco Mixtec [xtm],,
Tone languages and language (un)awareness,"Hollenbach, Barbara E.",2007,pena11,Mixtec,specific_topic,tone,,0,,,,,,"Magdalena Peñasco Mixtec [xtm], Copala Triqui [trc]",,
Difrasismos mixtecos: del siglo XVI al siglo XXI,"Hollenbach, Barbara E.",2007,pena11~ADD,Mixtec,specific_topic,phrase structure,,0,,,,,,Magdalena Peñasco Mixtec [xtm],,"many, need to be taken from the doc itself"
Generative syntax of Mixteco,"Daly, John P.",1966,peno11,Mixtec,specific_topic,morphosyntax,,0,,,,,,Peñoles Mixtec [mil],,
A generative syntax of Peñoles Mixtec,"Daly, John P.",1973,peno11,Mixtec,specific_topic,morphosyntax,,0,,,,,,Peñoles Mixtec [mil],,
El telar precolombino de los mixtecos de Peñoles,"Daly, Margaret H.",1973,peno11,Mixtec,specific_topic,ethnographic,,0,,,,,,Peñoles Mixtec [mil],,
Los cambios tonales del Mixteco de Peñoles,"Daly, John P.",1973,peno11,Mixtec,specific_topic,tone,,0,,,,,,Peñoles Mixtec [mil],,
Tone sandhi and rule ordering in Peñoles Mixtec,"Daly, John P.",1973,peno11,Mixtec,specific_topic,tone,,0,,,,,,"Peñoles Mixtec [mil] (computerized assignment from ""penoles"")",,
Peñoles Mixtec kinship terms,"Daly, John P.",1981,peno11,Mixtec,specific_topic,kinship,,0,,,,,,"Peñoles Mixtec [mil] (computerized assignment from ""penoles"")",,
Phonetic Interpretation of Tone Features in Peñoles Mixtec,"Daly, John P.",1992,peno11,Mixtec,specific_topic,tone,,0,,,,,,Peñoles Mixtec [mil],,
The role of tone sandhi in tone analysis,"Daly, John P.",1993,peno11,Mixtec,specific_topic,tone,,0,,,,,,Peñoles Mixtec [mil],,
On the Representation of Tone in Peñoles Mixtec,"Daly, John P. and Hyman, Larry M.",2007,peno11,Mixtec,specific_topic,tone,,0,,,,,,Peñoles Mixtec [peno1244],,
Preliminary Reconstruction of Proto-Trique,"Matsukawa, Kosuke",2005,prot01,Triqui,specific_topic,"reconstruction, historical",yes?,523,,,,,,Triqui-Chicahuaxtla [trs],,
"Vamos a leer y escribir en mixteco, mixteco de Silacayoapan, Oaxaca","North, Joanne and Jäna Shields",1974,sila11,Mixtec,pedagogical_material,,,0,,,,,,"Silacayoapan Mixtec [mks] (computerized assignment from ""silacayoapan"")",,
Silacayoapan Mixtec phonology,"North, Joanne and Jäna Shields",1977,sila11,Mixtec,specific_topic,phonology,,0,,,,,,Silacayoapan Mixtec [mks],,
Silacayoapan Mixtec kinship terms,"North, Joanne and Jäna Shields",1981,sila11,Mixtec,specific_topic,kinship,,0,,,,,,"Silacayoapan Mixtec [mks] (computerized assignment from ""silacayoapan"")",,
Participant tracing and prominence in Silacayoapan Mixtec,"North, Joanne",1987,sila11,Mixtec,specific_topic,discourse,,0,,,,,,Silacayoapan Mixtec [mks],,
Cuicateco: morphemics and morphophonemics,"Davis, Marjorie and Margaret Walker",1955,tepe13,Cuicatec,specific_topic,"phonology, morphosyntax",,0,,,,,,Tepeuxila Cuicatec [cux],,
Tepeuxila Cuicatec kinship terms,"Davis, Marjorie",1981,tepe13,Cuicatec,specific_topic,kinship,,0,,,,,,"Tepeuxila Cuicatec [cux] (computerized assignment from ""cuicatec"")",,
Teutila Cuicatec kinship,"Anderson, E. Richard",1962,teut11,Cuicatec,specific_topic,kinship,,0,,,,,,"Tepeuxila Cuicatec [cux] (computerized assignment from ""cuicatec"")",,
Teutila Cuicatec kinship terms,"Anderson, E. Richard",1981,teut11,Cuicatec,specific_topic,kinship,,0,,,,,,"Tepeuxila Cuicatec [cux] (computerized assignment from ""cuicatec"")",,
Motion and arrival verbs in Tezoatlán Mixtec and their use in the Gospel of Mark,"Williams, John L.",1991,tezo11,Mixtec,specific_topic,verbs,,0,,,,,,Mixtec-Tezoatlán [mxb],,
Four conjunctions in Tezoatlan Mixtec,"Williams, John L.",1993,tezo11,Mixtec,specific_topic,clause combining,,0,,,,,,Tezoatlán Mixtec [mxb],,
Fronting of noun and adverb phrases in Mixtec of Tezoatlán,"Williams, Judith",1993,tezo11,Mixtec,specific_topic,syntax,,0,,,,,,Tezoatlán Mixtec [mxb],,
Tezoatlán Mixtec motion and arrival verbs,"Williams, John L.",1996,tezo11,Mixtec,specific_topic,verbs,,0,,,,,,"Tezoatlán Mixtec [mxb] (computerized assignment from ""tezoatlan"")",,
Grammatical encoding of participants in Mixtec of Tezoatlán,"Williams, Judith",2008,tezo11,Mixtec,specific_topic,morphosyntax,,0,,,,,,Tezoatlán Mixtec [mxb],,
The fronting of noun and adverb phrases in Mixtec of Tezoatlán,"Williams, Judith",2008,tezo11,Mixtec,specific_topic,clause structure,,0,,,,,,Tezoatlán Mixtec [mxb],,
"Mixtec numerals from Santiago Tilantongo, Oaxaca","Butterworth, Douglas",1963,tila11,Mixtec,specific_topic,numerals,,0,,,,,,"Diuxi-Tilantongo Mixtec [xtd] (computerized assignment from ""tilantongo"")",,
Los datos del mixteco de Tututepec en Belmar (1902),"Sullivant, J. Ryan ",2015,tutu11,Mixtec,specific_topic,historical,,0,,,,,,Tututepec = Mixtec-Tututepec [mtu],,
"Análisis morfosintáctico de la estructura oracional del Mixteco de Yoloxóchitl, Guerrero","Guadalupe Joaquina, Amadeo",2007,yolo11,Mixtec,specific_topic,discourse,,0,,,,,,Yoloxochitl Mixtec [xty],,
"Descripción fonológica segmental y tonal del Mixteco de Yoloxóchitl, Guerrero","García, Rey Castillo",2007,yolo11,Mixtec,specific_topic,phonology,,0,,,,,,Yoloxochitl Mixtec [xty],,
"Frases útiles en mixteco y en español, Santiago Yosondúa, Oaxaca","Martínez Cruz, Juventino e Isidoro Santiago Ojeda",1980,yoso11,Mixtec,pedagogical_material,,,0,,,,,,"Yosondúa Mixtec [mpm] (computerized assignment from ""yosondua"")",,
Yosondua Mixtec kinship terms,"Farris, Edwin R.",1981,yoso11,Mixtec,specific_topic,kinship,,0,,,,,,"Yosondúa Mixtec [mpm] (computerized assignment from ""yosondua"")",,
"Clases sociales y grupos étnicos en Yosondúa. Etnolingüística, 34","García Santiago, Eduardo",1982,yoso11,Mixtec,specific_topic,ethnographic,,0,,,,,,"Yosondúa Mixtec [mpm] (computerized assignment from ""yosondua"")",,
"Sandhi tonal en el mixteco de Yucuquimi de Ocampo, Oaxaca","Vázquez, Octavio León",2017,yucu16,Mixtec,specific_topic,tone,,0,,,,,,Mixteco de Yucuquimi de Ocampo = Mixtec-Tezoatlán [mxb],,
Ndakua'a ndo tee ndo tu'un ndo (Aprendamos a escribir nuestro idioma),,1999,,Mixtec,pedagogical_material,,,0,,,,,,Southeastern Nochixtlán Mixtec [mxy],,
Relaciones internas del Mixteco-Trique,"Arana Osnaya, Evangelina",1959,,"Mixtec, Triqui",reconstruction,historical,,0,,,,,,"Amuzgo Ometepec, Trique Chicahuaxta, Cuicateco-Tepeuxila, Mixteco-Cuyamee = Mixtec-Cuyamecalco [xtu], Mixteco-Huitepec = Mixtec-Huitepec [mxs], Mixteco-Mechoacán",,
Proto-Mixtecan and Proto-Amuzgo-Mixtecan vocabularies: a preliminary cultural analysis,"Longacre, Robert E. and Millon, René",1961,,Mixtec~Triqui,reconstruction,"reconstruction, historical",,0,,,,,,"Chicahuaxtla Triqui [trs], San Miguel El Grande Mixtec [mig], Guerrero Amuzgo [amu]",,
Mock Spanish of a Mixteco Indian,"Pike, Kenneth L.",1945,,Mixtec,specific_topic,Spanish,,0,,,,,,San Miguel El Grande Mixtec [mig],,
A text involving inadequate Spanish of Mixteco Indians,"Pike, Kenneth L.",1947,,Mixtec,specific_topic,Spanish,,0,,,,,,San Miguel El Grande Mixtec [mig],,
Grammatical Prerequisites to Phonemic Analysis,"Pike, Kenneth L.",1947,,Mixtec,specific_topic,phonology,,0,,,,,,San Miguel El Grande Mixtec [mig],,
"Tone languages: a technique for determining the number and type of pitch contrasts in a language, with studies in tonemic substitution and fusion","Pike, Kenneth L.",1948,,Mixtec,specific_topic,tone,,0,,,,,,"Metlatónoc Mixtec [mxv] (computerized assignment from ""tonemic"")",,
"Tone languages: the nature of tonemic systems, with a technique for the analysis of their significant pitch contrasts","Pike, Kenneth L.",1948,,Mixtec,specific_topic,tone,,0,,,,,,"Metlatónoc Mixtec [mxv] (computerized assignment from ""tonemic"")",,
"Suprasegmentals in reference to phonemes of item, of process, and of relation","Pike, Kenneth L.",1967,,Mixtec,specific_topic,tone,,0,,,,,,San Miguel El Grande Mixtec [mig],,
Number names in four languages of Mexico,"Merrifield, William R.",1968,,Mixtec,specific_topic,numerals,,0,,,,,,"Chol [ctu], San Miguel El Grande Mixtec [mig], Mezquital Otomi [ote], Central Tarahumara [tar]",,
Step-up Terrace Tone in Acatlán Mixtec,"Pike, Eunice V. and Kent Wistrand",1974,,Mixtec,specific_topic,tone,,0,,,,,,Southern Puebla Mixtec [mit],,
Coordination and its implications for roots and stems of sentence and clause,"Pike, Evelyn G.",1974,,Mixtec,specific_topic,morphosyntax,,0,,,,,,San Miguel El Grande Mixtec [mig],,
On hard to teach phonological units,"Hollenbach, Barbara E.",1975,,Triqui,specific_topic,literacy,,0,,,,,,Copala Triqui [trc],,
A problem in tone analysis,"Daly, John P.",1977,,Mixtec,specific_topic,tone,,0,,,,,,Peñoles Mixtec [mil],,
Studies in Otomanguean phonology,"Merrifield, William R.",1977,,Mixtec,specific_topic,"phonology, historical",,0,,,,,,"Chiquihuitlán Mazatec [maq], San Marcos Tlalcoyalco Popoloca [pls], Peñoles Mixtec [mil], Silacayoapan Mixtec [mks], Copala Triqui [trc], San Juan Guelavía Zapotec [zab], Choapan Zapotec [zpc]",,
Dialectología mixteca: la sintaxis de las oraciones transitivas,"Josserand, Judy Kathryn",1981,,Mixtec,specific_topic,syntax,,0,,,,,,"Atoyac = Pinotepa Nacional Mixtec [mio], Jicaltepec = Pinotepa Nacional Mixtec [mio], Cristóbal = Mixtec-Magdalena Peñasco [xtm], Nutió = Mixtec-Jamiltepec [mxt], Jamiltepec = Jamiltepec Mixtec [mxt], Tepango = Mixtec-Ayutla [miy], Peras = Mixtec-Western Juxtlahuaca [jmx], Juxtlahuaca = Juxtlahuaca Mixtec [vmc], Ixpantepec = Silacayoapan [mks], Atenango = Mixtec-Silacayoapan [mks], Nuchita = Mixtec-Silacayoapan [mks], Xayacatlan B = Mixtec-Southern Puebla [mit], Jerónimo = Mixtec-Southern Puebla [mit], Cosoltepec = Mixtec-Chazumba [xtb], Tlaltempan = Mixtec-Chigmecatitlán [mii], Achiutla 17.317899 and -97.485961 closest to = Mixtec-Yucuañe [mvg], Ocotepec = Mixtec-Ocotepec [mie], Yosondúa = Mixtec-Yosondúa [mpm], Teita = San Juan Teita Mixtec [xtj], Tataltepec closest to = Mixtec-Yucuañe [mvg], Diuxi = Diuxi-Tilantongo Mixtec [xtd], Peñoles = Peñoles Mixtec [mil], Huitepec = Mixtec-Huitepec [mxs], Jaltepetongo = Mixtec-Southeastern Nochixtlán [mxy], Adequez = Mixtec-Southeastern Nochixtlán [mxy], Cántaros = Mixtec-Apasco-Apoala [mip], Apoala = Mixtec-Apasco-Apoala [mip], Jocotipac = Mixtec-Apasco-Apoala [mip], Coatzospan Mixtec [miz]",,
El valor del bilingüismo y prácticas lingüísticas en una comunidad ñuu savi en Oaxaca,"Rojas Santos, Herminia",2011,,Mixtec,specific_topic,ethnographic,,0,,,,,,Meson de Guadalupe = San Juan Mixtepec = Mixtec-Mixtepec [mix],,
